"item_code","deskripsi","qty_on_hand","min_stock","max_stock","is_critical","lokasi_rak"
"O-16725-00","3 Way Ball Valve SS304 3/4 inch c/w Pneumatic Actuator + Selenoid 24 VDC, NOCHRIDA SEJAHTERA, PT P/N : -  set","1","1","2","Ya","H-3-14"
"T-20123-00","Acquity PDA/TUV 2489/2998 Perf Main Kit (lampu HPLC); Waters; P/N 201000281; 1 pc","0","5","16","Ya","-"
"O-15554-00","AIRTIGHT DOOR MOTOR ; HALSTRUP &SAIA :GEAR MOTOR N100/SO - UFR1 - UL; SUPPLY VOLTAGE: 24VAC;FREQUENCY: 50HZ; OUTPUT TORQUE: 15NM; MOTOR SPEED: 0.5 U/MIN (R1:1000);","0","1","1","Ya","-"
"O-17376-00","Autoclave Fedegari FOF / 6 AC - Kit DN22 Valve Mod; p/n: KK000310; ; ;","8","1","10","Ya","H-3-13"
"O-50834-00","Autoclave Fedegari FOF / 6 AC - P/N. GM805664 Pressure Transducer and Mouting Par Replaces CD230046; ; ;","0","1","2","Ya","-"
"O-50697-00","Autoclave Fedegari FOF / 6 AC - P/N. KK000304-KIT RICAMBI VALV.DN16 ON-OFF","5","5","15","Ya","H-3-13"
"O-53568-00","Autoclave Fedegari FOF / 6 AC - Transition Joint RTD Sensor RTJ201 (SG-060503) PT100 4W Duplex; Radix; RTJ201-1-C-D-3-0-NA-XNA-05-00070-10-Si-PN-XXX; 1 Pc","6","2","6","Ya","-"
"O-53645-00","Autoclave Fedegari FVA2/A1 - Pressure Transducer PBMN 23 (CD230065); Baumer; -; 1 Pc","0","1","3","Ya","-"
"O-21648-00","Autoclave Fedegari FVA2/A1 NB2963AT - DN16 Modulating Valve Spare Parts; Fedegari; KK000305; 1 Pc","0","5","15","Ya","-"
"O-16731-00","Autoclave Fedegari FVA2/A1 NB2963AT - KIT Ricambi Valv. DN10 ON-OFF FEDEGARI ASIA PTE LTD P/N : KK000301 pc","0","8","16","Ya","-"
"O-16732-00","Autoclave Fedegari FVA2/A1 NB2963AT - KIT Ricambi Valv. DN10 ON-OFF FEDEGARI ASIA PTE LTD P/N : KS000025 pc","3","4","20","Ya","I-3-5"
"O-52210-00","Autoclave Fedegari FVA2/A1 NB2963AT - Level Transmitter code 15218 2m p/n: CD050024; ; ;","0","1","3","Ya","-"
"O-53441-00","Autoclave Service NA2247AU - Pressure Transducer MOD. PBMH 24; Fedegari; CD230063; 1 Pc","1","1","2","Ya","H-3-6"
"P-10387-00","Ball Valve Kuningan 3/4"" KITZ","2","2","2","Ya","S-2-7"
"P-10390-00","Ball Valve PVC 1""","6","2","4","Ya","-"
"P-10391-00","Ball Valve PVC 2""","2","2","2","Ya","-"
"P-11836-00","Ball valve PVC dia 1 1/4 inch drat","2","1","2","Ya","T-3"
"P-11837-00","Ball valve PVC dia 1 inch drat","0","1","1","Ya","-"
"O-14616-00","Black arm system for Rotating pincer pneumatic cylinder SINAR MUTIARA CAKRABUANA, PT C/N : 33661 pc","0","1","2","Ya","-"
"O-16706-00","Capping VCM200 - Coupling for Encoder NBK MST 32 - P/N : -  pc","2","1","2","Ya","A-1-3C"
"O-15566-00","CAPS HOPPER MINIMUM LOAD SENSOR ; WORLD BEAM QS18VP6LAF250Q5 LASER ADJUSTABLE FIELD","0","1","1","Ya","-"
"O-15567-00","CAPS MINIMUM LOAD SENSOR ; HIGH PRECISION OPTICAL FIBER FU-7F","0","1","1","Ya","-"
"O-15569-00","CHAMBER AIR INLET PNEUMATIC VALVE ; VP3 ;","0","0","1","Ya","-"
"O-15570-00","CHAMBER PRESSURE TRANSDUCER ; TP ;","0","0","1","Ya","-"
"O-51701-00","COIL FOR REFRIGERATION SOLENOID VALVES(DC24V)","0","1","2","Ya","-"
"O-51838-00","Compact Cylinder (w/o Non Rotating); TYPE : RP 200 016 0015; ; ;","0","1","1","Ya","-"
"P-53362-00","Contactor Schneider LC1D09M7 Coil 220 VAC; ; ;","1","1","1","Ya","E-3-8C"
"O-54127-00","Control Unit G120 CU240E-2 DP E-type safety, Sinamics; Siemens; ;","5","0","3","Ya","B-5"
"O-17030-00","cRABS Z064CR -  Treaded Three Port Seat Valve VOBG320 3/4inch G","0","1","2","Ya","-"
"O-53479-00","cRABS Z064CR - Chilled water Pump, DAB, 60150944, Three-phase pump type EVOPLUS, 80/180 XM power: 22","0","0","1","Ya","-"
"O-53461-00","cRABS Z064CR - Pressure transmitter -50/ +200 Pa output 4-20 mA 24VDC Precision: +-1%; Model: PIZ (2; ; ; 1 Pc","0","1","2","Ya","-"
"O-53194-00","cRABS z064CR - Pressure Transmitter 0-500 Pa P-Sensor/PIZ (2 wires); Steriline; 20075; 1 pc","1","1","2","Ya","B-1"
"O-53465-00","cRABS Z064CR - SENSOR PROXIMITY M12 NON FLUSH SHORT PNP NO ; DATA LOGIC; ; 204171; 1 Pc","1","1","2","Ya","-"
"O-53455-00","cRABS Z064CR - Supply Fan inverter, Ziehl Abegg Frequency converter PXDM6A; ; 24399; 1 Pc","0","1","2","Ya","-"
"O-20951-00","cRABS Z064CR - Treaded Three Port Seat Valve VOBG320 3/4inch; Steriline; 28725; 1 Pc","0","1","2","Ya","-"
"O-16658-00","Cylinder Compact ADNGF-16-15-P-A FESTO P/N : 554214 pc","2","1","2","Ya","B-2-4D"
"O-15584-00","DRY VACUUM PUMP OIL(MOBIL SHC 629A ANTIWARE SYNTHETIC GEAR OIL 150CST,4L/BARREL)","0","0","1","Ya","-"
"O-53473-00","EDM EDM1 - C.A. BLOWING VALVE ACTUATOR, Univer, 5125, DA-0051, Coil U1 3,5W 24VDC; ; 5125; 1 Pc","2","1","2","Ya","R-3-0"
"O-53474-00","EDM EDM1 - C.A. BLOWING VALVE ACTUATOR, Univer, 6869, CL-302A, Valve CL 1/8"" 3 ways 2 positions, N.C; ; 6869; 1 Pc","2","1","2","Ya","-"
"O-53456-00","EDM EDM1 - MAXIMUM LOAD AT INFEED SENSOR, Omron, E3Z-LS86, Photocell settable distances, type PNP, D; ; 5908; 1 Pc","1","1","2","Ya","-"
"O-53457-00","EDM EDM1 - Motor Starwheel - Motor TG63 0,18 kW - 4P - B5 - 230V - 50 Hz MEC63; encoder 1000 I/G Lin; ; 29274; 1 Pc","0","1","1","Ya","-"
"O-21092-00","EDM EDM1 - PNEUMATIC MEMBRANE VALVE 1/2' (DN15) 605 15 D 80 40 17 10/N 1536; -; 5189; 1 Pc","0","1","2","Ya","-"
"O-53460-00","EDM EDM1 - Pressure transmitter -100 / +100Pa output 4-20 mA 24VDC Precision: +-1% ; Model: PIZ (2 w; ; 16456; 1 Pc","1","1","2","Ya","T-3-19"
"O-53487-00","EDM EDM1 - PRESSURE TRANSMITTER; 0-10 BAR; PRECISION 0,25% FS; OUTPUT 4/20 MA, 24VDC, 2-WIRES; CONTA; GEFRAN; 16866; 1 Pc","0","1","2","Ya","-"
"O-51709-00","ELECTROVALVE 3/4GAS FF 24V DC N.C.COMPOSED BY:BODY NC 3/4 NBR FOR FLUIDS, COIL U1 5VA 24VDC ZB10A","0","1","2","Ya","-"
"O-15629-00","ENCODER ;Sick Stegmann;ABSOLUTE ENCODER A4A08192 GRAY RADIAL CONNECTOR","0","0","1","Ya","-"
"O-15586-00","EXIT LIFTING SIDE GUIDES CYLINDER ; CYLINDER D=16 STROKE=15","0","1","1","Ya","-"
"O-52430-00","Fan KDE2405PFB1-8; SUNON; ;","1","0","1","Ya","F-2"
"O-18560-00","FD Lyofast 10 - hydraulically Balanced Valve EB02-00595 Disused:CMB 20/T-N_FLUCOM Replaced by:M8596N; ; ;","1","0","1","Ya","D-2"
"O-52656-00","FD Lyofast 10 - Vacuum Regulating Valve Controller EDF23-00544 Disused:1249A Replaced by:1249B INP:4; ; ;","0","0","1","Ya","-"
"O-18559-00","FD Lyofast 10 - Vacuum Regulating Valve EB22-00710 Disused:0248A-5000SV+1249A Replaced by:MKS_0248D,; ; ;","1","0","1","Ya","D-1-14"
"O-53414-00","Fedegari FVA2/A1 - Transition joint RTD Sensor (SG-056377) PT100 4Wire, Sx, 1/3 DIN, 5x70mm, SSL, 0-150 C 10M; Radix; RTJ201-1-C-S-3-0-NA-XNA-05-0070-10-Si-PN; 1 Pc","0","2","8","Ya","-"
"O-52200-00","FESTO -  Proximity Sensor SME-8M-DS-24V-K-0,3-M8D p/n: 543861; ; ;","1","1","2","Ya","B-2-4A"
"O-51717-00","FILLING PUMPS ROTATION CLUTCH SENSOR ; DATA LOGIC; SENSOR DIA. 12MM, 10-30 VDC PNP NC, M12 CONNECTION","0","0","1","Ya","-"
"O-53484-00","Filling VFM100 - Filler Main Servo Motor G5 220V, 750W, 2.4 Nm, 3000 rpm, 204156; Omron; R88M-K75030T-BS2; 1 Pc","0","1","2","Ya","-"
"O-53458-00","Filling VFM100 - FILLING PUMPS ROTATION CLUTCH SENSOR ; DATA LOGIC; SENSOR DIA. 12MM, 10-30 VDC PNP","0","0","1","Ya","-"
"O-53485-00","Filling VFM100 - Infeed Starwheel Servo Motor G5 220V, 200W, 0.64 Nm, 3000 rpm, 204154","0","0","1","Ya","-"
"O-52884-00","Filling VFM100 - Laser Sensor World beam QS18VP6LAF250Q5 10-30 VDC; Banner; ;","3","1","2","Ya","C-2-7C"
"O-53462-00","Filling VFM100 - PROXIMITY SENSOR, DATALOGIC  M12 NON FLUSH SHORT PNP NO IS-12-D1-S2; ; 204170; 1 Pc","1","1","1","Ya","-"
"O-53463-00","Filling VFM100 - PROXIMITY SENSOR, DATALOGIC  M8 FLUSH 2X PNP NC IS-08-G2-S1; ; 204172; 1 Pc","0","1","1","Ya","-"
"O-53464-00","Filling VFM100 - SENSOR NO 10-30 VDC, 200MA; NITROGEN POST-GAS  FLOW CHECK SENSOR; ; 202196; 1 Pc","1","1","1","Ya","-"
"O-53459-00","Filling VFM100 - Vacuum pump Motor, Becker, D80 B4 P, Vacuum pump type VT 4.16 50/60Hz","0","0","1","Ya","-"
"O-53478-00","Filling VFM100 - Vacuump pump Vane balde; VT 4.16; Becker; 90134700007; 1 Pack","1","1","1","Ya","-"
"T-25454-00","Filter Flag, 2998, Classic; Waters; 700003767;","0","1","8","Ya","-"
"O-15594-00","FLOWMETER + REGULATOR PRE GAS/POST GAS; ASA","0","1","2","Ya","-"
"O-51677-00","Fork Sensor brand SICK type WFL80-60B416 Part No: 6036833 (Steriline No : 22179 ) SICK","1","1","2","Ya","A-3-3B"
"O-51718-00","FORK SENSOR MODEL WFL80-60B416; CONNECTOR M8 4PIN, PNP-NPN, TEACH-IN; FORK DEPTH: 60MM
 FORK HIGHT: 80MM;","0","1","2","Ya","-"
"O-19213-00","Freeze Dryer MBE1207 -  Orifice 04 for Expansi Valve TE5 067B2792; Danfoss; ;","2","2","4","Ya","D-2-9B"
"O-16984-00","Freeze Dryer MBE1207 - Butterfly Valve SS316 DN65 P/n: EB14-00067 BRAY; ; ;","2","1","2","Ya","D-3-11"
"O-16150-00","Freeze Dryer MBE1207 - Complete O-Ring/Gasket Set for main valve's below; ; 243x5.3; 100x5.3;","0","0","1","Ya","-"
"O-16982-00","Freeze Dryer MBE1207 - Diaphrapm DA008ER M4 Saunders CIPTA SOLUSI ANDALAN, PT P/N : -  pc","0","3","12","Ya","-"
"O-19214-00","Freeze Dryer MBE1207 - Expansi Valve TE 5 067B3343 R404A/R507; Danfoss; ;","2","2","4","Ya","D-2-11"
"O-17285-00","Freeze Dryer MBE1207 - Main Valve Bellow SUS316L ST105*75; ; ;","1","0","1","Ya","Sparepart"
"O-18892-00","Freeze Dryer MBE1207 - MV1161 Receiver Valve, 1/4 Inch SAE Flare 1/4 Inch NPT Direct p/n: EB15-00321; ; ;","2","0","1","Ya","D-1-12"
"O-18893-00","Freeze Dryer MBE1207 - MV1250 Angle Valve 1x3/4 Inch-12UNF 1x3/8 Inch ODF p/n:EB15-00755; BITZER; ;","2","0","1","Ya","D-1-11A"
"O-19901-00","Freeze Dryer MBE1207 - New Seat Valve Dia 36x22x7; Custom/Lokal; -; 1 pc","2","1","2","Ya","D2"
"O-52942-00","Freeze Dryer MBE1207 - Pressure Transmitter Type : 402050/000 TN: 43008803 04 bar absolute 420 mA, 2; JUMO; ;","1","1","2","Ya","D-3-4"
"O-19777-00","Freeze Dryer MBE1207 - Silicone O-ring 243x5.3 for main valve bellows; ; EB41-00314;","5","4","8","Ya","-"
"P-52767-00","Freeze Dryer MBE1207 - Solenoid Valve 5/8 Inch EVR 15 032F1228; Danfoss; ;","1","1","2","Ya","D-1-4"
"O-18890-00","Freeze Dryer MBE1207 - SV102 Valve body 032L1212(Replace the old model 032F1212) EVR6 3/8 Inch p/n:; DANFOSS; ;","1","1","2","Ya","D-4-9"
"O-52831-00","Freeze Dryer MBE1207 - SV169 MYCOM COMPLETE SOLENOLD VALVE, XOF-240V1 include valve body and coil P/; MAYEKAWA; ;","2","1","2","Ya","D-4-9"
"O-18108-00","Freeze Dryer MBE1207 - Therm.Exp.Valve TE2 R404A/R507A 068Z3403; DANFOSS; ;","2","2","4","Ya","D-2-10B"
"O-19211-00","Freeze Dryer MBE1207 - Thermal Expansi Valve TE 2 3/8 Inch (In)1/2 Inch (Out) 068Z3411; Danfoss; ;","2","2","4","Ya","D-2-10A"
"O-18916-00","Freeze Dryer MBE1207 - Valve Body S20 DN25 ANSI150 Flg BODY CI DISC:316SS STEM 316SS P/n: EB14-00063; BRAY; ;","1","1","2","Ya","D-3-9"
"O-18914-00","Freeze Dryer MBE1207 - Valve Body S20 DN40 ANSI150 Flg BODY:CI DISC:316SS Mirror finish STEM 316SS P; ; ;","2","1","2","Ya","-"
"O-18913-00","Freeze Dryer MBE1207 - Valve Body S20 DN40 ANSI150 Flg BODY:CI DISC:316SS STEM 316SS P/n: EB14-00064; BRAY; ;","4","1","2","Ya","D-3-10"
"O-15610-00","GEAR MOTOR N100/SO - UFR1 - UL; HALSTRUP SAIA ; PART NO :19475","0","1","1","Ya","-"
"O-15611-00","GEAR MOTOR N100/SO + UFR1 - UL;HALSTRUP SAIA ; PART NO :19474","0","1","2","Ya","-"
"O-16321-00","General - 2/2 Way Diaphragm Valve Metal Aseptic; SED; 207.15.7.545.51.125.SF1; 1 Pc","0","1","2","Ya","-"
"P-13388-00","General - Ball Valve 1/2inch; KITZ; -; 1 pcs","1","1","2","Ya","-"
"P-10389-00","General - Ball Valve PVC 1 1/2inch; No Brand; -; 1 pcs","0","1","2","Ya","-"
"P-11838-00","General - Ball Valve PVC 3/4inch; No Brand; -; 1 pcs","2","2","2","Ya","-"
"P-52420-00","General - Ceiling Exhaust Fan; KDK; FV-25TGU5; 1 Pc","0","1","1","Ya","-"
"P-51891-00","General - Exhaust Fan Panel 240VAC; TW; -; 1 pc","3","1","3","Ya","L3"
"O-20503-00","General - Gear Motor Rotary Tabel Washing; Bonfiglioli; VFR44 P 230 S44 B3 + BN44B 4; 1 Unit","1","0","1","Ya","-"
"O-20501-00","General - Gearbox Washing; Bonfiglioli; VF44 A 60 B5 B3; 1 Unit","1","0","1","Ya","-"
"P-18066-00","General - Hepa Filter H13 (99,95%) Size: 610 x 610 x 90; Camfil; -; 1 Pc","0","1","2","Ya","-"
"O-19343-00","General - HEPA filter H14 minipleat, size: 915x762x69 Class (EN 1822)- 99,995% MPPS; Hencolin; -; 1 Pc","2","1","2","Ya","Ruang Filter"
"O-15619-00","General - HIGH PRECISION OPTICAL FIBER 10MM WIDTH, VIALS MAXIMUM LOAD AT OUTFEED SENSOR; Keyence; FU-12; 1 Pc","0","1","1","Ya","-"
"P-13513-00","General - Magnehelic Pressure Gauges 2000-500Pa; Dwyer; -; 1 Pc","4","1","5","Ya","R-3-13"
"O-54006-00","General - MCB 1 PHASE 10 AMPERE; Schneider; -; 1 Pc","0","1","1","Ya","-"
"O-54008-00","General - MCB 1 PHASE 25 AMPERE; Schneider; -; 1 Pc","5","1","1","Ya","S-3-1"
"P-54463-00","General - MCB 4A 1Phase Domae; Schneider; DOMF01104; 1 pc","3","1","5","Ya","-"
"P-54462-00","General - MCB 6A 1Phase Domae; Schneider; DOMF01106; 1 pc","2","1","3","Ya","-"
"O-15822-00","General - MCB C60H 1 phase 1 pole 10 A; Schneider; -; 1 Pc","1","1","1","Ya","S-3-1"
"O-15820-00","General - MCB C60H 1 phase 1 pole 2 A; Schneider; -; 1 Pc","4","2","4","Ya","S-3-1"
"O-19345-00","General - Minipleat filters panel F781, size: 610x305x292 Class (EN 1822) : H14 - 99,995% MPPS; Hencolin; -; 1 Pc","2","1","2","Ya","Ruang Filter"
"O-53439-00","General - Photoelectric Fiber Sensor Head; Keyence; FU-7F; 1 Pc","1","1","2","Ya","-"
"P-52709-00","General - Pressure Transmitter TPS30-G27AR2-00; Autonics; -; 1 pc","0","1","1","Ya","-"
"O-52478-00","General - Proximity Sensor; Schmersal; BNS260-11ZG-ST-R; 1 Pc","2","1","2","Ya","B-2-7D"
"P-13370-00","General - Pulser SCR Heater Controller Wall Mounted 0-10 VD DC; Regin; 240-X010; 1 unit","0","1","3","Ya","-"
"O-53392-00","General - Safety Sensor 250mA, 3VA/W,100 VAC/DC,M12 x 1 K-ST; Schmersal; BNS 120-11Z; 1 Pc","2","1","8","Ya","-"
"O-52530-00","General - Sensor PH Meter Type : InPro3250/120/PT1000; Mettler Toledo; 52002548; 1 Pc","0","1","2","Ya","-"
"P-13650-00","General - Shut off Valve HE-2-QS-6; FESTO; P/N : 153467; 1 Pc","11","2","15","Ya","M3"
"P-14245-00","General - Shut off valve HE-2-QS-8;  FESTO; P/N : 153468; 1 Pc","13","2","15","Ya","M3"
"P-52662-00","General - Temperature Controller TK4S- 14SN 100-240 VAC; Autonics; -; 1 pc","3","1","5","Ya","F-3"
"O-51920-00","General - Temperature sensor PT100, 4 wire, class AA, Duplex, c/w 10m silicon cable; Radix; RAC241-D-10-PN; 1 Pc","0","1","6","Ya","-"
"O-19347-00","HEPA filter minipleat, size: 1220X610X93 H13; ; ;","9","1","10","Ya","Ruang Filter"
"O-19346-00","HEPA filter minipleat, size: 1220X610X93 H14; ; ;","7","1","10","Ya","Ruang Filter"
"O-19384-00","HEPA filter minipleat, size: 203x203x69 Class (EN 1822) : H14 - 99,995% MPPS; Hencolin; ;","2","1","3","Ya","-"
"O-19382-00","HEPA filter minipleat, size: 457x610x69 Class (EN 1822) : H14 - 99,995% MPPS; Hencolin; ;","2","2","4","Ya","Ruang filter"
"O-19391-00","HEPA filter minipleat, size: 610X305X93 H13; Hencolin; ;","2","1","2","Ya","Ruang Filter"
"O-19389-00","HEPA filter minipleat, size: 610X305X93 H14; Hencolin; ;","7","1","10","Ya","Ruang Filter"
"O-19390-00","HEPA filter minipleat, size: 610X610X93 H13; Hencolin; ;","46","1","2","Ya","Ruang Filter"
"O-19388-00","HEPA filter minipleat, size: 610X610X93 H14; Hencolin; ;","11","2","15","Ya","Ruang Filter"
"O-19383-00","HEPA filter minipleat, size: 762x457x69 Class (EN 1822) : H14 - 99,995% MPPS; Hencolin; ;","1","1","2","Ya","-"
"O-19344-00","HEPA filter minipleat, size: 762x610x69 Class (EN 1822) : H14 - 99,995% MPPS; ; ;","5","2","4","Ya","Ruang Filter"
"O-51875-00","HF520-EX TRANSMITTER Model HF520-EX-DBX-XX1XX, DUCT MOUNT 15 x 130 mm, HUMIDITY RANGE 0-100 %RH, NO; ; ;","1","0","1","Ya","C-1-13"
"O-15620-00","HIGH PRECISION OPTICAL FIBER SUPER TOUGH FLEX FIBERS-FU67V; VIAL CHECK AT INFEED SENSOR ;","0","1","1","Ya","-"
"P-53202-00","HVAC - Programmable RH & Temp. transmitter MF-HTT 0-100% RH dan 0-100 deg.C 24VAAC Micatrone; ; ;","1","1","1","Ya","F-1"
"P-52033-00","Inverter HVAC Drives FC-102 2,2 kw 380-480 V Danfoss; ; ;","0","1","1","Ya","-"
"O-52983-00","Inverter Power Module PM240-2 0,37KW Sinamic; Siemens; ;","0","0","1","Ya","-"
"O-52984-00","Inverter Power Module PM240-2 2,2KW Sinamic; Siemens; ;","0","1","2","Ya","-"
"O-52985-00","Inverter Power Module PM240-2 7,5KW Sinamic; Siemens; ;","0","1","2","Ya","-"
"O-51942-00","Inverter Sinamics 1,1 kw 6SL3224-0BE21-1UA0; Siemens; ;","0","0","1","Ya","-"
"O-15732-00","KEYENCE AMPLIFIER SENSOR OPTICAL FIBER PNP OUTPUT CONNECTOR M8 FU-12","0","1","1","Ya","-"
"P-53102-00","Lampu PLC 13watt/E27 Putih; Phillips; ;","0","10","50","Ya","-"
"O-15628-00","LEFT AND RIGHT PINCER ACTUATOR ; SMC :BISTABLE ELECTROVALVE - SV1200-5FU","0","2","4","Ya","-"
"O-53026-00","LKB butterfly valve,ISO2037; 316L+EPDM; weld ends: 51x1.2 + Actruator: 304 SS Spring Return, NC + MiAlfalavalFV401","2","1","2","Ya","D-4-9"
"O-53635-00","Marchesini MA155 - Inverter 1/N/PE AC 230/240V 0,37KW; Lenze; E84AVSCE3712SX0; 1 Pc","0","1","2","Ya","-"
"O-54007-00","MCB 1 PHASE, SCHNEIDER ELECTRIC, IC60H 10Ka 16 AMPERE","7","1","1","Ya","O2"
"O-54009-00","MCB 1 PHASE, SIEMENS, 2 POLE 2 AMPERE","0","1","1","Ya","-"
"O-54010-00","MCB 1 PHASE, SIEMENS, 2 POLE 4 AMPERE","0","1","1","Ya","-"
"O-54011-00","MCB 3 PHASE, SIEMENS, 2 AMPERE","0","1","1","Ya","-"
"O-15821-00","MCB Schneider C60H 1 phase 1 pole 4 A 100000A - P/N : - pc","0","1","1","Ya","-"
"P-51745-00","MCB Schneider C60H 1 phase 1 pole 6A 10000A; ; ;","0","1","1","Ya","-"
"O-15634-00","MICROSWITCH FOR PNEUMATIC CYLINDER, UNIVER, DF-220M08","0","0","0","Ya","-"
"O-14620-00","Microswitch for pneumatic cylinder; ; c/n 7821;","1","1","2","Ya","-"
"O-15635-00","MICROSWITCH FOR PNEUMATIC CYLINDER; UNIVER INLET LIFTING SIDE GUIDES CYLINDER BACKWARD POSITION SENSOR ;","0","0","0","Ya","-"
"O-53218-00","Mixing Tank - Sensor RTD 2X 100 Ohm (Duplex) with Transmitter Dia 6x81mm Mat SUS316 Class A; Custom/Lokal; -; 1 Pc","0","1","2","Ya","-"
"O-15621-00","MOTOR AND REDUCTION GEAR, BONFIGLIOLI TYPE BN63B4 0.18 KW 50HZ 1320RPM, 3PHASE","0","0","1","Ya","-"
"O-15595-00","MOTOR, BONFIGLIOLI TYPE BN63B4 0,18-0,21KW, 50-60HZ 1320RPM;","0","0","1","Ya","-"
"O-15641-00","NEEDLES LIFTING MOTOR ; LIKA ; MOTOR BRUSHLESS MODEL LIKA 31W SERIAL NO. 125101268;","0","1","1","Ya","-"
"O-51728-00","NITROGEN PRE-GAS FLOW CHECK SENSOR ; TURCK / UPROX ;SENSOR NO 10-30 VDC, 200MA","0","1","1","Ya","-"
"O-15646-00","OVERHEAT PROTECTION THERMOSTAT, JUMO ATHS-70/U; POWER: AC 230 VOLT / 10 AMP.; RANGE: 20..500?C; CONNECTION: UZ G1/2 CRNI","0","1","1","Ya","-"
"T-20055-00","PerformancePlus Check Valve Cartridge; Waters; p/n 700002399;","0","2","10","Ya","-"
"O-51750-00","PHOTOCELL SENSOR WITH REFLECTOR PZ-G62CP WITH R-5 Code: PZ-G62CP+R-5","2","1","2","Ya","B-3-3"
"O-19848-00","Pneumatic ball valve_1 inch weldedWORCESTEREDF50-00196","1","1","2","Ya","D-1-8"
"O-15652-00","PNEUMATIC MEMBRANE VALVE 1/2' (DN15); STERILINE ; PART NO :5189","0","1","2","Ya","-"
"O-51730-00","POWER SUPPLY MODULE BASE X20BM01(100-240 AC/24DC)","0","0","1","Ya","-"
"O-51821-00","Pressure transmitter -100 / +100Pa output 4-20 mA 24VDC Precision: +-1% ; Model: PIZ (2 wires); P/N; ; ;","0","1","2","Ya","-"
"O-51819-00","Pressure transmitter -50/ +200 Pa output 4-20 mA 24VDC Precision: +-1%; Model: PIZ (2 wires); P/N :; ; ;","0","1","2","Ya","-"
"O-15733-00","PRESSURE TRANSMITTER ; GEFRAN 0-10 BAR, PRECISION 0,25% FS; OUTPUT 4/20 MA, 24VDC, 2-WIRES
 AISI 316L; SERIAL NO. 12210317; CON 1 1/2 TRI-CLAMP, ELECT CON: 5-PIN - M12X1, IP67","0","1","2","Ya","-"
"O-15656-00","PRESSURE TRANSMITTER ; HALSTRUP : 0-250PA OUTPUT 4-20MA 24VDC PRECISION: +-1%; MODEL: P; SENSOR/PIZ (2 WIRES); SHEET NO. 465-01; SERIAL NO. AA072399; ;","0","1","2","Ya","-"
"O-51704-00","PRESSURE TRANSMITTER ;HALSTRUP ; 0-100PA OUTPUT 4-20 MA 24VDC PRECISION:+-1%; MODEL: P-SENSOR-PIZ (2 WIRES); SHEET NO. 466-02;SERIAL NO. AA030269;","0","0","1","Ya","-"
"O-51723-00","PROXIMITY SENSOR, DATALOGIC M12 FLUSH SHORT 2X PNP NO IS-12-G1-S2","0","1","2","Ya","-"
"O-51722-00","PROXIMITY SENSOR, DATALOGIC M12 NON FLUSH SHORT PNP NO IS-12-D1-S2","0","1","1","Ya","-"
"O-51721-00","PROXIMITY SENSOR, DATALOGIC M8 FLUSH 2X PNP NC IS-08-G2-S1","0","1","1","Ya","-"
"O-51678-00","Proximity Sensors M8, connector M12 PNP-NO, working distance 3mm 32,50 code IS-08-G1-S2, Part No : 9; ; ;","1","1","2","Ya","D1"
"O-51652-00","Safety Sensor, Type : BNS 120-11z, 250mA, 3VA/W,100 VAC/DC,M12 x 1 K-ST; ; ;","0","1","2","Ya","-"
"O-15677-00","SEAL KIT FOR VIALS UNLOADING CYLINDER ; UNIVER ; MEGNETIC CYLINDER SERIES RP DIAMETER=20 STROKE=110;","0","0","1","Ya","-"
"O-52314-00","Selenoid Valve VSNC-FC-M52-MD-G14-F8-1B2; Festo; P/n: 577295;","3","1","2","Ya","B-3-8"
"O-51746-00","SENSOR NO 10-30 VDC, 200MA; NITROGEN POST-GAS FLOW CHECK SENSOR ;","0","1","1","Ya","-"
"O-51735-00","SENSOR OPTICAL FIBER, KEYENCE PNP OUTPUT CONNECTOR M8 FS-V31CP AMPLIFIER ;","0","1","1","Ya","-"
"O-51738-00","SENSOR PROXIMITY ,SCHMERSAL ; BNS-260 FOR DOOR PART NO 14056","0","1","2","Ya","-"
"O-51740-00","SENSOR PROXIMITY M12 NON FLUSH SHORT PNP NO ; DATA LOGIC","0","1","2","Ya","-"
"O-51742-00","SENSOR SUHU 2 x PT100 (DUPLEX), Jumo type 902810/13 Dia probe 6 mm, probe lenght 150 mm, conection threaded dia 29,1 mm. range temp. -15 ~ 150 oC.","2","1","1","Ya","E-4"
"O-51743-00","SENSOR TEMPERATUR PT100 7 METER 4 WIRE PART NO :PM600083","0","1","2","Ya","-"
"P-15419-00","Sensor Turck No 10-30 VDC, 200mABi8U-Q08-AP6X2-V1131; Turck; ;","0","1","2","Ya","-"
"O-15588-00","SERVO MOTOR, OMRON G5 114V, 400W, 250HZ, 1.27 NM, 3000 RPM WITH ABSOLUTE ENCODER NO
 BRAKE","0","1","1","Ya","-"
"O-14617-00","Solenoid valve 2/2 ways NC 4,5mm; ; c/n 28582;","2","2","2","Ya","B-2-4C"
"O-52355-00","Solenoid Valve type 55B-24-PE-611JB MAC","1","1","2","Ya","A-2-5"
"O-15712-00","STOPPERS HOPPER MINIMUM LOAD SENSOR ; banner ; WORLD BEAM QS18VP6LAF250Q5 LASER ADJUSTABLE FIELD QS18VP6LAF250","0","1","2","Ya","-"
"O-15713-00","STOPPERS MINIMUM LOAD LANE 1 SENSOR ; KEYENCE ;HIGH PRECISION OPTICAL FIBER SUPER TOUGH FLEX FIBERS FU-67V","0","1","2","Ya","-"
"O-15714-00","STOPPERS MINIMUM LOAD LANE 1 SENSOR ; KEYENCE; AMPLIFIER SENSOR OPTICAL FIBER PNP OUTPUT CONNECTOR M8 FS-V31CP","0","1","2","Ya","-"
"O-52859-00","Temperature Controller - TK4S- 24RN 100-240 VAC AUTONICS; ; ;","5","1","3","Ya","F-3"
"O-51748-00","TEMPERATURE SENSOR ; JUMO 902810 /13 ; RTD temperature probe with terminal head : -15 samapai 150 ?C : SS 316L","0","0","1","Ya","-"
"O-15724-00","TRIPHASE MICROMASTER INVERTER SERIES 440 0,37KW 3AC 380-480V; PART NO :3648","0","0","1","Ya","-"
"O-52250-00","Tunnel ST1L - END Module 750-600 Wago","1","1","2","Ya","B-3-6C"
"O-53210-00","Tunnel ST1L - Fan MN-402-SV-Stainless Steel HP 0,33 - 2P -B5 - V.230/400 - RD0 Motor 63-B2 kW 0.25 +;Steriline;14519;","0","1","1","Ya","-"
"O-53208-00","Tunnel ST1L - Fan mod. MN-300 - RD0 - stainless steel HP 0.25 - 4P - B5 - V.230/400 50 Hz Motor 63-B;Steriline;23284;","0","1","1","Ya","-"
"O-53200-00","Tunnel ST1L - Gear Motor N100/So-UFR1 24Vac 50Hz 15Nm 0.5U/min (R1:1000) Metal Cover; Steriline; 19475; 1 pc","1","1","1","Ya","B-2-8A"
"O-53199-00","Tunnel ST1L - Gear Motor N100/SO-UFR1 24VAC 50Hz Torque 4Nm Speed 2 U (R1:250; Steriline; 19474; 1 pc","2","1","1","Ya","B-2"
"O-53467-00","Tunnel ST1L - OVERHEAT PROTECTION THERMOSTAT, JUMO ATHS-70/U; POWER: AC 230 VOLT / 10 AMP.; RANGE: 2; ; 15809; 1 Pc","0","1","1","Ya","-"
"O-53198-00","Tunnel ST1L - Pressure Transmitter 0-100Pa output 4-20 P-Sensor-PIZ (2 Wires); Steriline; 1667; 1 pc","1","1","1","Ya","B-1"
"O-53197-00","Tunnel ST1L - Pressure Transmitter 0-250Pa output 4-20 P-Sensor/PIZ (2 Wires); Steriline; 12320; 1 pc","1","1","1","Ya","B-1"
"O-53144-00","Tunnel ST1L - Sensor RTD 100 ohm double element With Nepple 3x150 mm 6 wire; Custom/Lokal; 0621043011; 1 Pc = 10 M","1","1","2","Ya","-"
"P-53259-00","UV Sensor PIN : 270264040; Hanovia; ;","0","1","1","Ya","-"
"O-51749-00","VIALS MAXIMUM LOAD SENSOR ; KEYENCE ; AMPLIFIER SENSOR OPTICAL FIBER PNP OUTPUT CONNECTOR M8 code: FS-V31CP;","0","1","1","Ya","-"
"O-51772-00","WAGO 750-402 4-CHANNEL DIGITAL INPUT MODULE STD PACK","1","1","2","Ya","A-2-1A"
"O-51769-00","WAGO 750-430 8-CHANNEL DIGITAL INPUT MODULE STD PACK; ; ;","1","1","1","Ya","A-3-2C"
"O-51775-00","WAGO 750-461 2-CHANNEL ANALOG INPUT MODULE STD PACK: 1EA; ; ;","0","1","1","Ya","-"
"O-51774-00","WAGO 750-472 2-CHANNEL ANALOG INPUT MODULE STD PACK","1","1","1","Ya","B-3-6A"
"O-51771-00","WAGO 750-501 2-CHANNEL DIGITAL OUTPUT MODULE STD PACK","2","1","1","Ya","B-3-4A"
"O-51768-00","WAGO 750-513 2-CHANNEL RELAY OUTPUT MODULE STD PACK; ; ;","1","1","2","Ya","B-3-5"
"O-51767-00","WAGO 750-530 8-CHANNEL DIGITAL OUTPUT MODULE STD PACK; ; ;","1","1","2","Ya","B-3-6B"
"O-51773-00","WAGO 750-550 2-CHANNEL ANALOG OUTPUT MODULE STD PACK; ; ;","1","1","2","Ya","A-3-2A"
"O-20953-00","Washing RAR4 - Compact Cylinder (w/o Non Rotating); Univer; RP 200 016 0015; 1 Pc","0","1","2","Ya","-"
"O-54176-00","Washing RAR4 - Encoder Model RD1A-P8-TI2-PB-E2-M; Lika; 125101266;","1","0","1","Ya","B-1-2"
"O-53486-00","Washing RAR4 - VIALS UNLOADING CYLINDER ; MEGNETIC CYLINDER SERIES RP100200110 DIAMETER=20 STROKE=11","0","0","1","Ya","-"
"T-20473-00","1/16"" OD SS TUBING CUTTER +3; Waters; Part No. WAT022384; 1 pc/pack","0","0","0","Tidak","-"
"Q-70084-00","10-19mm Rachet Spanner & Socket Set 23 Pc; Kennedy; KEN5823980K; pack size per set","0","0","0","Tidak","-"
"Q-70091-00","125mm/5 Inch Diagonal Pro-TorQ Cutter; Kennedy; KEN5582020K; pack size per pcs","0","0","0","Tidak","-"
"Q-10471-00","2 way control valve diameter 3/4"" c/w Actuator On-Off/220 V; REGIN ; DFCM220X; ; ;","0","0","0","Tidak","-"
"Q-70090-00","2-16mm Uninsulated Terminal Crimping Tools; Kennedy; KEN5155420K; pack size per pcs","0","0","0","Tidak","-"
"Q-70092-00","25-Drawer Small Parts Storage Cabinet; Kennedy; KEN5935120K; pack size per unit","0","0","0","Tidak","-"
"O-17810-00","25TC PTFE Diaphragm for Flush Bottom Outlet Valve NA25/25; ; ;","0","0","0","Tidak","-"
"T-20601-00","2690 Carousel/Carrier Drive Waters P/N : WAT270928 Waters WAT270928 1 pcs/pack","0","0","0","Tidak","-"
"T-20136-00","2690 SEAL PACK REBUILD PKG; Waters; c/n WAT271019;","0","1","2","Tidak","-"
"T-20219-00","2690 WASH TUBE, Waters, Part No. WAT270940, PKG (4)","0","0","0","Tidak","-"
"T-20177-00","2690/95 PERFORMANCE MAINTENANCE KIT., Waters, Part No. WAT270944","0","1","2","Tidak","-"
"Q-70095-00","30 Blade Screw Pitch Gauge 60Deg American; Kennedy; KEN5181070K; pack size per pcs","0","0","0","Tidak","-"
"Q-70089-00","4 Inch 20 Blade Metric Feeler Gauge; Kennedy; KEN5180780K; pack size per pcs","0","0","0","Tidak","-"
"P-52807-00","4"" Inline Hydrophonic Fan 0,04kw 220V; ; ;","0","0","0","Tidak","-"
"P-51529-00","5um Filter, 30"" 5um PP for PWG","0","0","0","Tidak","-"
"Q-70086-00","8x200mm Engineers Screwdriver; Kennedy; KEN5723080K; pack size per pcs","0","0","0","Tidak","-"
"T-20105-00","900 Resin Bed for TOC Sievers; ; ;","0","0","0","Tidak","-"
"T-20112-00","900 Sample pump tubing; Sievers; P/N CATU 96200; 1 pc","0","0","0","Tidak","-"
"T-20100-00","900 UV LAMP-SIEVERS 900 TOC part; SIEVERS 900; ;","0","0","0","Tidak","-"
"T-20113-00","900 UV lamp; Sievers; P/N CARK35010-01; 1 pc","0","0","0","Tidak","-"
"P-50762-00","ABC - Battery 9V HD","0","0","0","Tidak","-"
"P-10283-00","Abrasive - Amplas SS Scoth Brite 3M","0","0","0","Tidak","-"
"O-15550-00","ABSOLUT ENCODER MONOLOOP SSI, GRAY CODE, 360 TURN PULSE","0","0","0","Tidak","-"
"O-15551-00","ABSOLUT ENCODER MONOLOOP SSI; GRAY CODE, 360 TURN PULSE; MAIN ENCODER ;","0","0","0","Tidak","-"
"O-15552-00","ABSOLUTE ENCODER SSI 8192 GRAY RADIAL CONNECTOR; PART NO :202931","1","0","0","Tidak","B-2"
"P-17452-00","Ac Reflector Acrilik 1/2 - 1 PK","0","0","0","Tidak","-"
"O-52199-00","AC Semiconductor Controller RSC-AAM60 Carlo Gavazzi","0","0","0","Tidak","-"
"P-51930-00","Accu (Battery kering) 12V - 7Ah","0","0","0","Tidak","-"
"P-51784-00","Acessoris GEMU 687; Type 1215 order No. 1215000Z1110X; ; ;","0","0","0","Tidak","-"
"P-11817-00","Acrylic tebal 3 mm ukr : 1220 x 2440 mm","0","0","0","Tidak","-"
"P-11818-00","Acrylic tebal 5mm ukr : 1000 x 2000","0","0","0","Tidak","-"
"O-15553-00","ACTUATOR VALVE (FV20)","0","0","0","Tidak","-"
"T-12352-00","Adapter converter LAN to Type C with Ethernet; UGREEN; ;","0","0","0","Tidak","-"
"P-51866-00","Adaptor 220 VAC - 12 VAC 3 A","0","0","0","Tidak","-"
"P-52380-00","Adaptor AC Universal Power Supply 12VDC s/d 24VDC; ; ;","0","0","0","Tidak","-"
"Q-70168-00","Adjustable Wrench / Kunci Inggris Uk. 12 Inch; Krisbow; KW0101965; pc","0","0","0","Tidak","-"
"P-13406-00","ADJUSTABLE WRENCH SOFTGRIP 6INC; Krisbow; Part No. KW0101962;","0","0","0","Tidak","-"
"T-22174-00","AHM Board MT 50; Sotax; 3003482; unt","0","0","0","Tidak","-"
"P-54584-00","AHU - Centrifugal Duct Inline Blower 8inch; Nicotra; GCIL 200; 1 unit","0","0","0","Tidak","-"
"P-15000-00","Air Diff. Press. Switch, P/N. QBM81; ; ;","9","0","0","Tidak","L3"
"P-15001-00","Air Duct Temp. Sensor, P/N. 536-811; ; ;","0","0","0","Tidak","-"
"O-18011-00","Air Filter SMC P/N : AF40-04-A","0","0","0","Tidak","-"
"P-15850-00","AIR FLOW SWITCH PS 300 X, REGIN, 20-300 PA","0","0","0","Tidak","-"
"O-15555-00","AISI BALLS 5/32; PART NO :200042","0","0","0","Tidak","-"
"P-10342-00","Alat potong - mata gergaji","0","0","0","Tidak","-"
"Q-10489-00","AM 54 CAIRAN; ; ; Can","0","0","0","Tidak","-"
"Q-10492-00","Amplas","0","0","0","Tidak","-"
"P-15851-00","AMPLAS  EAGLE 100","17","4","6","Tidak","N3"
"O-15625-00","AMPLIFIER PNP FOR OPTICAL FIBER E32;OMRON; RESPONDING TIME: 200 MICROSECOND MAX.; POWER: 12-24VDC; CABLE LENGTH: 2000MM;","0","0","0","Tidak","-"
"O-52443-00","Analog Input 8 Channel 331-7KF02-0AB0; Siemens; ;","1","0","0","Tidak","D-2-3B"
"P-19274-00","Angle Seat Valve Type 2000-A-2-20,0-EE-RG-GM85-B-D MC13+MS74+PX51, 2/2 Ways NC; Burkert; P/N : 185356;","4","0","0","Tidak","L4"
"Q-90013-00","Apar CO2","0","0","0","Tidak","-"
"Q-10855-00","Apar Termatic Powder","0","0","0","Tidak","-"
"Q-60402-00","Aquaproof Abu Abu; Aquaproof; Type 061 Abu Abu; 20 liter/pail","0","0","0","Tidak","-"
"Q-10650-00","Aquaproof Abu-Abu @4 Kg; ; ;","0","1","5","Tidak","-"
"Q-10651-00","Aquaproof Putih @4 Kg","0","0","0","Tidak","-"
"P-53182-00","Arc tube Hanovia UV System; HANOVIA; p/n 130071 - 0320 - 01;","0","0","0","Tidak","-"
"O-16189-00","Assembling exernal drying nozzle P/N. 21029; Steriline; ;","0","0","0","Tidak","-"
"O-16188-00","Assembling external washing nozzle P/N 21025; Steriline; ;","0","0","0","Tidak","-"
"T-20215-00","ASSY PCB DEGASSER QSPI MULTI-PERS, Waters, Part No. 700002511","0","1","2","Tidak","-"
"O-18229-00","Assy Reject Station Material Pom","0","0","0","Tidak","-"
"T-20975-00","ASSY, FILTER WHEEL,ACQUITY TUV;; Waters; 700005266; 1 pcs/pack","0","0","0","Tidak","-"
"T-20201-00","ASSY,SOLVENT FILTER., Waters, Part No. WAT025531","0","2","6","Tidak","-"
"O-52868-00","Auto Switch D-A93L SMC; ; ;","2","0","0","Tidak","E-3-1D"
"O-20294-00","Autoclave - Oring 70 x 59 x 5.5 mm Viton Custom/Lokal  -","0","0","0","Tidak","-"
"O-17395-00","Autoclave Fedegari FOF / 6 AC - O-Ring 10.78x2.62; p/n. CC150169; ; ;","0","5","40","Tidak","-"
"O-17393-00","Autoclave Fedegari FOF / 6 AC - O-Ring 6.02x2.62; p/n. CC150168; ; ;","0","5","40","Tidak","-"
"O-17399-00","Autoclave Fedegari FOF / 6 AC - O-RING21.82x3.53 ; p/n CC150010; ; ;","20","5","40","Tidak","-"
"O-50831-00","Autoclave Fedegari FOF / 6 AC - P/N. CD240005 Pressure Switch PS3-AJR 0.8-1.1; ; ;","2","0","0","Tidak","E1"
"O-50698-00","Autoclave Fedegari FOF / 6 AC - P/N. KK000301-KIT Ricambi Valv. DN10 ON-OFF","0","0","0","Tidak","-"
"O-53522-00","Autoclave Fedegari FOF / 6 AC - Proximity Sensor Cylindrical; Omron; PRX-E2A-S08KS02-M5-B1; 1 Pc","1","0","0","Tidak","H-3-2"
"O-20396-00","Autoclave Fedegari FOF5/9A - Tray Pelindung Kabel 30x40x900 mm Mat. SUS304;Custom/Lokal; -;","0","0","0","Tidak","-"
"O-20297-00","Autoclave Fedegari Fva/A1 - Oring Viton OD. 15 mm, ID. 15 mm, Tebal 2 mm Custom/Lokal  -","38","0","0","Tidak","E-3-8B"
"O-51827-00","Autoclave Fedegari FVA/A1 - RTD (Resistance thermometer device) PT100 Code PM600114; ; ;","0","0","0","Tidak","-"
"O-21308-00","Autoclave Fedegari FVA2/A1 - Oring EPDM 3.7x20.8x28.2mm; Custom/Lokal; -; 1 Pc","10","0","0","Tidak","S-3-6"
"O-53605-00","Autoclave Fedegari FVA2/A1 - Proface Printer; Fedegari; GP400736; 1 pc","0","0","0","Tidak","-"
"O-54161-00","Autoclave Fedegari FVA2/A1 - Vacuum Compressor  2BV3 151-0GW02-1E; ELMO RIETSCHLE; ;","0","0","0","Tidak","-"
"O-52702-00","Autoclave Fedegari FVA2/A1 NB2963AT - AQUATEC PUMP 8883-2L01-X704 230-50 P/n: CF030259; ; ;","1","0","0","Tidak","E-3-7"
"O-18692-00","Autoclave Fedegari FVA2/A1 NB2963AT - DN10 Blind CAP P/N: PM102746; ; ;","1","1","3","Tidak","E1"
"O-18687-00","Autoclave Fedegari FVA2/A1 NB2963AT - DN10/DN16 CLAMP P/N: GM100017; ; ;","8","3","6","Tidak","E-3-14B"
"O-18693-00","Autoclave Fedegari FVA2/A1 NB2963AT - DN16 Blind CAP P/N:PM102747; ; ;","3","1","3","Tidak","E-3-5"
"O-18688-00","Autoclave Fedegari FVA2/A1 NB2963AT - DN20/DN22 CLAMP P/N: GM100067; ; ;","3","3","6","Tidak","E1"
"O-18694-00","Autoclave Fedegari FVA2/A1 NB2963AT - DN22 Blind CAP P/N: PM102748; ; ;","2","1","3","Tidak","E-3-5"
"O-18690-00","Autoclave Fedegari FVA2/A1 NB2963AT - DN48/DN50 CLAMP P/N: GM100049; ; ;","5","3","6","Tidak","E-3-4"
"O-18691-00","Autoclave Fedegari FVA2/A1 NB2963AT - DN6 Blind CAP P/N: PM101233; ; ;","3","0","0","Tidak","E1"
"O-18686-00","Autoclave Fedegari FVA2/A1 NB2963AT - DN6-8 CLAMP P/N: GM100029; ; ;","3","3","6","Tidak","E1"
"O-19077-00","Autoclave Fedegari FVA2/A1 NB2963AT - Gasket Safety Valve; ; ;","9","0","0","Tidak","-"
"P-13715-00","Autoclave Fedegari FVA2/A1 NB2963AT - Oring Viton 19 x 14 x 2.5 mm","0","0","0","Tidak","-"
"P-13714-00","Autoclave Fedegari FVA2/A1 NB2963AT - Oring Viton 29 x 22 x 3.5 mm","0","10","20","Tidak","-"
"P-13713-00","Autoclave Fedegari FVA2/A1 NB2963AT - Oring Viton 71 x 60 x 5.5 mm","0","0","0","Tidak","-"
"O-52209-00","Autoclave Fedegari FVA2/A1 NB2963AT - Safety Thermostat 169 deg C - 10K p/n: CD220008","0","0","0","Tidak","-"
"O-52211-00","Autoclave Fedegari FVA2/A1 NB2963AT - Valve Actuator 1/2 inch p/n: GM200563","0","0","0","Tidak","-"
"O-21649-00","Autoclave Fedegari FVA2/A1 NB2963AT - Water Presence Probe Kit and OR Seal; Fedegari; KK000080; 1 Pc","0","5","15","Tidak","-"
"O-52596-00","Autoclave Fedegari FVA2/A1 NB2966AT - Proface Printer GP401355","0","0","0","Tidak","-"
"O-20747-00","Autoclave FOF5/9A - Oring EPDM Model Gepeng 1.9x9.5x15 mm; Custom/Lokal; -; 1 Pc","10","0","0","Tidak","B-4"
"O-20746-00","Autoclave FOF5/9A - Oring Silicone 1.7x11x15 mm; Custom/Lokal; -; 1 Pc","8","0","0","Tidak","E-3-16A"
"O-20982-00","Autoclave FVA2/A1 - SILICONE GASKET FO-5 900X1300; Fedegari; PP600076; 1 Pc","1","1","2","Tidak","-"
"O-13062-00","AUTOCLAVE Lab Mikro - PALL Emflon Filter 0,2um p/n C3PFRP1","0","0","0","Tidak","-"
"O-21300-00","Autoclave Service NA2247AU - Kit DN20-26 Mod. FC Valve Actuator; Fedegari; KS000028; 1 Pc","3","0","0","Tidak","-"
"O-21124-00","Autoclave Service NA2247AU - O ring 15.47x3.53; Fedegari; CC150170; 1 Pc","5","5","10","Tidak","I-3-6"
"O-21125-00","Autoclave Service NA2247AU - O ring 34.52x3.53; Fedegari; CC150171; 1 Pc","5","5","10","Tidak","I-3-6"
"O-21265-00","Autoclave Service NA2247AU - Oring EPDM 3.5x69.7x76.8; Custom/Lokal; -; 1 Pc","5","0","0","Tidak","S-3-6"
"O-53442-00","Autoclave Service NA2247AU - Pressure Switch Alco Controls PS3-AJR 0.8-1 bar Assy; Fedegari; GP00045; 1 Pc","1","1","2","Tidak","-"
"P-50768-00","AUTONIC - Counter timer CT6S","1","0","0","Tidak","F-3"
"P-51426-00","Autonics - Power Supply ? SPA-075-24 ? 24VDC 3.2A","0","0","0","Tidak","-"
"O-52888-00","AUTONICS - Sensor Capacitive NPN CR18-8DN; ; ;","2","0","0","Tidak","A-2-6A"
"O-54001-00","AUXILUARY CONTACT NC SIEMENS","0","0","0","Tidak","-"
"O-15490-00","B63 Brand : Optibelt / Bando Merah; Optibelt; ;","4","0","0","Tidak","L2"
"Q-10379-00","Bak Cat","0","0","0","Tidak","-"
"P-50122-00","Balast Quitronick Osram 1x18/20/ 220 - 240V","4","1","5","Tidak","O2"
"P-15413-00","Ball Float Steam Trap 1 inch Screw BSP","0","0","0","Tidak","-"
"P-53222-00","Ball Float Steam Trap 1/2 inch connection : Screwed BSP","0","0","0","Tidak","-"
"P-53221-00","Ball Float Steam Trap 3/4 inch connection : Screwed BSP","0","0","0","Tidak","-"
"O-19521-00","Ball Valve 7/8 inch; Castel; ;","4","0","0","Tidak","D-1-6"
"P-15964-00","Ball valve kuningan 1 inch KITZ; ; ;","0","0","0","Tidak","-"
"Q-10485-00","Ball Valve Kuningan 1/2 inch Kitz; ; ;","0","0","0","Tidak","-"
"P-14976-00","Ball Valve PVC 1/2""; ; ;","0","0","0","Tidak","-"
"P-13595-00","Ball Valve Sanitary SS316 PTFE Connection:Ferrule/Triclamp 3inch","0","0","0","Tidak","-"
"P-10392-00","Ball Valve SS 1"" / 1000 WOG Sankyo","2","0","0","Tidak","L-3"
"P-10393-00","Ball Valve SS 1/2""","0","0","0","Tidak","-"
"P-10398-00","Ball Valve SS 316 1/2"" 1000 WOG SANKYO","1","0","0","Tidak","F-1"
"P-11841-00","Ball Valve SS dia. 3/4 inch","0","0","0","Tidak","-"
"P-11842-00","Ball Valve SS dia. 3/8 inch","0","0","0","Tidak","-"
"P-17675-00","Ball Valve SS304 1/2 Inch","0","0","0","Tidak","-"
"O-54002-00","BALLAST ELECTRONIC , PHILIPS, EB-C 110 TLD, 1X10W","0","0","0","Tidak","-"
"P-53174-00","Ballast Electronic EB-C 114 TL5, 1x14W; Phillips; ;","5","0","0","Tidak","A-4-1"
"P-53170-00","Ballast Electronic EB-C 128 TL5, 1x28W; Phillips; ;","2","0","0","Tidak","A-4-3A"
"P-53168-00","Ballast Electronic EB-C 136 TL5, 1x36W; Phillips; ;","0","0","0","Tidak","-"
"P-53173-00","Ballast Electronic EB-C 214 TL5, 2x14W; Phillips; ;","0","1","5","Tidak","-"
"P-53171-00","Ballast Electronic EB-C 218 TL5, 2x18W; Phillips; ;","0","1","2","Tidak","-"
"P-53169-00","Ballast Electronic EB-C 228 TL5, 2x28W; Phillips; ;","10","3","20","Tidak","A-4-2A"
"P-53167-00","Ballast Electronic EB-C 236 TL5, 2x36W; Phillips; ;","0","0","0","Tidak","-"
"P-53180-00","Ballast Hanovia UV System; HANOVIA; p/n 27010400G;","0","0","0","Tidak","-"
"P-53260-00","Ballast P/N : 270104006 Hanovia","0","0","0","Tidak","-"
"P-53218-00","Ballast PHILIPS TL-D 1x10 Watt; ; ;","0","0","0","Tidak","-"
"P-53212-00","Ballast PHILIPS TL-D 1x36 Watt","0","0","0","Tidak","-"
"P-13417-00","BALLPOINT HEX KEY L 1.5-10MM 9PCS; Krisbow; Part No. KW0101634;","0","0","0","Tidak","-"
"O-52820-00","Basic Operation Panel SINAMICS G120 6SL3255-0AA00-4CA1; Siemens; ;","4","0","1","Tidak","B-3-7"
"T-80046-00","Baterai AA; Alkaline; Isi 6pc/pck","0","0","0","Tidak","-"
"T-80047-00","Baterai AAA; Alkaline; Isi 6pc/pck","0","0","0","Tidak","-"
"O-16608-00","Baterai Airsampler Minicapt 100 s/n MC12N014","0","0","0","Tidak","-"
"Q-70026-00","Baterai Tester Micro 200 Pro; Lancol; ;","0","0","0","Tidak","-"
"T-80037-00","Batterai Size AA","0","0","0","Tidak","-"
"P-50780-00","Battery 12 V 12 AH YUASA","0","0","0","Tidak","-"
"P-50781-00","Battery 12V 18AH merk LONG","4","0","0","Tidak","G-3"
"P-51880-00","Battery 2500mAH 1.2V","0","0","0","Tidak","-"
"T-80043-00","Battery ABC Kotak 9V","0","0","0","Tidak","-"
"S-40009-00","Battery CR 2032 Maxell","0","0","0","Tidak","-"
"T-80681-00","Battery Kancing Energizer CR2032  3V Lithium; ; ;","0","0","0","Tidak","-"
"O-50994-00","Battery kering 12V 7,2AH; ; ;","1","1","3","Tidak","R-2-11"
"P-50138-00","Battery Lithium / Buffer TL-2150 size 1/2 AA","6","5","30","Tidak","G-3"
"S-40011-00","Battery Lithium 3,6 V LS 14250, Shaft","0","0","0","Tidak","-"
"P-51928-00","Battery Lithium 3V CR2477N; ; ;","1","2","10","Tidak","G-3"
"P-50026-00","Battery UPS 12460 12V 460W 9.5AH","0","0","0","Tidak","-"
"P-52477-00","Battery Walkie Talkie Motorola Type IXNN4002B, 4.8V 600 mAh; ; ;","4","0","0","Tidak","A-4-13C"
"P-18138-00","Baut Hex M5 Machining As Mat SUS 316L","0","0","0","Tidak","-"
"P-14269-00","Baut hexagonal SS M4x10mm+Mur+Ring; ; ;","0","0","0","Tidak","-"
"P-14268-00","Baut hexagonal SS M4x20mm+Mur+Ring; ; ;","0","0","0","Tidak","-"
"O-18504-00","Baut hexagonal ss M6x15mm+Mur+Ring; ; ;","0","0","0","Tidak","-"
"O-19422-00","Baut Hexagonal SS304 M4 X 30mm+Mur+Ring; ; ;","0","0","0","Tidak","-"
"O-19423-00","Baut Hexagonal SS304 M6 X 30mm+Mur+Ring; ; ;; ; ;","0","0","0","Tidak","-"
"O-20624-00","Baut L SS304 M6x10mm + Nut; ; ;","100","0","0","Tidak","-"
"P-11871-00","Baut SS countersunk M5x0.8x20 mm","0","0","0","Tidak","-"
"P-13710-00","Baut SS countersunk M6x1.0x20 mm Ring Baut","0","0","0","Tidak","-"
"P-18788-00","Baut SS Hexagon SS M6x55mm + Mur; ; ;","30","10","100","Tidak","A-1-6"
"P-17898-00","Baut SS hexagonal M12x100 mm + mur; ; ;","0","0","0","Tidak","-"
"P-11878-00","Baut SS hexagonal M6x1x20 mm +mur","0","0","0","Tidak","-"
"P-11886-00","Baut SS L countersunk  M 4x0.7x10mm + Mur","100","10","100","Tidak","S-2-11"
"O-19426-00","Baut SS L M3 x 20 mm + Mur + Ring; ; ;; ; ;","0","0","0","Tidak","-"
"O-19428-00","Baut SS L M4 x 20 mm + Mur + Ring; ; ;; ; ;; ; ;","0","0","0","Tidak","-"
"P-14249-00","Baut SS L M4 x 30 mm + Mur + Ring; ; ;; ; ;","0","0","0","Tidak","-"
"P-16136-00","Baut SS L M6 x 20 mm + Mur + Ring; ; ;; ; ;","0","0","0","Tidak","-"
"O-19425-00","Baut SS L M6 x 30 mm + Mur + Ring; ; ;; ; ;","0","0","0","Tidak","-"
"P-16137-00","Baut SS L M6 x 30 mm + Mur + Ring; ; ;; ; ;","0","0","0","Tidak","-"
"O-19432-00","Baut SS L M8 x 20 mm + Mur + Ring; ; ;; ; ;; ; ;","0","0","0","Tidak","-"
"P-10488-00","Baut SS M 6","0","0","0","Tidak","-"
"P-10489-00","Baut SS M 8","0","0","0","Tidak","-"
"P-17061-00","Baut V Sink 4 x 10 mm; ; ;","0","0","0","Tidak","-"
"P-17060-00","Baut V Sink 5 x 10 mm; ; ;","0","0","0","Tidak","-"
"O-15398-00","Bearing - 61800-2RS1 - P/N : -  pc","11","0","0","Tidak","G-2"
"O-15556-00","BEARING & COMBONENT / JOINT HEAD CF 8 M8X1,25 FEMALE; STERILINE ; PART NO :200028","0","0","0","Tidak","-"
"O-15557-00","BEARING 51104; STERILINE; PART NO :201653","0","0","0","Tidak","-"
"P-10564-00","Bearing 6000 2RS H SKF","40","10","30","Tidak","-"
"O-11109-00","Bearing 6002-2RSH","5","1","2","Tidak","C-2-2C"
"O-15019-00","Bearing 6004 H SS","5","0","0","Tidak","A-1-3A"
"P-10598-00","Bearing 61805 2RS1 SKF","5","0","0","Tidak","A-1-3C"
"O-11145-00","Bearing 6201 2Z","3","0","0","Tidak","G-2"
"O-11149-00","Bearing 6202 ZZ - P/N : -  pc","6","2","10","Tidak","G-2"
"P-10604-00","Bearing 6203 2Z SKF","10","0","0","Tidak","G-2"
"O-11154-00","Bearing 6204 2Z SKF","7","0","0","Tidak","G-2"
"O-11162-00","Bearing 6205 ZZ","7","0","0","Tidak","G-2"
"O-11166-00","Bearing 6206 ZZ","8","0","0","Tidak","G-2"
"O-11169-00","Bearing 6207ZZ","5","0","0","Tidak","G-2"
"O-11173-00","Bearing 6208 SKF","8","0","0","Tidak","G-2"
"O-18041-00","Bearing 624 ZZ; SKF; ;","22","2","5","Tidak","C-2-2A"
"O-11181-00","Bearing 626-2Z","110","10","32","Tidak","A-2-4"
"O-15558-00","BEARING ANGULAR BALL 7003 ACDGA/P4A; STERILINE ; PART NO :200245","0","0","0","Tidak","-"
"O-19861-00","Bearing Cam Follower KR16-PP-AINA","0","0","0","Tidak","-"
"O-15559-00","BEARING INA KH 1428; STERILINE : PART NO :200023","5","0","0","Tidak","C-2-2B"
"O-15560-00","BEARING INA KH 2030; STERILINE ; PART NO :200053","0","0","0","Tidak","-"
"O-15561-00","BEARING INA KH 3050; STERILINE ; PART NO :200055","0","0","0","Tidak","-"
"O-15562-00","BEARING INA NKIA5902; STERILINE PART NO :201027","0","0","0","Tidak","-"
"O-15563-00","BEARING R-4HH BRAND EZO","0","0","0","Tidak","-"
"O-15544-00","BECKER VACUUM - Medical Bacterial Filter FM70 Conn: 1/2 inch","0","0","0","Tidak","-"
"T-12078-00","Belden RJ45 Connector CAT6/Kon","0","0","0","Tidak","-"
"P-11967-00","Belt dressing ; Brand : GLOBAL ; P/N : GL-1033 ; Pack Size : pcs","3","1","3","Tidak","Flammable"
"O-17242-00","Belt HTD 720-5M-95mm + Lapisan Blue Sponge 6mm DIAN BATARA INTI, PT P/N : -  set","3","1","3","Tidak","G-2"
"P-17451-00","Belt SPA 1132 LW","0","0","0","Tidak","-"
"P-17064-00","Bench Grinder GBG 35-15 6"" Bosch; ; ;","0","0","0","Tidak","-"
"P-11968-00","Berusynt FGH Spray H1 - Bechem","5","1","5","Tidak","Flammable"
"P-13599-00","Besi Pejal SS 304 dia.10 mm","0","0","0","Tidak","-"
"P-13601-00","Besi Pejal SS 304 dia.6 mm","0","0","0","Tidak","-"
"P-11972-00","Besi siku 30x30 mm","0","0","0","Tidak","-"
"P-11974-00","Besi siku SS 304 40x40x3x6000","0","0","0","Tidak","-"
"T-21619-00","Biaya Transportasi / Insitu / Onsite kalibrasi; ; ; pcs","0","0","0","Tidak","-"
"T-80053-00","Binder CLIP 107 - 19 mm","0","0","0","Tidak","-"
"T-80054-00","Binder CLIP 111 - 25 mm","0","0","0","Tidak","-"
"T-80055-00","Binder CLIP 155 - 32 mm","0","0","0","Tidak","-"
"T-80057-00","Binder CLIP 260 - 51 mm","0","0","0","Tidak","-"
"O-20841-00","Bio Safety Cabinet - Cover Cable Instrument 1 Ukuran 0.8x1200x2400mm, Mat Plat SS304 0.33 lbr; Custom/Lokal; -; 1 Unit","0","0","0","Tidak","-"
"O-20842-00","Bio Safety Cabinet - Cover Cable Instrument 2 Ukuran 0.8x1200x2400mm, Mat Plat SS304 0.42 lbr; Custom/Lokal; -; 1 Unit","0","0","0","Tidak","-"
"O-20843-00","Bio Safety Cabinet - Cover Cable Instrument 3 Ukuran 0.8x1200x2400mm, Mat Plat SS304 0.67 lbr; Custom/Lokal; -; 1 Unit","0","0","0","Tidak","-"
"O-20983-00","Bio Safety Cabinet - Cover Timbangan Presision Balance 3x167x237, Mat. Acrylic; Custom/Lokal; -; 1 Pc","0","0","0","Tidak","-"
"P-15942-00","Blind Ferrule SUS304 1.0""; ; ;","0","0","0","Tidak","-"
"P-15943-00","Blind Ferrule SUS304 1/2""; ; ;","0","0","0","Tidak","-"
"O-19796-00","Blind Plate for Clamp KF16 SS304; ; ;","7","0","0","Tidak","D3"
"O-21154-00","Blister TR100LT - Dudukan Forming 40x10 mm, Mat. VCN; Custom /Lokal; -; 1 Pc","1","0","0","Tidak","S-2-11"
"O-21438-00","Blister TR100LT - Filter Regulator; SMC; AW30-03G-D; 1 Pc","0","0","0","Tidak","-"
"O-21153-00","Blister TR100LT - Shaft Pengunci Forming 40x163 mm, Mat. VCN; Custom /Lokal; -; 1 Pc","1","0","0","Tidak","-"
"O-21430-00","Blister TR100LT - Teflon Forming 568 ukuran 11.5x19; Custom/Lokal; ; 1 Pc","30","0","0","Tidak","-"
"O-21429-00","Blister TR100LT - Teflon Forming 5689 ukuran 9.5x19; Custom/Lokal; -; 1 Pc","30","0","0","Tidak","-"
"O-53642-00","Blister TR100LT - Universal Thermistor Temperature Sensor NTC 10K 3435; -; -; 1 Pc","0","0","0","Tidak","-"
"O-21458-00","Blistering TRL100LT - Cover Seluncur Blister Uk 56 x 235X 800 mm, Mat. SUS304; Custom/Lokal; -; 1 Pc","1","0","0","Tidak","-"
"O-53517-00","Blistering TRL100LT - Probe NTC Rubber Capsule; Novus; 8830000002; 1 Pc","0","0","0","Tidak","-"
"O-52323-00","Blower 12VDC P/n: 119494-00 AMETEK","0","0","0","Tidak","-"
"P-52640-00","Bola lampu 220 V 5 Watt for Cartoning Machine; ; ;","11","1","5","Tidak","O2"
"O-53041-00","Bola Lampu 24-30v 5-10W 16x28mm","1","0","0","Tidak","O-2"
"P-50797-00","Bola lampu 24V 5 Watt","18","1","5","Tidak","O-2"
"Q-70158-00","Bor Impact Drill GSB 600; Bosch; 06011A03K2; set","0","0","0","Tidak","-"
"T-80060-00","Box file F4 4011-01","0","0","0","Tidak","-"
"P-19235-00","Box Panel 20x17x12cm, Tebal Plat 1 mm; Lokal; ;","0","0","0","Tidak","-"
"P-17449-00","Box Panel SS304 20 x 20 x 15 cm","0","0","0","Tidak","-"
"O-19693-00","Bracket Dudukan Sensor Zometa 20 x 20 x 42 mm; Custom; ;","0","0","0","Tidak","-"
"T-30012-00","Bracket Proyektor Gantung Universal 80cm; ; ;","0","0","0","Tidak","-"
"Q-10862-00","Bracket TV Monitor LED 32-51 inch","0","0","0","Tidak","-"
"P-17040-00","Brake Fluid Prestone @300ml; ; ;","0","0","0","Tidak","-"
"O-17313-00","Breathing Circuit Filter BB50T PALL","38","0","0","Tidak","F2"
"P-17561-00","Bucket Steam Trap 1/2 inch connection : Screwed BSP","0","0","0","Tidak","-"
"Q-70159-00","Buckle CB5 Galvanized Steel 16mm; Lokal; ; pcs","0","0","0","Tidak","-"
"O-15564-00","BUSHING IGUS HFM 08 - 10 - 10; STERILINE PART NO :201202","0","0","0","Tidak","-"
"P-51840-00","Button Box 3 hole dia 22 mm; ; ;","0","0","0","Tidak","-"
"P-52665-00","Buzzer Electronic Siren PW-235; TAB; ;","2","1","2","Tidak","M-4"
"P-19081-00","Cabel Tie Mount 20 x20 mm; Sigma; ;","0","0","0","Tidak","-"
"P-19080-00","Cabel Tie Mount 30 x 30 mm; Sigma; ;","1","0","0","Tidak","N-3"
"P-19160-00","Cable Duct PVC 65 x 65 x 2900mmLokal","0","0","0","Tidak","-"
"P-13735-00","Cable Duct Round Putih 35 x 10 mm; ; ;","1","1","5","Tidak","-"
"Q-10509-00","Cable Ducting","0","0","0","Tidak","-"
"O-51873-00","Cable Glad for 15mm EX Probes, Metric Thread M25 x 1,5 Model : AC1301-MEX; ; ;","0","0","0","Tidak","-"
"O-51814-00","Cable gland for temperature probe with D15mm; 64940; ; ;","1","0","0","Tidak","C-2-5D"
"P-15437-00","CABLE SPIRAL WRAPPING, TYPE KS24, BRAND KSS; ; ;","1","2","2","Tidak","K4"
"O-53032-00","Cable Temperature Sensor Silicone 1,5m PT1000 QAP2012.150","5","0","0","Tidak","-"
"P-11990-00","Cable ties CS 100L","0","0","0","Tidak","-"
"P-11991-00","Cable ties CS 200L","0","0","0","Tidak","-"
"S-11816-00","Cable Ties Nylon reusable (Colour Black) Lenght 20cm","0","1","5","Tidak","-"
"S-40640-00","Cable Ties, 150 x 3.6 mm; SIGMA; CS 150T; Putih;100 pcs/pack","0","2","10","Tidak","-"
"S-40645-00","Cable Ties, 200 x 4.8 mm; SIGMA; CS 200L; Putih;100 pcs/pack","0","5","20","Tidak","-"
"T-22505-00","Calibration drive PCB XS; Mettler Toledo; 11106836; piece","0","0","0","Tidak","-"
"O-17988-00","Cam Follow (Idle Pin); INA; KR16-X-PP-A; pc","16","10","10","Tidak","B-3-1"
"P-52388-00","Camera Endoscope Wifi Wireles Android Kabel 5M","0","0","0","Tidak","-"
"O-15707-00","CAMFILL ABSOLUTE FILTER 1FRK - 1W; H13; EFFICIENCY: 99,99% DOP - 0,3 MICRON C/W CERTIFICATE. FRAME MATERIAL: STAINLESS STEEL; DIMENSION: 457X610X150; CLASS DIN EN 1822: SERIAL NO. 00044345112","0","1","1","Tidak","-"
"P-53209-00","CAPACITOR 3 uF, 220 V, 2 kutub; ; ;","4","3","6","Tidak","O2"
"P-52519-00","CAPACITOR 3.5 uF, 450V, 2 kutub; ; ;","4","0","0","Tidak","O2"
"P-52278-00","Capacitor 50F 250VAC 25A 5% Screw (KMT) P/N : 6R 01502010; ; ;","12","0","0","Tidak","O2"
"O-51904-00","Capasitor 50 mf 400 V; ; ;","0","0","0","Tidak","-"
"P-51743-00","Capasitor bulat 5 mF; 400 V; ; ;","0","0","0","Tidak","-"
"P-51851-00","Capasitor/Kapasitor 2 micro Farad 400 VAC; ; ; pc","5","0","0","Tidak","O2"
"Q-10662-00","Capit Udang Laci Solid","0","0","0","Tidak","-"
"O-20289-00","Capping Machine - LACI PART & TUTUP SAMPING LEMARI (Plat SS304 Uk. 0.8 dan 1.2); Custom/Lokal; -; 1 Unit","0","0","0","Tidak","-"
"O-18966-00","Capping VCM200 -  Ring Washer; ; ;","1","1","5","Tidak","-"
"O-18962-00","Capping VCM200 - Adjuster Screw Blade; ; ;","1","1","1","Tidak","-"
"O-20993-00","Capping VCM200 - Base Starwheel Uk. 413 x 185 x T :15; Custom/Lokal; -; 1 Pc","1","0","0","Tidak","-"
"O-20041-00","Capping VCM200 - Bearing NKIA5902; INA; ;","40","20","60","Tidak","A-2"
"O-18961-00","Capping VCM200 - Blade; ; ;","0","0","0","Tidak","-"
"O-19692-00","Capping VCM200 - Box Counter SS 304 130 x 150 x 165 mm; Custom; ;","1","0","0","Tidak","0"
"O-19396-00","Capping VCM200 - Bracket Dudukan Sensor; ; ;","0","0","0","Tidak","-"
"O-18963-00","Capping VCM200 - Clamp Holder; ; ;","1","1","5","Tidak","-"
"O-16757-00","Capping VCM200 - Coupling CPJ30-BL-10-10","1","0","0","Tidak","A-1-3B"
"O-19691-00","Capping VCM200 - Dudukan Sensor Counter 105 x 85 x 20 mm; Custom; ;","0","0","0","Tidak","-"
"O-53451-00","Capping VCM200 - Eco Position Indicators; Misumi; E-DSNR1-14; 1 Pc","2","0","0","Tidak","-"
"O-52336-00","Capping VCM200 - Encoder ARS60-A4A08192 10-32 VDC SICK","1","0","0","Tidak","A-3"
"O-54163-00","Capping VCM200 - Fieldline Modular Bus Coupler; Steriline; P/N 201798;","0","0","1","Tidak","-"
"O-54164-00","Capping VCM200 - Fieldline Modular Device; Steriline; P/N 202024;","1","0","1","Tidak","A-1-9D"
"O-20912-00","Capping VCM200 - Format Part 10R Uk 20x275x478; Custom/Lokal; -; 1 Pc","0","0","0","Tidak","-"
"O-20911-00","Capping VCM200 - Format Part 6R Uk 15x275x478; Custom/Lokal; -; 1 Pc","0","0","0","Tidak","-"
"O-16793-00","Capping VCM200 - Gear Material Pom Hitam","0","0","0","Tidak","-"
"O-19894-00","Capping VCM200 - Guide Starwheel Vial Pom hitam 319x329x17 mm; Custom; ;","1","1","2","Tidak","-"
"O-18964-00","Capping VCM200 - Holder; ; ;","1","1","5","Tidak","-"
"O-18120-00","Capping VCM200 - Lock Nut Cramping; ; ;","5","1","6","Tidak","-"
"O-21089-00","Capping VCM200 - Oil Seal 20x28x4mm; NBR; -; 1 Pc","1","0","0","Tidak","-"
"O-20897-00","Capping VCM200 - Oring Silicone 2.5 x 30.50 x 30.50; Custom/Lokal; -; 1 Pc","20","10","30","Tidak","A-1-1"
"O-17073-00","Capping VCM200 - Plate HARRISA CIPTARINDO ENGINEERING, CV. P/N : 307790 pc","2","1","3","Tidak","A-1-7"
"O-18344-00","Capping VCM200 - Roller trimmer D=48X18 inclination=7 for alucap D=20; ; ;","0","2","4","Tidak","-"
"O-20950-00","Capping VCM200 - Silicone Sucker 01.10.10; Steriline; 201119; 1 Pc","0","20","40","Tidak","-"
"O-21091-00","Capping VCM200 - SILICONE SUCKER 01.11.16;","0","10","40","Tidak","-"
"O-18965-00","Capping VCM200 - Spring Head; ; ;","1","1","5","Tidak","-"
"O-19862-00","Capping VCM200 - Transfer Plate material SS304Custom","20","10","23","Tidak","Not Located"
"O-18967-00","Capping VCM200 - Washer A; ; ;","1","1","5","Tidak","-"
"O-18968-00","Capping VCM200 - Washer B; ; ;","1","1","1","Tidak","-"
"O-17072-00","Capping VCM200 - Washer for Capping Rotating Plate P/n: 307842; ; ;","0","0","0","Tidak","-"
"O-21157-00","Capsul Filling Z40 - Horizontal Directional Fork with Slotted Screw; -; 4378716097 & 4390415100M; 1 Pc","0","0","0","Tidak","-"
"P-17569-00","Carbon Vanes VT4.16 BECKER","1","0","0","Tidak","A-1-5C"
"O-13799-00","Carbon Vanes VT4.40 INTIDAYA DINAMIKA SEJATI, PT P/N : -  pc","0","0","0","Tidak","-"
"O-16593-00","Carton Sealer - Cutter Blade 2inch p/n:10122","0","0","0","Tidak","-"
"O-52183-00","Carton Sealer - Fuse 10A p/n:2890043","0","0","0","Tidak","-"
"O-16596-00","Carton Sealer - Spring 0.8 x 6.8 x 32 mm p/n:C4415000","0","0","0","Tidak","-"
"O-16597-00","Carton Sealer - Spring 10.2 x 1.2 x 62.5 mm p/n:20009","0","0","0","Tidak","-"
"O-16598-00","Carton Sealer - Spring 2 x 25 x 34 mm p/n:8044","0","0","0","Tidak","-"
"O-16592-00","Carton Sealer - Spring 2.0 x 20.8 x 89 10096-1","0","0","0","Tidak","-"
"O-16591-00","Carton Sealer - Spring 2.2 x 20.8 x 89 p/n:10096-2","0","0","0","Tidak","-"
"O-16589-00","Carton Sealer - Spring 33 x 32 x 4 p/n:10141","0","0","0","Tidak","-"
"O-16595-00","Carton Sealer - Spring 8.5 x 1 x 59 mm p/n:9510299","0","0","0","Tidak","-"
"O-16594-00","Carton Sealer - Spring 8.5 x 1 x 59 mm p/n:9510300","0","0","0","Tidak","-"
"O-16590-00","Carton Sealer - Spring Front Arm Rubber Roller p/n:9510303","0","0","0","Tidak","-"
"O-15568-00","CARTRIDGE FILTER AERVENT 50 0,2 ?M TC 3/4 LOT NO. F2JA25925 S.N. 01612; REJECT VALVE 2 FILTER ;","0","0","0","Tidak","-"
"Q-60113-00","Cat Ambiance Base; Dulux; Type T914A Grey Universal; 20L/pail","0","0","0","Tidak","-"
"Q-10829-00","Cat Ambiance Lakestone 44537M Tinting; Dulux; ;","0","1","2","Tidak","-"
"Q-10655-00","Cat Anti Karat dan Anti Bocor Seiv Flinkote 007","0","0","0","Tidak","-"
"Q-60328-00","Cat Decor Acrylic Enamel DAE - 550 / Solvent Based; Propan; TEAL 5412 - Warna Biru; pack size 20 liter per pail","0","0","0","Tidak","-"
"Q-60105-00","Cat Dulux Ambiance Brilliant White; Dulux; 2290; pack size per 20L","0","1","3","Tidak","-"
"Q-10752-00","Cat Duragloss Silver Metallic;Propan;Type 9115 Silver Metallic;pack size per can","51","2","10","Tidak","-"
"Q-60405-00","Cat Durogloss DR-2000; Propan; Type Spiders Web 90YY 73/040; 0,9 L/can","0","0","0","Tidak","-"
"Q-10526-00","Cat Dustproof Propan Decor DAE 550 Peacock Blue; ; ; - TEAL-5412","0","0","0","Tidak","-"
"Q-10909-00","Cat Epoxy JOTAFLOOR TC RAL 5012 JOTUN","0","0","0","Tidak","-"
"Q-10910-00","Cat Epoxy JOTAFLOOR TC RAL 7035 JOTUN","0","0","0","Tidak","-"
"Q-10911-00","Cat Epoxy JOTAFLOOR TC SEALER CLEAR JOTUN","0","0","0","Tidak","-"
"Q-12050-00","Cat Epoxy lantai PROPAN POLYFLOOR PRIMER PFP-241 2K SB(20KG - SET); PROPAN PFP-241; ;","0","0","0","Tidak","-"
"Q-10272-00","Cat epoxy Polyfloor PFT 253 Propan","0","0","0","Tidak","-"
"Q-60117-00","Cat Epoxy PU-Crete Flowfresh MF Type Light Grey; Flowcrete; ; 20 kg/set","0","0","0","Tidak","-"
"Q-10331-00","Cat F-Talit Hella Grey KF-611 Netto : 1 kg","17","0","0","Tidak","Flammable"
"Q-60213-00","Cat F-Talit KF 125, F-Talit, Type Grass Green, pack size per 1 kg","6","0","0","Tidak","Flammable"
"Q-60234-00","Cat F-Talit KF 582, F-Talit, Type Black, pack size per 1 kg","0","0","0","Tidak","-"
"Q-60226-00","Cat F-Talit KF 731, F-Talit, Type Super White 115-00, pack size per 1 kg","0","0","0","Tidak","-"
"Q-60036-00","Cat F-Talit KF-611 / Hellay Grey / 115-611 @ 1 KG","0","0","0","Tidak","-"
"Q-10064-00","Cat Ftalit 113 Primrose @1kg","0","0","0","Tidak","-"
"Q-10581-00","Cat Ftalit 272 Antique Grey 1 Kg per Can","0","0","0","Tidak","-"
"Q-10580-00","Cat Ftalit 444 Banana Yellow; ; ; 1 Kg per Can","4","0","0","Tidak","-"
"Q-60242-00","Cat Ftalit KF-43 Permanent Red; Kansai Paint; Type 115-143 Permanent Red; pack size per 20 kg pail","1","0","0","Tidak","Flammable"
"Q-60104-00","Cat Hardtop XP PU Jotun","0","0","0","Tidak","-"
"Q-10924-00","Cat Hardtop XP RAL 5018 Turquois Blue Jotun","0","0","0","Tidak","-"
"Q-60404-00","Cat Interior Catylac; Dulux; Type Putih 1501N; 25 kg/pail","0","1","3","Tidak","-"
"Q-10629-00","Cat Lantai Light Blue BAP338 BITAFLOOR","0","0","0","Tidak","-"
"Q-10652-00","Cat Multipurpose PU Acrylic Orange 101-1 Propan","0","0","0","Tidak","-"
"Q-10523-00","Cat Nippon Paint Nippe 2000 318T; Nipon; ;","0","0","0","Tidak","-"
"Q-60063-00","Cat Pilox 102 - White","17","0","0","Tidak","Flammable"
"Q-60061-00","Cat Pilox 109 - Black","7","0","0","Tidak","Flammable"
"Q-60067-00","Cat Pilox 124 - Silver","0","0","0","Tidak","-"
"Q-12141-00","Cat Semprot Blue 312; Samurai Paint; Blue 312; 400 ml per can","0","0","0","Tidak","-"
"Q-60340-00","Cat Semprot Chrome Stainless 360ml; No Brand; ; can","0","0","0","Tidak","-"
"Q-12143-00","Cat Semprot Chrome Yellow; Samurai Paint; Chrome Yellow; 400 ml per can","0","0","0","Tidak","-"
"Q-60342-00","Cat Semprot Green Relax (V9488); Diton Premium; V9488; 400 ml","0","0","0","Tidak","-"
"Q-12142-00","Cat Semprot Grey 104; Samurai Paint; Grey 104; 400 ml per can","0","0","0","Tidak","-"
"Q-12105-00","Cat Semprot Metallic Black 1139; Samurai Paint; Metallic Black 1139; 400 ml/can","0","0","0","Tidak","-"
"Q-12150-00","Cat Semprot Scoopy Brown H391; Samurai Paint; Scoopy Brown H391; 400 ml per can","0","0","0","Tidak","-"
"Q-12140-00","Cat Semprot Signal Red 23; Samurai Paint; Signal Red 23; 400 ml per can","0","0","0","Tidak","-"
"Q-10746-00","Cat Tembok WeatherShield 40544M Day Break Dulux","0","0","0","Tidak","-"
"Q-10475-00","Cat Tembok; ; ; - Cat Dulux Ambiance Brilliant White @ 20 Ltr","0","0","0","Tidak","-"
"Q-90767-00","Cat Weathershield Day Break;Dulux;Type 40544M Day Break;pack size per 20L pail","0","0","0","Tidak","-"
"Q-10563-00","Cat Weathershield Merlin;Dulux;Type 40156M Merlin;pack size per 20L pail","0","0","0","Tidak","-"
"P-15853-00","CATRIDGE FILTER; CHINA; 5 MM","0","0","0","Tidak","-"
"P-15854-00","CATRIDGE FILTER; LOCAL; 5 MM","0","0","0","Tidak","-"
"P-12027-00","Caustic soda flake (NaOH) - NaOH flake zak @25 kg ex Tjiwi","0","0","0","Tidak","-"
"O-19911-00","CC600L Machine - Coil Evaporator Uk. 40 cm x 15 x 15, Material Tembaga; Custom/Lokal; -; 1 Unit","0","0","0","Tidak","-"
"T-80109-00","Cellotape / Lakban Kertas 1 inch warna Putih ; No Brand ; pack size per pcs","0","30","200","Tidak","-"
"T-80108-00","Cellotape Kertas 2 inch warna Putih","0","0","0","Tidak","-"
"P-17540-00","Chain Block 1 Ton x 5 Mtr","0","0","0","Tidak","-"
"P-18964-00","Check Valve Aquarium; Lokal; ;","0","0","0","Tidak","-"
"P-17052-00","Check Valve BRONZE 3/4""; ; ;","0","0","0","Tidak","-"
"P-18618-00","Chemical - Kuclean; No Brand; HL-351; 20L/can","40","20","40","Tidak","-"
"P-12029-00","Chemical - NIKKO steel Type: NS-stain clean = 1kg (stainless steel pickling gel)","5","1","3","Tidak","Flammable"
"P-17645-00","Chemical - Sodium Hiphoclorite; No Brand; -; 1 Liter","1450","450","4000","Tidak","WWTP"
"P-20914-00","Chemical - Spotcheck Cleaner; Magnaflux; SKC-S; 400ml/can","0","0","0","Tidak","-"
"P-20913-00","Chemical - Spotcheck Red Penetrant; Magnaflux; SKL-SP2; 400ml/can","0","0","0","Tidak","-"
"P-18504-00","Chemours - Freon 404A;; ; ;","2","0","0","Tidak","N1"
"O-52277-00","Chin Yen CY-1300S-N - Label Sensor; SICK; Part No. WF2-40B410;","2","0","0","Tidak","G-3"
"J-10205-02","Chlorine Test; Merck; c/n 1.14978.0001; 600 tests/pack","0","0","0","Tidak","-"
"O-54130-00","Circuit Breake For Motor Protection 3RV1011-1HA10 5.5 - 8 A; SIEMENS; ;","0","0","0","Tidak","-"
"O-54112-00","Circulator Pump UPS 32-80 N 180 1x230V 50Hz 9H GRUNDFOS p/n 95906448","0","0","0","Tidak","-"
"O-15921-00","Clamp Ferrule 1/2""; SS304; ; ;","0","0","0","Tidak","-"
"P-17867-00","Clamp Ferrule SS304 dia 2""; ; ;","3","3","5","Tidak","R-4-5"
"P-17252-00","Clamp Holder Pipa SS304 2 Inch","0","0","0","Tidak","-"
"O-16885-00","Clamp Hose Alumunium Ferrule 1 inch EN14425-3","0","0","0","Tidak","-"
"O-16886-00","Clamp Hose Alumunium Ferrule 3/4 inch EN14420-3","2","0","0","Tidak","E-2-1D"
"O-18455-00","Clamp Selang SS304 7/8"" (8-22mm); ; ;","0","0","0","Tidak","-"
"O-19798-00","Clamp Vacuum KF16 Alumunium; ; ;","10","10","20","Tidak","D-3"
"P-52488-00","Clean Phone Room SHP","0","0","0","Tidak","-"
"P-10726-00","Cleaner - Contact Cleaner CRC CO 2016; No Brand; -; 500ml/Botol","3","2","5","Tidak","Flammable"
"P-17830-00","Cleaner Stainless Stell & Polish; 3M; ;","3","2","5","Tidak","Flammable"
"T-80110-00","Clear Holder A4 Bening","0","0","0","Tidak","-"
"O-53454-00","Coating PLAB - Cooling Axial Fan 220-240V 50-60Hz 0,2-0,17A Metal; Kaku; KA1725HA2; 1 Pc","0","0","0","Tidak","-"
"O-21305-00","Coating PLAB - Directional Control Valve; SMC; VNA101A-F6A; 1 Pc","1","0","0","Tidak","-"
"O-21304-00","Coating PLAB - Inflatable Silicone Sealing Ring; ; GDA040193; 1 Pc","1","0","0","Tidak","-"
"O-21307-00","Coating PLAB - Spare Kit; SMC; VN1-4AA; ; ; 1 Pc","3","0","0","Tidak","-"
"O-21306-00","Coating PLAB - Spare Kit; SMC; VN1-A3AA; ; ; 1 Pc","3","0","0","Tidak","-"
"O-54166-00","Coil Magnet 018F0091; Danfoss; ;","0","0","0","Tidak","-"
"O-14621-00","Coil U2 11W 24VDC; Univer; c/n 5233;","4","1","2","Tidak","C-2-6"
"O-21487-00","Colamark - Bracket/Dudukan Monitor Ukuran 3x100x410 mm; Custom/Lokal; -; 1 pc","1","0","0","Tidak","-"
"O-21488-00","Colamark - Bracket/Dudukan Sensor Camera Ukuran 30x120x150mm; Custom/Lokal; -; 1 pc","1","0","0","Tidak","-"
"O-51000-00","Colamark - Print Head; Domino; EPP001359 SP; 1 Pc","0","1","1","Tidak","-"
"O-15400-00","Colamark - Side Arms kit EPT012551; Domino; SP-0076; 1 Pc","1","0","0","Tidak","H-3-4"
"O-21471-00","Colamark - Spares Full Mechanism EAS00 1023SP; Domino; SP-0078; 1 Pc","1","0","0","Tidak","-"
"P-13557-00","Color Ribbon Cassette Model: B9901AX for Recorder Yokogawa Model: SR10006; ; ;","0","0","0","Tidak","-"
"P-13414-00","COMBINATION PLIER 6INC; Krisbow; Part No. KW0101352;","0","0","0","Tidak","-"
"P-13404-00","COMBINATION WRENCH SET 6-22MM 12PCS; Krisbow; Part No. KW0100332;","0","0","0","Tidak","-"
"P-13405-00","COMBINATION WRENCH SET 6-32MM 16PCS; Krisbow; Part No. KW0100333;","0","0","0","Tidak","-"
"P-18028-00","Commercial Lockout Tagout Kit : With Lock, Breaker Lock Outs; ; ;","0","0","0","Tidak","-"
"O-17279-00","Compact Cylinder ADVULQ-20-110-P-A Festo P/n: 156102","0","0","0","Tidak","-"
"P-17027-00","Complete Gasket set for 1 1/2"" FT43-10TV; ; ;","0","0","0","Tidak","-"
"Q-10302-00","Compound / Kompon Gypsum;No Brand;;pack size 20 kg per pck","0","1","3","Tidak","-"
"O-15571-00","COMPRESSED AIR LINE FILTER; F6 ;","0","0","0","Tidak","-"
"P-51912-00","Compressor CAJ4492Y","0","0","0","Tidak","-"
"O-54168-00","Connector Cable CID408-5; Autonics; H7950000607;","2","0","0","Tidak","B-2-2"
"O-54167-00","Connector Cable CLD408-5; Autonics; H7950000609;","2","0","0","Tidak","B-2-3"
"O-51944-00","Connector Plug for Profibus,Simatic DP 6ES7972-0BB12-0XA0; Siemens; ;","0","0","0","Tidak","-"
"O-51755-00","Connector VGA male plug breakout terminal connector 15 Pin Socket VGA; ; ;","0","0","0","Tidak","-"
"P-18546-00","Constan Air Volume EN 200x100 with Flow Scale 0-600 CMH; TROX; ;","0","1","4","Tidak","-"
"P-51857-00","Contact Block SA-CBM Autonics","2","0","0","Tidak","F-2-2D"
"O-52001-00","Contactor Merk. Schneider LC1D40A 220 V","4","0","0","Tidak","M-4"
"P-53363-00","Contactor Schneider LC1D12M7 Coil 220 VAC; ; ;","10","0","0","Tidak","A-4-4A"
"P-50091-00","Contactor Telemecanique  LC1 D25 M7 220V 25A","4","0","0","Tidak","M-4"
"S-40586-00","Container Box; Claris; ;","0","0","0","Tidak","-"
"P-51908-00","Control Switch Model: S2SR-S4W2A Autonics","1","0","0","Tidak","O2"
"O-54169-00","Control Unit G120 CU250S-2 DP Integriert Sinamics; Siemens; ;","1","0","0","Tidak","B-5"
"P-52489-00","Converter Cleanphone Phone; Yeastar; ;","0","0","0","Tidak","-"
"T-12314-00","Converter USB to RS232 UC232A; ; ;","0","0","0","Tidak","-"
"Q-10784-00","Convex Mirror 80 CM (Cermin Cembung)","0","0","0","Tidak","-"
"O-52187-00","Conveyor System - Amplifier E3X-HD11 Omron","0","0","0","Tidak","-"
"O-52184-00","Conveyor System - Hub Switch TP-LINK TL-SF-1008D","0","0","0","Tidak","-"
"O-52185-00","Conveyor System - Inverter ATV12H075M2 0.75KW 220V Scheider","0","0","0","Tidak","-"
"O-52188-00","Conveyor System - Optical Sensor E32-CC200 Omron","0","0","0","Tidak","-"
"O-52186-00","Conveyor System - Photoelectric Sensor E3FA-DN12 Omron","0","0","0","Tidak","-"
"O-52189-00","Conveyor System - Photoelectric Sensor RT318K/N-100.11 50108612 Leuze Electronics","0","0","0","Tidak","-"
"O-15572-00","CORDA TONDA IN NBR D=3MM; STERILINE ; PART NO :6829","1","0","0","Tidak","A-1-5A"
"Q-70238-00","Cordless Hot Gun include baterai; Bosch; GHG 18V-50; per set (Baterai 18V 4.0 Ah dan charger GAL 18V-40)","0","0","0","Tidak","-"
"Q-70125-00","Cordless Impact Wrench / Mesin Bor Impact Pembuka Baut Tanpa Kabel; Bosch; GDS 18C-400; pack size per set (baterai dan charger)","0","0","0","Tidak","-"
"O-15573-00","COUPLE OF SILICONE STRIPES FOR WASHING AND DRYING WHEELS EDM-2S; STERILINE; PART NO :18894","0","0","0","Tidak","-"
"O-19685-00","Coupling HRC Complete; STARKZ; 090FF;","0","0","0","Tidak","-"
"O-15575-00","COUPLING HUB; STERILINE ; GE-T 19/24 ESEC. -C-FORO DIAM. 19; PART NO :200834","0","0","0","Tidak","-"
"O-15574-00","COUPLING HUB: STERILINE ; GET 14 ALU-C DIAM-14; PART NO :200239","0","0","0","Tidak","-"
"P-17026-00","Cover Gasket Set DN15-25MM; ; ;","8","0","0","Tidak","M-2"
"S-63035-00","Cover Penutup Saklar","0","0","0","Tidak","-"
"T-30015-00","CPU Case Bracket Stand CPB5; Orico; ;","0","0","0","Tidak","-"
"O-20748-00","cRABS Z064CR - Cabinet Handle ENUX RAL 9005; Steriline; 1135571; 1 Pc","3","0","0","Tidak","B-4"
"O-53525-00","cRABS Z064CR - Cable Gland for Temperature Probe; -; 64940; 1 Pc","1","0","0","Tidak","-"
"O-54174-00","cRABS z064CR - Control Unit for Security Phot; Steriline; P/N 5914;","1","0","0","Tidak","B-3-4C"
"O-53475-00","cRABS Z064CR - Cooling water three way Actuator, Coster, 28715, CLNV150, Linear actuator for three w; ; 28715; 1 Pc","0","1","1","Tidak","-"
"O-53524-00","cRABS Z064CR - Digital Probe for Humidity and Temperature; -; 64939; 1 Pc","1","0","0","Tidak","H-3-3"
"O-53466-00","cRABS Z064CR - DOOR SAFETY SWITCHES ; SCHMERSAL ; MAGNET BPS-260; ; 14061; 1 Pc","1","1","2","Tidak","F-2-7"
"O-20918-00","cRABS Z064CR - Glove Port Pom White Uk: 227x310x15.25mm; Custom/Lokal; -; 1 Pc","0","0","0","Tidak","-"
"O-52268-00","cRABS Z064CR - Proximity Sensor BNS260-11ZG-ST-L Schmersal","0","0","0","Tidak","-"
"O-21126-00","cRABS Z064CR - Security PHOCELLS 7209 - plastic body; Protection P67; Receiver, max. di; Omron; E3FS-10DB4-P1 / E3FS-10LB-P1; 1 Pc","0","1","2","Tidak","-"
"O-53523-00","cRABS Z064CR - Transmitter for Temperature Probe HC2-xxx; -; 64938; 1 Pc","1","0","0","Tidak","H-2"
"O-19076-00","cRABS Z064CR - Vibrating Screen 15 Micron (510x725mm) x (540x770mm) + Frame 3mm Material: SS316; ; ;","0","0","0","Tidak","-"
"O-19074-00","cRABS Z064CR - Vibrating Screen 15 Micron (520x570mm) x (615x555mm) + Frame 3mm Material: SS316; ; ;","0","0","0","Tidak","-"
"O-19073-00","cRABS Z064CR - Vibrating Screen 15 Micron (570x900mm) x (610x935mm) + Frame 3mm Material: SS316; ; ;","0","0","0","Tidak","-"
"O-19075-00","cRABS Z064CR - Vibrating Screen 15 Micron (645x565mm) x (610x670mm) + Frame 3mm Material: SS316; ; ;","0","0","0","Tidak","-"
"O-19072-00","cRABS Z064CR - Vibrating Screen 15 Micron (905x570mm) x (935x615mm) + Frame 3mm Material: SS316; ; ;","0","0","0","Tidak","-"
"T-80145-00","Cutter Besar L-500 (18 mm); 5 pc/pck","0","0","0","Tidak","-"
"T-80149-00","Cutter Kenko L-150 (besar) - refill","0","0","0","Tidak","-"
"P-13596-00","Cutting Diamond Disc for Ceramic Turbo Bosch","0","0","0","Tidak","-"
"P-13365-00","Cutting Wheel 14"" nippon resibon; ; ;","2","1","3","Tidak","L-2"
"P-16250-00","Cutting Wheel Nippon Resibon A-46S BF dia. 105 mm","0","0","0","Tidak","-"
"O-52635-00","Danube 45587 - Electrovalvula 230V AC","1","0","0","Tidak","F-2-1"
"O-16826-00","DEMISTER, part number 402; ; ;","0","0","0","Tidak","-"
"Q-10518-00","Dempul","0","0","0","Tidak","-"
"Q-60006-00","Dempul kayu sanpolac @ 1kg","2","0","0","Tidak","Flammable"
"T-20129-00","Deuterium Lamp L6380 80V; Shimadzu; c/n 062-65055-05; 1 pc","0","0","0","Tidak","-"
"P-13415-00","DIAGONAL CUTTER PLIER 6INC; Krisbow; Part No. KW0101358;","0","0","0","Tidak","-"
"P-17548-00","Diaphragm (L) PRV 25P DN40 Code: 3265690 Spirax Sarco","0","0","0","Tidak","-"
"O-17420-00","Diaphragm Silicone Platinum Cured NA25/26 NovaSeptic","1","0","0","Tidak","E-4-1B"
"P-54159-00","Digital Controller CU-3 WINGEL","0","0","0","Tidak","-"
"O-15920-00","Digital Event I/O module PUM-E, model PUM ERYY1-0B072; ; ;","0","0","0","Tidak","-"
"O-51815-00","Digital probe for humidity and temperature; 64939; ; ;","0","0","1","Tidak","-"
"P-51781-00","Digital Temperature Switch Type : TS2-021; Voltage : 230 VAC; Brand: Dwyer; ;","0","0","0","Tidak","-"
"P-51770-00","Digital Thermostat Type RCF230D/L20V REGIN pc","0","0","0","Tidak","-"
"O-51813-00","Digital Timer Switch Simplexa 601 Theben Germany; ; ;","0","0","0","Tidak","-"
"P-15993-00","Digital Torque Wrench SQ 3/8 Inc 6,8-135Nm; ; ; pieces","0","0","0","Tidak","-"
"O-54129-00","Digital Vacuum Gauge VMV-1 0 - 75000 Microns; VALUE; ;","0","0","0","Tidak","-"
"T-80159-00","Divider Bulan Jan - Dec","0","0","0","Tidak","-"
"O-51705-00","DOOR CLOSED MICROSWITCH SIDE 1; F2.1 ;","0","0","0","Tidak","-"
"Q-10236-00","Door Closer Dekson 302 NHO","0","0","0","Tidak","-"
"Q-10550-00","Door Closer TS 2000V Hold Open GEZE; ; ;","3","0","0","Tidak","L3"
"Q-10817-00","Door Closer Type: TS77 Hold Open; DORMA; ;","1","1","5","Tidak","O-4"
"O-15576-00","DOOR GASKET RED SILICON; PART NO :PP600076","0","0","0","Tidak","-"
"O-15579-00","DOOR GASKET SIDE 1; DG ;","0","0","0","Tidak","-"
"O-15580-00","DOOR GASKET SIDE 2; DG1 ;","0","0","0","Tidak","-"
"O-15577-00","DOOR LOCKED/UNLOCKED LIMIT SWITCH(ADJUSTABLE ROLLER LEVER, 1NO+1NC,IP67)","0","0","0","Tidak","-"
"O-15581-00","DOOR SAFETY SWITCHES ; SCHMERSAL ; MAGNET BPS-260","0","1","2","Tidak","-"
"O-15582-00","DOOR SAFETY SWITCHES ; SCHMERSAL ; PROXIMITY SENSOR , BNS-260 FOR DOOR","0","0","0","Tidak","-"
"Q-12073-00","Door Seal Brush Alumunium; Lokal; Ukuran 100 cm x 3,5 cm; pc","4","0","0","Tidak","-"
"Q-10377-00","Door Seal Brush PVC Hitam Ukuran 100 x 2,5 cm; No Brand; ; pack size per pcs","0","0","0","Tidak","-"
"Q-10984-00","Door Seal Karet Penutup Bawah Pintu Abu 2,5 cm x 1 M; ; ;","0","0","0","Tidak","-"
"Q-12153-00","Door Seal Karet Penutup Bawah Pintu Hitam uk. 5 cm x 1 M; Lokal; ; pc","0","0","0","Tidak","-"
"O-15578-00","DOOR SEALING RING(?D?TYPE SILICON RUBBER 17X20 (7METERS))","0","0","0","Tidak","-"
"P-18466-00","Door Stickers T30A; upgraded type; ; ;","0","0","0","Tidak","-"
"P-13499-00","DOP Pipa PVC 4.0 inch","0","0","0","Tidak","-"
"O-15583-00","DOP+GASKET ( FOR RUPTURE DISK SILICON EXPANSION TANK, D=3)","0","0","0","Tidak","-"
"P-52844-00","Doshing Pump BT4B Merk Prominent; ; ;","0","0","0","Tidak","-"
"P-52579-00","Dosing Pump (Peristaltic Pump) 24 VDC 0-19 ml/min RZ1030-BX; ; ;","1","0","0","Tidak","M-4"
"P-12140-00","Double neeple SS 304 dia 1/2inch","0","0","0","Tidak","-"
"P-17071-00","Double neeple SS 304 dia 1/4inch; ; ;","0","0","0","Tidak","-"
"P-18267-00","Double Neple SS 304 Ukuran :1/2 inch","0","0","0","Tidak","-"
"P-12143-00","Double nepple Kuningan 1/2inch","0","0","0","Tidak","-"
"P-18331-00","Double Nepple Kuningan 1/8inch","0","0","0","Tidak","-"
"T-80169-00","Double Tape 1 inch","0","0","0","Tidak","-"
"T-80168-00","Double Tape 1/2 inch","0","0","0","Tidak","-"
"P-52766-00","Drain Pump AC M1 Merk Value; ; -; 1 pcs","0","0","0","Tidak","-"
"O-51706-00","DRAIN TEMPERATURE PROBE ; TE1/TE1R ;","0","0","0","Tidak","-"
"T-20842-00","Dricabi TS-51-D.U.S Shimadzu 206-71946","0","0","0","Tidak","-"
"Q-70156-00","Driver / Bor Cordless Impact Drill Baterai 18V; Bosch; GSB183-LI; per set (Bor dan 1 x baterai GBA 18V 2.0Ah)","0","0","0","Tidak","-"
"O-17730-00","Dry Fog - Inner Gasket; P/N. 43100-106; ; ;","0","0","0","Tidak","-"
"O-17732-00","Dry Fog - O-ring P4 MULTITRADE GOLDEN SYNERGY, PT P/N : 43100-082 pc","0","0","0","Tidak","-"
"S-40760-00","Dry Fog - Oring Spray; P/N. 43100-097","0","0","0","Tidak","-"
"O-17729-00","Dry Fog - Stainless steel way adapter (new type) MULTITRADE GOLDEN SYNERGY, PT P/N : 47049-234S pc","0","0","0","Tidak","-"
"O-15462-00","Dry Fog Stainless Steel FLOAT 47049-23S","0","0","0","Tidak","-"
"O-52920-00","Duct Outdoor Humidity Sensors Type: KAVTF-I_VA200 4...20mA 0100 % r.H. / 0...+50 deg C; S+S Regeltechnik; ;","0","0","0","Tidak","-"
"O-19953-00","Dudukan Cover Motor 243x320x550 mm, Mat SUS 304; Custom; ;","0","0","0","Tidak","-"
"O-19797-00","Dudukan Sensor Autoclave Material SUS 316L; Custom; ;","0","0","0","Tidak","-"
"O-19954-00","Dudukan Sensor Counter 2x100x100 mm, Mat. SUS 304; Custom; ;","0","0","0","Tidak","-"
"Q-10524-00","Dulux Wallfiller; Dulux; ;","0","0","0","Tidak","-"
"Q-10192-00","Dynabolt 8 X 40; ; ;","0","0","0","Tidak","-"
"Q-70068-00","Dynabolt Beton M10x60; M10; M10x60;","0","0","0","Tidak","-"
"Q-70069-00","Dynabolt Beton M10x70; M10; M10x70;","50","10","100","Tidak","-"
"Q-70072-00","Dynabolt Beton M12x70; M12; M12x70;","0","0","0","Tidak","-"
"Q-70065-00","Dynabolt Beton M8x60; M8; M8x60;","0","0","0","Tidak","-"
"Q-70066-00","Dynabolt Beton M8x70; M8; M8x70;","0","0","0","Tidak","-"
"P-12156-00","Dynabolt dia M 10x50 mm","0","0","0","Tidak","-"
"P-12157-00","Dynabolt m 6 x 30 mm","0","0","0","Tidak","-"
"P-12158-00","Dynabolt m 8 x 30 mm / m8 x 50 mm","0","0","0","Tidak","-"
"P-14522-00","Dynabolt M12x60mm; ; ;","0","0","0","Tidak","-"
"P-18410-00","Dynabolt M6 x 85mm; ; ;","0","0","0","Tidak","-"
"P-17000-00","Dynabolt M8; ; ;","0","0","0","Tidak","-"
"P-17050-00","Elbow 90 Kuningan 1/4"" NPT x 6mm Tubing; ; ;","0","0","0","Tidak","-"
"P-13647-00","Elbow Drat Luar dan Drat Dalam uk. 1/2 inch","0","0","0","Tidak","-"
"P-19032-00","Elbow Ferrule 1.5 Inch; Custom; ;","0","0","0","Tidak","-"
"P-19031-00","Elbow Ferrule 2 Inch; Custom; ;","0","0","0","Tidak","-"
"P-13033-00","Elbow long sanitary ss 316 dia. 1 Inch","0","0","0","Tidak","-"
"Q-10712-00","Elbow PVC Abu Abu AW 4"" Rucika; ; ;","0","0","0","Tidak","-"
"P-18277-00","Elbow PVC AW 45 deg dia 2 Inch; ; ;","4","0","0","Tidak","-"
"P-12186-00","Elbow PVC AW 90 deg dia 1/2inch","0","0","0","Tidak","-"
"P-12185-00","Elbow PVC AW 90 deg dia 1inch","0","0","0","Tidak","-"
"P-13500-00","Elbow SCH10 welded SUS304 3/4 inch; ; ;","0","0","0","Tidak","-"
"P-15596-00","Elbow SS 304 dia. 1 Sch 10","0","0","0","Tidak","-"
"P-13240-00","Elbow SS 304 welded dia 3/4inch","0","0","0","Tidak","-"
"P-18501-00","Elbow SS 316 1inch Sch20; ; ;","0","0","0","Tidak","-"
"P-12195-00","Elbow SS 316 L dia 1inch","6","0","0","Tidak","R-2-13"
"P-16992-00","Elbow SS304 SCH 10x1/2 inch","0","0","0","Tidak","-"
"P-52639-00","ELCB 40A 4P; Schneider; ;","0","0","0","Tidak","-"
"Q-50026-00","Electric Dropbolt Lock door access 5 Kabel Delay; Lokal; ; pc","0","0","0","Tidak","-"
"P-13413-00","ELECTRICIAN SCREWDRIVER PZ 6X100MM; Krisbow; Part No. KW0100765;","0","0","0","Tidak","-"
"O-51710-00","ELECTRO-VALVE FOR DOOR LOCK/UNLOCK SIDE 1; EV30 ;","0","0","0","Tidak","-"
"O-51711-00","ELECTRO-VALVE FOR PV WATER ; E21 ;","0","0","0","Tidak","-"
"O-51712-00","ELECTRO-VALVE FOR VP1 ; E1 ;","0","0","0","Tidak","-"
"O-51713-00","ELECTRO-VALVE FOR VP10 ; E10 ;","0","0","0","Tidak","-"
"O-51714-00","ELECTRO-VALVE FOR VPX; EX ;","0","0","0","Tidak","-"
"O-51715-00","ELECTRO-VALVE FOR VPZ; EZ ;","0","0","0","Tidak","-"
"T-20947-00","Electroda Inlab 741 ISM; Mettler Toledo; 30014094; 1 unit","0","0","0","Tidak","-"
"T-25372-00","Electrode holder uPlace; Mettler Toledo; 30019823;","0","0","0","Tidak","-"
"P-14899-00","Electrode Set Ozone Generator; Ozonia MKIV; ;","0","1","1","Tidak","-"
"O-54165-00","Electronic Expansion Valve ESS2U; Parker; ;","3","0","0","Tidak","D-3-3"
"O-54170-00","Electronic Expansion Valve ESX24B; Parker; ;","2","0","0","Tidak","D-3-2B"
"P-13754-00","Electronic Valve Actuator ; Brand : Siemens ; P/N : SQS65 ; Pack Size : pcs","1","0","0","Tidak","L-3"
"O-51707-00","ELECTROPNEUMATIC PRESSURE CONVERTER; COP","0","0","0","Tidak","-"
"O-51708-00","ELECTROVALVE 1/4'' GAS FF 24V DC N.C. HIGH TEMPERATURE DP GAS AND LIQUID 0?8BAR","0","0","0","Tidak","-"
"P-50229-00","Emergency Switch","0","0","0","Tidak","-"
"T-26629-00","Engine, Heater/Cooler; Waters; 700002139; piece","0","0","0","Tidak","-"
"P-13497-00","Engsel Piano SS","0","0","0","Tidak","-"
"Q-50000-00","Engsel Pintu SS","0","0","0","Tidak","-"
"Q-50028-00","Engsel Sendok Profil Hinge 40 mm; Ferrari; ; pc","0","0","0","Tidak","-"
"Q-10623-00","Engsel Spring SS304 4x3x3ml Dekson","0","0","0","Tidak","-"
"Q-50020-00","Engsel Tanam Pintu D40; Dekkson; Type D40; pc","0","0","0","Tidak","-"
"O-14639-00","EPDM Gasket for Ferrule dia. 1/2"" - P/N : -  pc","16","10","30","Tidak","M-2"
"O-14643-00","EPDM Gasket for Ferrule dia. 3""; ; ;","10","10","30","Tidak","M3"
"O-15585-00","EPDM GASKET FOR GEMU PNEUMATIC MEMBRANE VALVE 1/2 (DN15) HEAT NO. 133057;","0","0","0","Tidak","-"
"O-15565-00","EPDM MEMBRANE FOR GEMU PNEUMATIC MEMBRANE VALVE 1/2 (DN15); 2-WAY; AISI316L; RA = 0,5MICRON; PNEUMATICALLY OPERATED, NORMALLY CLOSED","0","0","0","Tidak","-"
"P-53214-00","Epoxy Adhesive DEXTONE; ; ;","0","0","0","Tidak","-"
"T-80965-00","Epson Tinta 003 black for Epson L3110; Epson; ; pc","0","0","0","Tidak","-"
"T-81109-00","Epson Tinta 003 Blue for Epson; Epson; ; pieces","0","0","0","Tidak","-"
"T-81111-00","Epson Tinta 003 Magenta for Epson L3110; Epson; ;","0","0","0","Tidak","-"
"P-52267-00","Exhaust Fan NVF-BC1030 220-240V 30W Max Flow: 300CMH NICOTRA","0","0","0","Tidak","-"
"P-51744-00","Exhaust Fan; SUNON; 12 VDC, KD 1205; ; ;","0","0","0","Tidak","-"
"Q-10986-00","Face Plate HDMI to VGA Skrup; AMP; ;","0","0","0","Tidak","-"
"P-54225-00","Face Plate HDMI to VGA Skrup; AMP; AMP; ;","4","0","0","Tidak","N3"
"S-20268-00","Face Shield Head Gear With Clear Visor; KW1000315; ; ;","0","0","0","Tidak","-"
"O-54173-00","Fan Condensor M4Q045-EA01-C01; Ebm-papst; ;","0","0","0","Tidak","-"
"P-52328-00","Fan Panel 9x9x2 CM 12VDC + Adaptor; ; ;","1","0","0","Tidak","A-3-3C"
"P-52054-00","Fan Panel Oval 150x50mm 220 VAC","0","0","0","Tidak","-"
"O-16317-00","FD Lyofast 10 - Oli Vaccum Ultragrade 20 Edwards; ; ;","40","1","2","Tidak","-"
"O-53093-00","FD S/N MBE1207 - Amplifier SE3AN21RS1603; Aron; ;","0","0","1","Tidak","-"
"O-19982-00","FD S/N MBE1207 - Directional Valve XDC3C03N1FS42; Aron; ;","1","0","0","Tidak","D-1-2"
"O-53095-00","FD S/N MBE1207 - Electric Control Lock DTDF MCN224; SUN; EB02-00535;","1","0","0","Tidak","D-1-11D"
"O-19983-00","FD S/N MBE1207 - Pneumatic Ball Valve WA 100DM G1/4 inch Double Action; ; EB14-00098;","0","0","0","Tidak","-"
"O-53094-00","FD S/N MBE1207 - Pressure Switch IPN-350 ISO; ; EB02-00063;","2","0","0","Tidak","D-2-3A"
"O-19981-00","FD S/N MBE1207 - Proportional Directional Valve DSE3F-A08/11N-D12K1; Duplomatic; EB02-00380;","0","0","0","Tidak","-"
"O-53096-00","FD S/N MBE1207 - Proximity Switch E2E-XB1D12 2M; Omron; EB22-00837;","2","0","0","Tidak","D-1-9B"
"P-15371-00","Fedegari - Seal Door; ; ;","4","0","0","Tidak","F-4"
"O-15917-00","Fedegari FVA2/A1 - CENTERING RING DN16 CLAMP; Code : PP100907; ; ;","3","1","1","Tidak","A-1-7"
"O-15913-00","Fedegari FVA2/A1 - CENTERING RING DN35 CLAMP; Code : PP100897; ; ;","1","1","2","Tidak","E3"
"O-15916-00","Fedegari FVA2/A1 - CLAMP DN10 1/2"" (MICROCASTED); Code : GM100017; ; ;","1","1","1","Tidak","E3"
"O-15912-00","Fedegari FVA2/A1 - CLAMP DN34-DN35 (MICROCASTED); Code : GM100094; ; ;","2","1","2","Tidak","-"
"O-15915-00","Fedegari FVA2/A1 - DN16 ASTM CAP; Code : PM102747; ; ;","1","1","1","Tidak","-"
"O-15918-00","Fedegari FVA2/A1 - O-RING 15.47x3.53 ; Code : CC150170; ; ;","17","10","20","Tidak","E-3-8B"
"O-15914-00","Fedegari FVA2/A1 - O-RING 34.52x3.53; Code : CC150171; ; ;","15","10","20","Tidak","E3"
"O-15911-00","Fedegari FVA2/A1 - TAPPO DN35 ASTM; Code : PM102749; ; ;","5","4","8","Tidak","E-3-5"
"P-15429-00","Fedegari FVA2/A1 S/N : NB2964AT - Cover Seal FVM-A/2 FOB2 (Code: PP600265); ; ;","4","1","4","Tidak","F-4"
"P-13039-00","Ferrule - Klem Ferrule 3/4inch SS 316L","0","0","0","Tidak","-"
"P-10759-00","Ferrule - Klem Ferrule 4inch SS 316L","0","0","0","Tidak","-"
"P-17073-00","Ferrule 3/4"" SS 316L; ; ;","0","0","0","Tidak","-"
"P-13631-00","Ferrule SS304 1inch x Drat Dalam 1/2inch","0","0","0","Tidak","-"
"P-13037-00","Ferrule to hose 1 inchi","0","0","0","Tidak","-"
"P-14993-00","Ferrule to Hose 1,5 inch x 7mm; ; ;","2","1","2","Tidak","L-3"
"P-14992-00","Ferrule to Hose 3/4 inch","0","0","0","Tidak","-"
"P-16991-00","Ferrule Welding dia.1""; ; ;","0","0","0","Tidak","-"
"T-20289-00","Ferrule, 1.0 mm graphite 0.53 Col; Agilent; Part No. 5080-8773; 10/pk","0","0","0","Tidak","-"
"P-12223-00","FESTO - Blanking plug QSC-6H  p/n 153268","15","2","15","Tidak","H-3-2"
"O-16961-00","FESTO - CRQS-1/8-6 p/n 162862","1","0","0","Tidak","M3"
"P-15351-00","FESTO - Plastic tubing PUN-10x1,5-BL (Blue) p/n 159668; ; ;","44","50","200","Tidak","Atas Flammable"
"P-12258-00","FESTO - Push In Connector QS-10-10","18","5","20","Tidak","M3"
"P-12260-00","FESTO - Push In Connector QS-4-4","6","5","20","Tidak","B-2-1D"
"P-12261-00","FESTO - Push In Connector QS-6 p/n 153032","0","0","0","Tidak","-"
"P-12263-00","FESTO - Push In Connector QS-8 p/n 153033","29","5","20","Tidak","R-4-7"
"P-12265-00","FESTO - Push In Connector QS-8-6 p/n 153038","12","5","20","Tidak","M3"
"P-12266-00","FESTO - Push In Fitting QS-1/2-10 part number 190646","14","0","0","Tidak","M-3"
"P-12267-00","FESTO - Push In Fitting QS-1/2-8 (NPQE-D-R12-Q8-P5);  P/N : 8112930","10","0","0","Tidak","R-4-8"
"P-12269-00","FESTO - Push-In Fitting type QSM-M5-6 p/n 153306","20","0","0","Tidak","R-4-8"
"P-12275-00","FESTO - QS-1/4-6 Push-In fitting p/n 153003","0","0","0","Tidak","-"
"P-12276-00","FESTO - QS-1/4-8 Push-In fitting p/n 153005","0","0","0","Tidak","-"
"P-12279-00","FESTO - QS-1/8-6 Push-In fitting p/n 153002","0","5","20","Tidak","-"
"P-12280-00","FESTO - QS-1/8-8 Push-In fitting p/n 153004","17","5","20","Tidak","M3"
"P-12281-00","FESTO - QS-10-8 Push In Connector p/n 153039","0","0","0","Tidak","-"
"P-12282-00","FESTO - QS-12-10 Push in Connector p/n: 153040","27","5","20","Tidak","M-3-7A"
"P-12286-00","FESTO - QS-3/8-6 Push-In fitting p/n 190645","20","5","20","Tidak","R-4-8"
"P-12287-00","FESTO - QS-3/8-8 Push-In fitting p/n 153006","8","5","20","Tidak","-"
"P-12300-00","FESTO - QSML-M5-4 part Number 15333","8","2","15","Tidak","B-2-1C"
"P-12305-00","FESTO - QST-6 Push in t-connection p/n 153129","0","5","20","Tidak","-"
"P-12306-00","FESTO - QST-8 push in t- connection p/n 153130","0","0","0","Tidak","-"
"P-18290-00","Festo Standar Cylinder DSBC-40-40-PPVA-N3 PN. 1376657; ; ; pc","1","0","0","Tidak","I-3-1"
"O-54115-00","Fiber Amplifier -; KEYENCE; FS-V31CP;","1","1","2","Tidak","B-3-5"
"O-54116-00","Fiber Reflective -; KEYENCE; FU-67V;","1","1","2","Tidak","A-2-3"
"T-20859-00","FID/TCD Performance evaluat sample kit ; PN : 18710-60170; Agilent; 18710-60170; 1 pcs/pack","0","0","0","Tidak","-"
"O-15587-00","FILLING NEEDLE ; FILLING THE VIALS ; STERILINE : PART NO (308496,308710,306680,305421,305288,300359,301105,301106)","3","0","0","Tidak","A-2-9A"
"O-20904-00","Filling VFM100 - Adapter Loadcell 30x30x4mm; Custom/Lokal; -; 1 Pc","1","0","0","Tidak","-"
"O-20903-00","Filling VFM100 - Base Plate Loadcell 163.5x28x4mm; Custom/Lokal; -; 1 Pc","1","0","0","Tidak","-"
"O-53319-00","Filling VFM100 - Cable 3g 1.5mq JZ-500; Steriline; 1111907; 1 Pc","1","0","0","Tidak","1"
"O-53620-00","Filling VFM100 - Connection Cable 3m Female Connector, Straight Sensor End, 12-pin; Steriline; 25316410; 1 pc","0","0","0","Tidak","-"
"O-21378-00","Filling VFM100 - Cover Ion Shower 33x45x340 mm, Mat. SUS304; Custom/Lokal; -; 1 Pc","1","0","0","Tidak","S-3-8"
"O-20905-00","Filling VFM100 - Dudukan Piringan 30x14x9mm; Custom/Lokal; -; 1 Pc","1","0","0","Tidak","-"
"O-53211-00","Filling VFM100 - Flow meter 40-500 NL/H (201787);INOX;Model 1900;","1","1","2","Tidak","C-2"
"P-18619-00","Filling VFM100 - Guide Vial Material SUS 304; ; ;","0","0","0","Tidak","-"
"O-21007-00","Filling VFM100 - Handle Manual Valve Hexagon 60x27; Custom/Lokal; -; 1 Pc","1","0","0","Tidak","Not Located"
"O-53590-00","Filling VFM100 - Hyperion Medium Range Bar; Meech; A945IPS-0400; 1 Pc","1","0","0","Tidak","-"
"O-52208-00","Filling VFM100 - Laser Photoelectric Sensor (Amplifier) LV-N11CP Keyence","0","0","0","Tidak","-"
"O-52207-00","Filling VFM100 - Laser Photoelectric Sensor Head LV-S62 Keyence; ; ;","1","0","0","Tidak","C-1-1"
"O-53209-00","Filling VFM100 - Linear feeder 200V-50Hz (203296);Steriline;Type : GL-1 173VA;","0","0","0","Tidak","-"
"O-18878-00","Filling VFM100 - Load Cell Bridge Holder; ; ;","0","0","0","Tidak","-"
"O-53591-00","Filling VFM100 - M8-4 Pin Power Cable; Meech; A900IPS-PCS10; 1 Pc","1","0","0","Tidak","F-3-12"
"O-21703-00","Filling VFM100 - Oring Silicone ID 6,96mm OD 10,34 Tebal 1,69mm; Custom/Lokal; -; 1 Pc","0","0","0","Tidak","-"
"O-21372-00","Filling VFM100 - Pengunci Ventilator, UK : od.26,5mm x id.17mm x 46mm, Mat. POM White; Custom/Lokal; ; 1 Pc","0","0","0","Tidak","-"
"P-18620-00","Filling VFM100 - Piringan Loadcell Material SUS304; ; ;","2","1","2","Tidak","-"
"O-21475-00","Filling VFM100 - Seal Ferrule PTFE Virgin Food Grade 3/4 Inch; Custom/Lokal; -; 1 Pc","0","0","0","Tidak","-"
"O-53481-00","Filling VFM100 - TEMPERATURE PROBE ;  MODEL PT100 SINGLE ELEMENT, 3 WIRES, DIAMETER 3MM, LENGTH 250M; Jumo; 29274; 1 Pc","1","1","2","Tidak","-"
"O-53640-00","Filling VFM100 - USB-RS232 Cable to Electronic Box; Steriline; 25316390; 1 Pc","0","0","0","Tidak","-"
"O-53482-00","Filling VFM100 - VACUUM LEVEL SWITCH ; DIGITAL VACUUM LEVEL SWITCH Code: 120511; Vuototecnica; 202545; 1 Pc","1","1","2","Tidak","S-2-16"
"O-54109-00","Filling VFM100 - Weighing Load Cell SL 250/300-M-FS-9-29-34 P/N: 75081 S/N: 00299 Wipotec","0","0","0","Tidak","-"
"O-15711-00","FILTER ; MILLIPORE : CARTRIDGE FILTER AERVENT 50 0,2 ?M TC 3/4 LOT NO. F2JA25925 S.N. 01502;","0","0","0","Tidak","-"
"O-15591-00","FILTER ABSOLUTE - CAMFILL 1FRSI - 1SI 762X457X150; CLASS H13, DIN EN 1822, FRAME: STAINLESS STEEL - 99,95% MPPS; SERIAL NO. 00083616122 (for Cooling chamber)","1","1","2","Tidak","Ruang Flter"
"O-15592-00","FILTER ABSOLUTE, CAMFILL - 1ER(GS) - 1PU; DIN EN 1822 : H14; EFFICIENCY: 99,995% MPPS; DIMENSION: 305X457X150; SERIAL NO. 060052-15122","1","1","1","Tidak","-"
"O-15590-00","FILTER CA 0,2 MICRON; PART NO :CC120072","0","0","0","Tidak","-"
"T-22339-00","Filter Cartridge Vacuum Regulator Gauge 300/400/410/430 (Moisture Trap); Rocker; -; piece","0","0","0","Tidak","-"
"P-15905-00","Filter Catridge Type: TefTEC Series P/N : TefTEC 0.2 - 10 P7S Lenght : 10 Inch O-Ring : 226 Fin","0","1","1","Tidak","-"
"P-15904-00","Filter Catridge; Type : TefTEC Series; P/N : TefTEC 0.2 - 5 P7S; Micron : 0.2 Micron; Lenght : 5 Inc; ; ;","0","0","0","Tidak","-"
"P-13745-00","Filter Core Drier - D48","0","0","0","Tidak","-"
"P-14460-00","Filter IAF HB Series (Hepa Filter) H13, Min Eff : 99,99% on 0,3 micron, Size: 610x610x93 mm; IAF; ;","0","0","0","Tidak","-"
"P-14459-00","Filter IAF HB Series (Hepa Filter) H14, Min Eff : 99,999 % on 0.3 micron, Size: 610x610x93 mm; IAF; ;","2","0","0","Tidak","Ruang Filter"
"P-14516-00","Filter IAF HB Series (Hepa Filter) H14, Min eff: 99,999 %, on 0.3 micron, Size: 610 x 1220 x 93 mm; IAF; ; 1 pc","0","0","0","Tidak","-"
"P-14445-00","Filter IAF HB Series (Hepa Filter) H14, Min eff: 99,999 %, on 0.3 micron, Size: 610x305x93 mm; ; ;","0","0","0","Tidak","-"
"P-14456-00","Filter IAF MBV Series (Medium Filter), efficiency : 80-85 %, Size: 12 x 24 x 12 inch; IAF; ;","14","3","10","Tidak","Ruang Filter"
"P-14455-00","Filter IAF MBV Series (Medium Filter), efficiency : 80-85 %, Size: 24 x 24 x 12 inch; IAF; ;","9","3","10","Tidak","Ruang Filter"
"P-14458-00","Filter IAF MBV Series (Medium Filter), efficiency : 90-95 %, Size: 12 x 24 x 12 inch; IAF; ;","22","3","10","Tidak","Ruang filter"
"T-20118-00","FILTER INSERT ASSY; Waters; P/N WAT088084; 1 pc","0","1","4","Tidak","-"
"O-16097-00","FILTER KIT FOR 92XX/94XX MITRA PACK, PT P/N : A40989 pc","0","0","0","Tidak","-"
"O-19350-00","Filter LSC For Aerosol Photometer ATI 2i PN: 5500180; ; ;","0","0","0","Tidak","-"
"O-17812-00","Filter LSC Photometer ATI 2i P/N : 5500180-B","0","0","0","Tidak","-"
"P-17290-00","Filter Regulator Brand : SMC P/N : AW20-02BG-C-A Pack Size : pcs","0","0","0","Tidak","-"
"S-20499-00","Filter Retainer 501 (Plastik Penutup Prefilter 5N11); 3M; 501; 10 pc/pck","0","0","0","Tidak","-"
"P-13641-00","Filter SO 5 micron 30 inch O-ring 222 Bayonet; ; ;","5","0","0","Tidak","L-4"
"P-17717-00","Fisher S 8 (1 box : 100 pcs)","0","0","0","Tidak","-"
"P-16308-00","Fisher S 8 (1 box : 100 pcs)","0","0","0","Tidak","-"
"O-15593-00","FITTING FEMALE THREAD, SMC, KQ2F10-03A","0","0","0","Tidak","-"
"Q-10429-00","Fitting Kap Lampu LED Tube TL T8 Ukuran 60 cm; In-Lite; INFX004; pack size per pcs","2","0","0","Tidak","O3"
"P-53104-00","Fitting Keramik Lampu Mercury SON-T 70W PHILIPS","0","0","0","Tidak","-"
"P-15432-00","Fitting KQ2E08-00; ; ;","10","5","10","Tidak","R-2-8"
"P-15077-00","Fitting KQ2H06-03AS; ; ;","8","5","10","Tidak","-"
"P-15076-00","Fitting KQ2H10-04AS; ; ;","10","5","10","Tidak","R-2-8"
"Q-10845-00","Fitting Lampu Bholam E27; ; ; pcs","0","5","20","Tidak","-"
"P-14948-00","Fitting Male Elbow KQ2L08-02AS; ; ;","3","3","6","Tidak","R-2-8"
"P-14949-00","Fitting Male Elbow KQ2L08-03AS; ; ;","6","3","6","Tidak","-"
"O-19141-00","Fitting Pneumatic QS 6mm x 1/8 inch Female; ; ;","0","0","0","Tidak","-"
"P-10858-00","Fitting PVC - Elbow PVC 1 1/4""","5","2","4","Tidak","-"
"P-10860-00","Fitting PVC - Elbow PVC 1""","4","2","4","Tidak","F-3"
"P-10862-00","Fitting PVC - Elbow PVC 2 1/2""","5","2","4","Tidak","-"
"P-10863-00","Fitting PVC - Elbow PVC 2""","5","2","4","Tidak","-"
"P-10865-00","Fitting PVC - Elbow PVC 3/4""","5","2","4","Tidak","-"
"P-15391-00","Fitting PVC - Reducer PVC AW 4"" x 2""; ; ;","0","0","0","Tidak","-"
"P-14969-00","Fitting PVC - SDL PVC 3/4""; ; ;","0","0","0","Tidak","-"
"P-10896-00","Fitting PVC - Sock PVC 1 1/4""","0","2","4","Tidak","-"
"P-10897-00","Fitting PVC - Sock PVC 1""","1","2","4","Tidak","-"
"P-10898-00","Fitting PVC - Sock PVC 2""","3","2","4","Tidak","-"
"P-10900-00","Fitting PVC - Sock PVC 3 Rucika AW","0","2","4","Tidak","-"
"P-10906-00","Fitting PVC - Tee PVC 1"" Rucika AW","4","2","4","Tidak","-"
"P-19660-00","Fitting PVC - Tee PVC 2.5 Inch; Rucika; -; 1 pc","10","5","10","Tidak","F-2-10"
"P-10909-00","Fitting PVC - Tee PVC 3 inch Rucika AW","0","2","4","Tidak","-"
"O-18010-00","Fitting SMC P/N : KQ2H08-03AS","3","1","2","Tidak","C-2-5B"
"T-20041-00","Fitting SS; WATERS; c/n WAT025604; 5pc per pack","0","0","0","Tidak","-"
"P-19234-00","Fitting Tee Tubing (Pneumatic Union Speed Control) 12 mm; EMC; ;","0","0","0","Tidak","-"
"P-19238-00","Fitting Tee Tubing 12mm; EMC; ;","0","0","0","Tidak","-"
"P-15855-00","FITTING UNION TEE, SMC, KQ2T10-00A","0","0","0","Tidak","-"
"T-25027-00","Fitting, Internal Reducer, 1/16 to 1/32 inch; Agilent; p/n: 0100-2594;","0","0","0","Tidak","-"
"S-40851-00","Flashdisk 4GB; Sandisk; ;","0","0","0","Tidak","-"
"Q-70093-00","Flat Parallel Mini Srewdriver 3x65; Kennedy; KEN5725220K; pack size per pcs","0","0","0","Tidak","-"
"P-50943-00","Flexible conduit dia 20 mm","1","0","0","Tidak","L3"
"O-19822-00","Flexible Front End 916 - (125.0 - 125.0)","1","1","1","Tidak","-"
"O-15875-00","Flexible Plate; Material = SUS316 L T= 1.2mm; ; ;","0","1","1","Tidak","-"
"P-54158-00","Float Level Switch VSS-2FJ-S3-L900-FS40S-0 Flange 2 inch; WINGEL; ;","0","0","0","Tidak","-"
"P-18906-00","Float Valve D14 mm AI SI 316L; Lokal; ;","0","0","0","Tidak","-"
"P-18572-00","Flow assembly for electrodes ORP type 462 5020-40; JUMO; ;","0","0","0","Tidak","-"
"O-18166-00","Flow Meter 1-10 CMH LZQ-7","0","0","0","Tidak","-"
"O-19348-00","Flow Sensor for Aerosol Photometer ATI 2i PN: 5300167; ; ;","0","0","0","Tidak","-"
"P-52229-00","Flow Sensor S401 Insertion Type Flow Sensor,220 mm; SUTO; ;","0","0","0","Tidak","-"
"P-52515-00","Flow Sensor Type SE30-HT (High Temperature Version); Burkert; ;","0","0","0","Tidak","-"
"O-51986-00","Flow Switch 1inch 220V; ; ;","1","0","0","Tidak","F-1"
"P-52265-00","Flow Switch Model FS-1 Screw NPT 1 Inch Wingel","0","0","0","Tidak","-"
"P-54065-00","Flow Switch Stainless 1/8 inch Kabel Tahan Panas @4mtr","0","0","0","Tidak","-"
"O-53037-00","Flow Transmitter 100Pa; 1/2 - 10Vac; 0-4-20mAMicatrone","0","0","0","Tidak","-"
"P-52514-00","Flow Transmitter Type 8025 (Remote/Panel Version); Burkert; ;","0","0","0","Tidak","-"
"P-15856-00","FLOW VALVE, KYLOLA, KFH-CA44","0","0","0","Tidak","-"
"P-17640-00","Flowmeter Fortex TP SS316 2 1/2 Inch,220 VAC, Modbus RS485; SHM; ;","0","0","0","Tidak","-"
"P-15447-00","Flowmeter Merk Wiebrock; 100 LPM, 0 - 100liter / menit; ; ;","0","0","0","Tidak","-"
"P-15446-00","Flowmeter Merk Wiebrock; 60 LPM 0-60 liter/menit; ; ;","0","0","0","Tidak","-"
"P-15448-00","Flowmeter Mfg : Dwyer; Type : MMA-5; ; ;","0","0","0","Tidak","-"
"P-15449-00","Flowmeter Mfg : Dwyer; Type : RMA-1-SSV-ARB; Range : 0.05-0.4 SCFH AIR; ; ;","0","0","0","Tidak","-"
"O-52381-00","Flowmeter P/n: 9193142 Miele","0","0","0","Tidak","-"
"Q-12181-00","Flush Bolt 1625 + Stang; Griff; -; 1 Pc","0","0","0","Tidak","-"
"Q-50025-00","Flush Bolt 370mm; Dekkson; FB SQ 501; pc","0","0","0","Tidak","-"
"Q-50012-00","Flush Bolt Grendel Tanam Slot Pintu; Dekkson; FB 040 8+12 inch; pack size per set (8 inch dan 12 inch)","0","0","0","Tidak","-"
"P-70003-00","Forklift Jungheinrich - Filter Air; Jungheinrich; 51440858; 1 pc","1","0","0","Tidak","S-2-9"
"P-70002-00","Forklift Jungheinrich - Filter Cartridge; Jungheinrich; 5140412; 1 pc","1","0","0","Tidak","S-3-2"
"P-70004-00","Forklift Jungheinrich - Oil Hidraulic UG 46 (C); Jungheinrich; -; 1 pc","35","0","0","Tidak","-"
"P-70005-00","Forklift Jungheinrich - Oil Transmission 80W 90 (L); Jungheinrich; -; 1 pc","5","0","0","Tidak","-"
"Q-50013-00","Frame or Perimeter Seal RP48 White; Raven; R48W6; 6 meter/pck","0","3","10","Tidak","-"
"P-19271-00","Free Float Steam Trap 1/2 inch (DN15); TLV; J3X10;","0","0","0","Tidak","-"
"P-19272-00","Free Float Steam Trap 3/4 Inch (DN 20); TLV; J3X10;","3","0","0","Tidak","L-4"
"P-19273-00","Free Float Steam Trap 3/4 inch (DN 20); TLV; J5X10;","1","0","0","Tidak","L-4"
"O-53165-00","Freeze Dryer - Inverter Compressor Frequency Converter EB19-00108 Schneider ATV71HD22N4Z","1","0","0","Tidak","-"
"O-21327-00","Freeze Dryer Lyofast 10 - Cover Block dia 50mm tebal 10mm, Mat. Kuningan; Custom/Lokal; -; 1 Pc","0","0","0","Tidak","-"
"O-53516-00","Freeze Dryer Lyofast 10 - RTD PT 100 ohm Dia 4x16mm, Temp. -100 - 200?C, P. Kabel 10 meter; Custom/Lokal; -; 1 Pc","2","1","2","Tidak","-"
"O-21127-00","Freeze Dryer Lyofast 10 - Sight Glass Seal Silicone O-ring OD 170,6 ID 160 Tebal 5.3; ; ; 1 Pc","5","5","10","Tidak","-"
"O-18929-00","Freeze Dryer MBE1207 -  FILTER Cartridge SANRONG FILTER ELEMENT for SFR487T Housing P/N : EDF16-01060; ; ;","2","2","4","Tidak","D-2-5B"
"O-53604-00","Freeze Dryer MBE1207 -  Flow Switch; SMC; IFW510-04-00; 1 pc","2","0","0","Tidak","I-3-2"
"O-19212-00","Freeze Dryer MBE1207 -  Orifice No. 03 068-2006; Danfoss; ;","4","4","8","Tidak","D-2-8A"
"O-16152-00","Freeze Dryer MBE1207 - Circulation Pump Inlet Pressure Gauge Valve; CASTEL; 6110/23; Receiver Valve 1/4"" SAE Flare + 3/8"" NPT, Direct;","1","0","0","Tidak","D-1-3C"
"O-16149-00","Freeze Dryer MBE1207 - Complete O-ring/Gasket for shelves below; ; 345x5.3;132x5.3;106x5.3;8x1.8;180x3.55;","0","0","0","Tidak","-"
"O-53337-00","Freeze Dryer MBE1207 - Condenser Drain Steam Trap TD600 1 inch NPT; WATSON; EB14-00117; 1 Pc","2","0","0","Tidak","R-3-3"
"O-53336-00","Freeze Dryer MBE1207 - Electrically Controlled Directional Valve DTDF-MCN-224-U9N; ARON; EB02-00535; 1 Pc","2","0","0","Tidak","R-3-11"
"O-20952-00","Freeze Dryer MBE1207 - Flexible Plate; Material = SUS316 L T= 1.2mm; Custom/Lokal; -; 1 Pc","0","0","0","Tidak","-"
"O-52271-00","Freeze Dryer MBE1207 - Flow Switch SMC Part No. IFW550-N04-00","1","0","0","Tidak","D-1-13A"
"O-20211-00","Freeze Dryer MBE1207 - FV401 Butterfly valve support 9611416470; Alfalaval; EB50-00047; 1 Pc","2","0","0","Tidak","D-1-18-B"
"O-53151-00","Freeze Dryer MBE1207 - FV401 Disused:Microswitch 9612510702; Alfalaval; EB50-00693; 1 Pc","2","0","0","Tidak","D-1-16A"
"O-53150-00","Freeze Dryer MBE1207 - FV401 Pneumativ Actuator 9611416301; Alfalaval; EB50-00044; 1 Pc","2","1","2","Tidak","D-4"
"P-18667-00","Freeze Dryer MBE1207 - Gasket Slot Door Silicone dia 13 mm; ; ;","12","1","2","Tidak","D5"
"O-19810-00","Freeze Dryer MBE1207 - Gasket Teflon Uk. 45x41x1.5; Custom; ;","2","1","2","Tidak","D-2-1C"
"O-17998-00","Freeze Dryer MBE1207 - Main Door Gasket P/N : EB41-00568; ; ;","8","0","1","Tidak","D-5"
"O-52841-00","Freeze Dryer MBE1207 - Mechanical Positioner Switch 50-0406-12610-532 P/n: EB14-00072; BRAY; ;","4","2","4","Tidak","G-3-7 dan G-3-8"
"O-17997-00","Freeze Dryer MBE1207 - Mushroom Seal P/N : EBSF0005AR0; ; ;","6","1","2","Tidak","D-5"
"O-18987-00","Freeze Dryer MBE1207 - Oil Compressor RL 46H @5 Liter; EMKARATE; ;","0","0","0","Tidak","-"
"O-18918-00","Freeze Dryer MBE1207 - Oil Cooling Heat Exchanger B25THx20/1P-SC-S; SWEP; ;","2","1","2","Tidak","D-4-7"
"O-18917-00","Freeze Dryer MBE1207 - OIL COOLING WATER REGULATOR 003N0107 AVTA15 G 1/2 Inch Kv=1.9m3/h Temperature; DANFOSS; ;","1","1","2","Tidak","D-2-11"
"O-18094-00","Freeze Dryer MBE1207 - Orifice 0,3 Danfoss; ; ;","0","0","0","Tidak","-"
"O-20475-00","Freeze Dryer MBE1207 - Oring Silicone 5x39x49 mm LPRV; Custom/Lokal; -; 1 pc","6","4","8","Tidak","-"
"O-18912-00","Freeze Dryer MBE1207 - Pneumatic Actuator 92-063-11300-532 Double Actuating P/n: EB14-00083; BRAY; ;","2","1","2","Tidak","D-4-6"
"O-18915-00","Freeze Dryer MBE1207 - Pneumatic Actuator 93-0635FC-11300-532 P/n: EB14-00085; BRAY; ;","1","1","2","Tidak","D4"
"O-17996-00","Freeze Dryer MBE1207 - Slot Door Pressure Gasket P/N : EDF01-02008; ; ;","1","1","1","Tidak","D5"
"O-17995-00","Freeze Dryer MBE1207 - Slot Door Vacuum Gasket dia.12.7 P/N : EB41-00517; ; ;","0","0","1","Tidak","-"
"O-53643-00","Freeze Dryer MBE1207 - Solenoid 180-4E1-PLL 24VDC; Koganei; -; 1 Pc","0","0","0","Tidak","-"
"O-18891-00","Freeze Dryer MBE1207 - SV102 Coil 018F6857 DC24V p/n: EB15-00306; DANFOSS; ;","1","1","2","Tidak","D-2-9C"
"O-52845-00","Freeze Dryer MBE1207 - SV169 Coil MKC-1 AC220V P/n: EB15-00507; MYCOM; ;","2","2","4","Tidak","D-1-9A"
"O-52825-00","Freeze Dryer MBE1207 - SV54 14193T 330 S.S+FKM I/O: G1/4 Inch Orifice 4mm Kv=0.28 m3/h NO DC24V p/n:; BURKERT; ;","4","1","2","Tidak","D-4-5"
"O-18175-00","Freeze Dryer MBE1207 - Tefflon Self","10","0","0","Tidak","D-2-1D"
"O-20026-00","Freeze Dryer MBE1207 - Temperature Probe PT100 DIN 43760 316 SS Teflon AWG #26 Class A; Minco; S102037PM3R120;","0","2","4","Tidak","-"
"O-16979-00","Freeze Dryer MBE1207 - Thermostatic Cooling Water AVTA15 Danfoss","0","0","0","Tidak","-"
"O-53335-00","Freeze Dryer MBE1207 - ZT900 Shelf Ram Position Sensor; -; EHM1250MD341A01; 1 Pc","1","0","0","Tidak","-"
"O-20728-00","Freeze Dryer MBE1207- Actuator Pnaumatic Valve 0.5 Inch + Switch Box; EB50-00678; Saunders; SG008SY0202ERNLRNYN-M2E2010; 1 Set","1","0","0","Tidak","H-3-11"
"O-20726-00","Freeze Dryer MBE1207- Actuator Pnaumatic Valve 1 Inch + Switch Box; EB50-00667; Saunders; SG025SY0404ERNLRNYN-M2E2010; 1 Set","3","0","0","Tidak","H-3-15"
"O-20727-00","Freeze Dryer MBE1207- Actuator Pnaumatic Valve 1.5 Inch + Switch Box; EB50-00668; Saunders; SG040SY0606ERNLRNYN-M2E2010; 1 Set","1","0","0","Tidak","-"
"P-15961-00","Freon 134A ;; ; ;","1","0","0","Tidak","N1"
"P-18865-00","Freon R407 - Chemours USA; ; ;","1","0","0","Tidak","-"
"P-14521-00","Freon R410A; Dupont; ;","2","1","1","Tidak","-"
"P-15903-00","Freon Refrigerant Dupon Suva R507; ; ;","0","0","0","Tidak","-"
"S-20105-00","Full Facepiece Reusable Respirator; 3M; 6800 Medium; pc","0","0","0","Tidak","-"
"T-20572-00","Furnitures - Potong bondor sesuai lemari","0","0","0","Tidak","-"
"P-50951-00","Fuse kaca 10 A 6x 30","7","5","10","Tidak","Box Kennedy"
"P-50956-00","Fuse kaca 2A 6x30","0","3","10","Tidak","-"
"P-50957-00","Fuse kaca 3 A 5x 20","0","1","5","Tidak","-"
"P-50959-00","Fuse kaca 3A 6x30","3","3","10","Tidak","Kennedy"
"P-50961-00","Fuse kaca 5 A 5x20","20","0","0","Tidak","Box Kennedy"
"P-50248-00","Fuse Keramik 13 A 250 V","0","0","0","Tidak","-"
"O-51157-00","Fuse Keramik 6A 10x38; ; ;","10","2","10","Tidak","Box Kennedy"
"T-21034-00","Fused Silica Tubing, Prostell, Deactivated 5M, 0.53mm, 0.67mm od; Agilent; P/n: 160-4535-5;","0","0","0","Tidak","-"
"O-51719-00","FUSES(250V,2A,VDE CERTIFICATE)","0","0","0","Tidak","-"
"P-51742-00","G24 - E27 Converter Fitting Lampu PLC Bohlam Extension","0","0","0","Tidak","-"
"P-14424-00","Garam Kutreat RGN-9800F; ; ; 25Kg/zak","475","50","350","Tidak","Sparepart"
"S-62052-00","Gas Acetylene (C2H2), Industrial Grade, 2kg; ; ;","0","0","0","Tidak","-"
"S-62032-00","Gas Argon (Ar); 1.5 M3; Refill;  Industrial Grade; Purity ? 99.95%","0","0","0","Tidak","-"
"S-62036-00","Gas Argon (Ar); 6 M3; Refill; High Purity (HP); Purity ? 99.995%","0","0","0","Tidak","-"
"T-21028-00","Gas Clean hydrocarbon purifier; Agilent; Part No. CP17972; 1/pk","0","0","0","Tidak","-"
"T-21029-00","Gas Clean moisture purifier; Agilent; Part No. CP17971; 1/pk","0","0","0","Tidak","-"
"T-21030-00","Gas Clean oxygen purifier; Agilent; Part No. CP17970; 1/pk","0","0","0","Tidak","-"
"P-13424-00","Gas Lens 2.4mm Std Body (WP9/20) Size : 2,4mm; ; ;","0","0","0","Tidak","-"
"S-62027-00","Gas Nitrogen (N2); 6 M3; Refill; Ultra High Purity (UHP); Purity ? 99.999%","0","0","0","Tidak","-"
"S-62005-00","Gas Oksigen (O2) ; 6 M3; Refill; Industrial Grade; Purity ? 99.95%","0","0","0","Tidak","-"
"O-15487-00","Gas Spring Model : 8-18-2, 03 SL/300N-486; ; ;","0","0","0","Tidak","-"
"O-18349-00","Gas Spring Stabilus Lift-o-mat 065641 0500N; ; ;","0","0","0","Tidak","-"
"P-17676-00","Gas Wonder Fuel 220 Gram","0","0","0","Tidak","-"
"O-13521-00","gasket 1 1/2"" / EPDM - P/N : -  pc","19","10","30","Tidak","M3"
"P-14376-00","Gasket 2 1/2"" /EPDM; ; ;","0","0","0","Tidak","-"
"O-13522-00","gasket 2"" / EPDM; ; ;","30","10","30","Tidak","M3"
"P-14379-00","Gasket 3/4"" /EPDM; ; ;","9","0","0","Tidak","D-2-2A"
"P-13709-00","Gasket Flange DN25","2","0","0","Tidak","M2"
"P-13708-00","Gasket Flange DN40","0","0","0","Tidak","-"
"P-13707-00","Gasket Flange DN50","0","0","0","Tidak","-"
"P-13706-00","Gasket Flange DN65","2","0","0","Tidak","M2"
"O-19288-00","Gasket Gloves Leak Tester Port Mixing; GEMA; ;","5","0","0","Tidak","-"
"O-15596-00","GASKET O RING + SPRING 255","0","0","0","Tidak","-"
"O-15597-00","GASKET O RING 2,5","0","0","0","Tidak","-"
"O-15598-00","GASKET O RING 216","0","0","0","Tidak","-"
"O-15599-00","GASKET O RING 286","0","0","0","Tidak","-"
"O-15600-00","GASKET O RING 301","0","0","0","Tidak","-"
"O-15601-00","GASKET O RING 304","0","0","0","Tidak","-"
"O-15602-00","GASKET O RING 305","0","0","0","Tidak","-"
"O-15603-00","GASKET O RING 310","0","0","0","Tidak","-"
"O-15604-00","GASKET O RING 314","0","0","0","Tidak","-"
"O-15605-00","GASKET O RING 315","0","0","0","Tidak","-"
"O-15606-00","GASKET O RING 424","0","0","0","Tidak","-"
"O-15607-00","GASKET O RING 80","0","0","0","Tidak","-"
"O-16827-00","Gasket Oil Separator Part No. 401","0","0","0","Tidak","-"
"O-15608-00","GASKET PRESSURE DRAIN SIDE 1 ; PR12 ;","0","0","0","Tidak","-"
"O-15609-00","GASKET PRESSURE DRAIN SIDE 2 ; PR13 ;","0","0","0","Tidak","-"
"P-15818-00","Gasket Tombo 1000, Tebal 5mm, uk.1270x1270mm; ; ;","0","0","0","Tidak","-"
"O-19512-00","Gasket Uk. 1,5 mm x 100 cm x 100 cm; Klingersil; C-4400;","0","0","0","Tidak","-"
"P-17368-00","Gate valve 2 inch Flange JIS 10K","0","0","0","Tidak","-"
"O-15488-00","Gauntlets for main chamber, port size 250 x 200 mm; ; ;","0","0","0","Tidak","-"
"T-20447-00","GC inlet seal, gold plated, with washer.; Agilent; Part No. 5188-5367; 1 pc per pack","0","0","0","Tidak","-"
"O-17831-00","Gear Door Autoclave, HARRISA CIPTARINDO ENGINEERING, CV P/N : -  pc","1","1","2","Tidak","E-3-3D"
"O-15612-00","GEARED BELT 16AT05 1050(TOOTHED BELT DIN 7721 AT5 : 16AT5 / 1050 - PU)","0","0","0","Tidak","-"
"S-50264-00","Gelas Ukur 1000 ml Class A ; Brand : Iwaki ; CN : 3022-1000-N","0","0","0","Tidak","-"
"Q-10859-00","Gembok 40 mm;No Brand;;pack size per pcs","0","0","0","Tidak","-"
"P-12365-00","Gembok sedang uk. 5 mm","0","0","0","Tidak","-"
"P-52119-00","General - Accu 6FM40, Baterai Kering, 12 V, 40 Ah; Vision; -; 1 pcs","10","0","0","Tidak","Sparepart"
"P-50140-00","General - Accu NP9-12, Baterai Kering, 12 V, 9 Ah; Yuasa; -; 1 pcs","10","2","5","Tidak","M3"
"P-52711-00","General - Accu NS70, Baterai Kering, 12 V, 65 Ah; GS Astra; -; 1 pcs","0","1","3","Tidak","-"
"P-53094-00","General - Actuator; Belimo; GMX120-3; 1 pcs","0","0","0","Tidak","-"
"P-19381-00","General - Adaptor Nepel Kran Freon R22/R410 Isi Freon AC , Low & High; No Brand; ; 1 Pc","3","0","0","Tidak","-"
"P-12994-00","General - Adhesive Tape -; Nippon; ASF-110FR; 1 pc","7","3","10","Tidak","A-2-5"
"O-53236-00","General - Advanced Control Unit 24VDC 1.25-5A; Schneider; LUCB05BL; 1 Pc","3","0","0","Tidak","E-2-5B"
"P-19889-00","General - Air Accu Merah; DeQuua; -; 20L/can","1","0","0","Tidak","-"
"O-20913-00","General - Air Gripper; SMC; MHZJ2 20DS X43 X81B; 1 Pc","5","1","5","Tidak","B-3-13"
"P-19623-00","General - Air Gun 10 Inch; Tekiro; -; 1 pc","1","0","0","Tidak","-"
"P-11819-00","General - Alumunium duct tape 2inch; No Brand; -; 1 rol","9","2","10","Tidak","S-2-1 dan S-2-2"
"P-15852-00","General - Ampelas P500; EAGLE; -; 1 pcs","6","4","6","Tidak","N3"
"O-53421-00","General - Analog Input Module 4AI 0-10 VDC, Light Gray; Wago; 750-468; 1 Pc","2","1","2","Tidak","R-2-3"
"P-51321-00","General - Analog Smoke Detector; Nohmi Bosai; FDK38U; 1 pcs","0","0","0","Tidak","-"
"P-54559-00","General - Automatic Circuit Breaker Finder; Nofaya; NF-827S; 1 pc","0","0","0","Tidak","-"
"P-20361-00","General - Ball Valve PVC 1 Inch Gagang Stainless; No Brand; -; 1 pc","4","0","0","Tidak","-"
"P-20577-00","General - Ball Valve SS316 Fig. 600 UTKM 1/4 Inch 8mm Drat Screw; Kitz; -; 1 pc","1","0","0","Tidak","S-2-2"
"P-20576-00","General - Ball Valve SS316 Fig. 600 UTKM 3/8 Inch 10mm Drat Screw; Kitz; -; 1 pc","1","0","0","Tidak","S-2-7"
"P-53416-00","General - Ballast SMPS 300 TLD Driver LED 12VDC IP68; Talled; -; 1 pc","1","0","0","Tidak","M-4"
"P-53051-00","General - Baterai NiCad Emergency TL 6V; Hokistar; BT-006; 1 Pc","0","0","0","Tidak","-"
"P-53357-00","General - Battery Kering / Accu MF N100 12V 100Ah; GS Astra; 95E41R; 1 unit","1","0","0","Tidak","-"
"P-54357-00","General - Battery Rechargeable 6V 6000mAh; NI-MH Battery; -; 1 pc","10","0","0","Tidak","O3"
"P-20233-00","General - Baut + Mur Tembaga M10 x 20 Kunci 17; No Brand; -; 20pcs/pack","0","0","0","Tidak","-"
"P-20039-00","General - Baut Button Flange M5 x 10mm x 1.5mm; No Brand; -; 100pcs/pack","0","0","0","Tidak","-"
"P-18554-00","General - Baut Hexagonal, SS 304, M4 x 8 mm; No Brand; -; 1 pcs","100","10","100","Tidak","S-2-11"
"O-19424-00","General - Baut Hexagonal, SS 304, M6 x 20 mm + Mur + Ring; No Brand; -; 1 pcs","78","10","100","Tidak","R-2-14"
"P-14519-00","General - Baut Hexagonal, SS, M8 x 30 mm + Mur + Ring; No Brand; -; 1 pcs","100","10","100","Tidak","-"
"P-20575-00","General - Baut L SS304 M5 x 40mm HT (Socket Cap Screw); No Brand; -; 100pc/pck","1","0","0","Tidak","-"
"P-19847-00","General - Baut L Tanam M4x4mm SS304; No Brand; -; 100pcs/pack","0","0","0","Tidak","-"
"P-19820-00","General - Baut L Tanam M5 x 10 x 0.8 SS 304; No Brand; -; 100pcs/pack","0","0","0","Tidak","-"
"P-18556-00","General - Baut L, SS 304, M3 x 10 mm + Mur; No Brand; -; 1 pcs","100","10","100","Tidak","S-2-11"
"P-18555-00","General - Baut L, SS 304, M3 x 6 mm + Mur; No Brand; -; 1 pcs","100","10","100","Tidak","S-2-11"
"O-19427-00","General - Baut L, SS, M3 x 30 mm + Mur + Ring; No Brand; -; 1 pcs","0","0","0","Tidak","-"
"O-19429-00","General - Baut L, SS, M4 x 10 mm + Mur + Ring; No Brand; -; 1 pcs","100","10","100","Tidak","R-2-11"
"O-19430-00","General - Baut L, SS, M5 x 20 mm + Mur + Ring; No Brand; -; 1 pcs","83","10","100","Tidak","S-2-11"
"O-19431-00","General - Baut L, SS, M8 x 30 mm + Mur + Ring; No Brand; -; 1 pcs","80","10","100","Tidak","R-2-14"
"P-19895-00","General - Baut M4 x 60mm + Mur + Ring; No Brand; -; 1 pc","0","0","0","Tidak","-"
"O-20106-00","General - Bearing 32011 X; SKF; ; 1 Pc","2","0","0","Tidak","G2"
"O-20105-00","General - Bearing 51104; SKF; ; 1 Pc","2","0","0","Tidak","A1"
"P-10558-00","General - Bearing 51113; SKF; 1 Pc","2","0","0","Tidak","-"
"O-20104-00","General - Bearing 61926; SKF; ; 1 Pc","2","0","0","Tidak","G-2"
"P-19850-00","General - Bearing 629ZZ; SKF; -; 1 pc","2","0","0","Tidak","G-2"
"P-19410-00","General - Bearing NATA5902; IKO; -; 1 pc","22","20","40","Tidak","G-2"
"P-20847-00","General - Bearing R4-2RS; EZO; -; 1 pc","0","0","0","Tidak","-"
"P-20635-00","General - Belt Dressing; Prestone; -; 250ml/can","5","0","0","Tidak","Flammable"
"O-20120-00","General - Belt T10 840 25 MM; Optibelt; ; 1 Pc","2","0","0","Tidak","G-2"
"P-20191-00","General - Besi CNP 100 x 50 x 2mm x 6000mm; No Brand; -; 1 batang","1","0","0","Tidak","-"
"P-13600-00","General - Besi Pejal, SS 304, dia. 8 mm; No Brand; -; 1 pcs","1","1","2","Tidak","-"
"P-20927-00","General - Besi Siku L 4 x 4cm; No Brand; -; 4 meter/pc","0","0","0","Tidak","-"
"P-20020-00","General - Besi UNP 100 x 50 x 3mm; No Brand; -; 1 pc","8","0","0","Tidak","-"
"P-20849-00","General - Blind Ferrule 1 inch SS316L Sanitary Foodgrade Solid End Cap Dop; No Brand; -; 1 pc","10","0","0","Tidak","S-3"
"P-10750-00","General - Blind Ferrule SS 316L 1/2inch; No Brand; -; 1 pcs","0","0","0","Tidak","-"
"P-19868-00","General - Blind Plate KF25 SS; Lokal; -; 1 pc","0","0","0","Tidak","-"
"P-20049-00","General - Bobbin Gulungan Kabel Jumbo 30cm; No Brand; -; 1 pc","10","0","0","Tidak","-"
"P-54672-00","General - Box Panel 950 x 600 x 300mm Tebal 1mm; No Brand; -; 1 pc","0","0","0","Tidak","-"
"P-20580-00","General - Bracket Timbangan VGA Uk. 50 x 320 x 450mm; Custom Agru; -; 1 pc","2","0","0","Tidak","S-3-7"
"P-19898-00","General - Bushing VAV dia. 24 x 26mm; Custom Agru Farma; -; 1 pc","50","1","10","Tidak","-"
"P-50810-00","General - Buzzer AD22-22MSD red with lamp; FORT; -; 1 pcs","6","2","5","Tidak","A-4-4A"
"P-54509-00","General - Buzzer Panel, 12VDC, 22mm, SCB-22; Shemco; -; 1 pc","5","0","0","Tidak","-"
"P-20041-00","General - Cable Duct 15 x 30mm; No Brand; -; 1,7meter/pc","6","0","0","Tidak","-"
"P-13429-00","General - Cable Ducting 25mm x 40mm; Lokal; -; 1 pcs","0","1","6","Tidak","-"
"P-15438-00","General - Cable Spiral Wrapping; KSS; KS12; 1 Pc","2","2","2","Tidak","J-5"
"P-52254-00","General - Capacitor, 40 mF, 400/450 VAC; No Brand; -; 1 pcs","1","1","3","Tidak","S-2-4"
"P-53210-00","General - Capacitor, 5 uF, 220 V, 2 kutub; No Brand; -; 1 pcs","4","2","4","Tidak","G-3-4"
"P-52110-00","General - Capacitor, 5 uF, 500 V, 50/60 Hz; No Brand; -; 1 pcs","5","1","5","Tidak","A-4-8B"
"O-21404-00","General - Capstan Roller V Series EAS001201SP 32mm; Domino; SP-0069; 1 Unit","1","0","0","Tidak","R-2-18"
"P-54351-00","General - Carbon Brush Set Mini Grinder MG005; No Brand; -; 1 set","2","0","0","Tidak","-"
"P-18598-00","General - Cast Iron Pipe Clamp, 2""; No Brand; -; 1 pcs","0","0","0","Tidak","-"
"P-18599-00","General - Cast Iron Pipe Clamp, 4""; No Brand; -; 1 pcs","0","0","0","Tidak","-"
"P-20445-00","General - Caustic Soda (NaOH), Flakes; Tjiwi; -; 1 kg","0","0","0","Tidak","-"
"P-19772-00","General - Centering Ring DN25 ISO-KF SS/FPM; No Brand; -; 1 pc","0","0","0","Tidak","-"
"P-19770-00","General - Centering Ring DN25 ISO-KF with Fine Filter; No Brand; -; 1 pc","0","0","0","Tidak","-"
"P-54256-00","General - Centrifugal Fan R3G220-RD53-03; EBMPAST; 8115613807; 1 unit","0","0","0","Tidak","-"
"P-20533-00","General - Chain Lube; WD-40 Specialist; -; 360ml/can","1","0","0","Tidak","-"
"P-19951-00","General - Check Valve SMC; -; AKH08A-025; 1 pc","0","0","0","Tidak","-"
"P-19434-00","General - Chemical Cleaning; Kuclean; AC 101; 1 PL = 25 Kg","1","0","0","Tidak","Sparepart"
"P-20528-00","General - Clamp Ferrule Complete SMS SS304 (12.7mm - EPDM) dia. 4 inch; No Brand; -; 1 pc","0","0","0","Tidak","-"
"P-19811-00","General - Clamp Ferrule Sanitary 3/4 Inch; No Brand; -; 1 pc","5","0","0","Tidak","F-2-10"
"P-19879-00","General - Clamp Pipa Gantung 2,5inch; No Brand; -; 1 pc","12","0","0","Tidak","N4"
"P-12077-00","General - Clamp Selang, SS 1 1/4""; Tridon; -; 1 pcs","0","0","0","Tidak","-"
"P-12080-00","General - Clamp Selang, SS, 1""; Tridon; -; 1 pcs","0","0","0","Tidak","-"
"P-12083-00","General - Clamp Selang, SS, 1/2""; Tridon; -; 1 pcs","3","3","10","Tidak","-"
"P-12082-00","General - Clamp Selang, SS, 3/4""; Tridon; -; 1 pcs","9","3","10","Tidak","-"
"P-19771-00","General - Clamping Ring DN20-25 ISO-KF; No Brand; -; 1 pc","0","0","0","Tidak","-"
"P-54510-00","General - Comb Busbar Sisir MCB, 1 Phase, 12 Module, 63A; Schneider; EZ9XP112; 1 pc","0","0","0","Tidak","-"
"P-54508-00","General - Comb Busbar Sisir, 3 Phase, 63A, 10391; Schneider; -; 1 pc","2","0","0","Tidak","-"
"P-20543-00","General - Constant Air Volume EN Uk. 500x300mm; Trox; 1350-5400; 1 pc","0","0","0","Tidak","-"
"P-20542-00","General - Constant Air Volume EN Uk. 600 x 200mm; Trox; 918-3672; 1 pc","0","0","0","Tidak","-"
"P-10729-00","General - Contact cleaner WD 40; No Brand; -; 382gr/can","1","2","4","Tidak","Flammable"
"O-53166-00","General - Contactor AX 12-30-10 220-230 Vac 50Hz ABB 1SBL911074R8010","0","0","0","Tidak","-"
"P-20358-00","General - Control Gear Replacement VVF42,100-125C 2-port seat Valve, Flanged, PN10, DN100, kvs 125; Siemens; -; 1 pc","1","0","0","Tidak","-"
"P-54254-00","General - Control Valve DN20 with Actuator; Regin; DFCM-220X; 1 pcs","3","0","0","Tidak","F-1"
"P-53031-00","General - Cooling Fan; Fulltech; UF15AC23-BTH; 1 Pc","3","0","0","Tidak","D2"
"P-19777-00","General - Coupling Adapter Mixer SS 304 SMBS Uk. 35x100mm; Custom; -; 1 pc","1","0","0","Tidak","D-3-8C"
"P-20285-00","General - Cover Sensor Temp RH 110 x 150mm; Custom Agru; -; 1 pc","1","0","0","Tidak","-"
"P-54210-00","General - Cover Stop Kontak; Schneider; IEC 60529 BS5733; 1 pcs","15","0","0","Tidak","H-5"
"P-18019-00","General - Dial 4"" Pressure Gauge 0-10 bar; Connection: 3/8"", Screwed BSP; Spirax Sarco; 273300; 1 pc","2","0","0","Tidak","-"
"O-16981-00","General - Diaphragm 25 mm ER Grade EPDM; Saunders; DA025ER M4; 1 Pc","31","30","90","Tidak","D3"
"O-16980-00","General - Diaphragm 40 mm ER Grade EPDM; Saunders; DA040ER M4; 1 Pc","18","18","54","Tidak","D3"
"O-20496-00","General - Diaphragm Grade ER SQUARE Type A EPDM Diaphragm Screw; Saunders; DP008ER; 1 Pc","6","6","18","Tidak","R-4-4"
"P-19304-00","General - Diaphragm Valve PTFE/EPDM DN 10 - 20 Type 612, 625; Gemu; P/N : 600 10M 54;","4","0","0","Tidak","L3"
"P-19303-00","General - Diaphragm Valve PTFE/EPDM DN 65 - 80 Type 653, 687; Gemu; P/N : 600 80M 54;","0","0","0","Tidak","-"
"P-19954-00","General - Differential Pressure Controller DHC-206 Size 2.5inch w.c.; Dwyer; -; 1 pc","1","0","0","Tidak","F-4"
"P-52994-00","General - Differential Pressure Switch 20..300Pa, Relay (NO/NC) 1.5A; Regin; DTV300X;","3","0","0","Tidak","L3"
"P-54352-00","General - Digital Motor Speed Controller Dimmer Lampu Suhu Heater AC 220V 4000W; No Brand; -; 1 pc","2","0","0","Tidak","F-3"
"P-53262-00","General - Din Rail MCB; No Brand; -; 1 pc","0","0","0","Tidak","-"
"P-19950-00","General - Directional Valve Pin Lock; SMC; VHL210W-02; 1 pc","0","0","0","Tidak","-"
"P-53381-00","General - Display Inverter LCP 02; Danfoss; 130B1107; 1 pc","0","0","0","Tidak","-"
"P-20751-00","General - Door Shoe Car Door; Schindler; IWU-000528; 1 pc","0","0","0","Tidak","-"
"P-20019-00","General - Door Sticker T30-X; Austar; -; 1 pc","0","0","0","Tidak","-"
"P-19659-00","General - Dop, PVC AW, 3/4""; No Brand; -; 1 pc","4","0","0","Tidak","-"
"P-53023-00","General - Dosing Pump, Manual Strokes + Fitur Analogue 4-20 mA; Prominent; BT4B 0708 PVT 2000UA011A00YP; 1 Unit","1","0","0","Tidak","M-4"
"P-20014-00","General - Double Nepple Kuningan Drat 3/8 inch - 3/8inch; No Brand; -; 1 pc","5","0","0","Tidak","-"
"O-15931-00","General - Double Tape 1"" Merah; 3M; -; 1 Pc","25","3","6","Tidak","N3 dan R-3-14 dan R-3-12"
"P-19819-00","General - Drain Pan Humidity Chamber SS304; Custom; -; 1 unit","0","0","0","Tidak","-"
"P-19844-00","General - Drain Pan WIHC; Custom Agru Farma; -; 1 pc","1","0","0","Tidak","Putih"
"P-10183-00","General - Drain Sewerage Opener GL-10; No Brand; -; 1 pc","16","0","0","Tidak","-"
"O-16030-00","General - Dry box glove, 4/10 mm, CSM, 97800 Y 8.5 E4 5; Piercan; 1292; 10 pcs per pack","20","16","20","Tidak","C5"
"P-20570-00","General - Dudukan Equinok Uk. 50 x 90 x 160mm; Custom Agru; -; 1 pc","1","0","0","Tidak","-"
"P-20720-00","General - Dudukan Sensor ORP Ukuran 58 x 27 mm; Custom Agru; -; 1 pc","1","0","0","Tidak","-"
"P-19442-00","General - Elbow Male Connector Od 6mm x 1/4 inch NPT Stainless Steel; No Brand; -; 1 Pc","6","0","0","Tidak","F-1"
"P-20431-00","General - Elbow Ornamen SS201 dia. 4 inch; No Brand; -; 1 pc","0","0","0","Tidak","-"
"P-10867-00","General - Elbow PVC 3 inch; Rucika; -; 1 pc","4","2","4","Tidak","-"
"P-10857-00","General - Elbow PVC 90 AW 1 1/2inch; Rucika; -; 1 Pc","4","2","4","Tidak","-"
"P-10859-00","General - Elbow PVC 90 AW 1/2inch; Rucika; -; 1 Pc","4","2","4","Tidak","-"
"P-15078-00","General - ELBOW PVC AW 2"" ; Rucika; -; 1 pc","7","2","4","Tidak","Klaris"
"P-10868-00","General - Elbow PVC AW 4inch; Rucika; -; 1 Pc","4","2","4","Tidak","-"
"P-20699-00","General - Elbow Thermaflex 1 Inch x 3/4 Inch; No Brand; -; 1 pc","0","0","0","Tidak","-"
"P-20698-00","General - Elbow Thermaflex 2 1/2 Inch x 3/4 Inch; No Brand; -; 1 pc","0","0","0","Tidak","-"
"P-53398-00","General - Electric motor, 0.37 Kw, S1, 230-400V, 50 Hz, B5, ISOL.Class F, IP55 IE2; Motovario; TH 71B4; 1 unit","1","0","0","Tidak","-"
"P-53401-00","General - Electric Motor, 1.5 KW, 230-400V, 50Hz, B5, ISOL.Class F, IP55, IE3; Motovario; TP 90L4; 1 unit","2","0","0","Tidak","P-2"
"P-51916-00","General - Electromotoric Actuator Valve 400N, AC/DC 24V, 0-10V, 4..20mA; Siemens; SAS61.03; 1 pc","0","0","0","Tidak","-"
"O-53332-00","General - Electrovalve 9232 Assy; Markem Imaje; ENM37928; 1 Pc","0","0","0","Tidak","-"
"O-53331-00","General - Electrovalve Bloc MS M; Markem Imaje; ENM46408; 1 Pc","0","0","0","Tidak","-"
"P-15053-00","General - Element Filter 0.01 micron; NXE-400-X; -; 1 pc","2","0","0","Tidak","L-3"
"P-15052-00","General - Element Filter 1 micron; NXE-400-Z; -; 1 pc","2","0","0","Tidak","-"
"P-17062-00","General - Element Filter for N2; NEXUS; NXE-90-Z; 1 pc","1","0","0","Tidak","L-4"
"O-53422-00","General - Emergency Push Button M22-PV + Fix Adapter M22-A + Contact MC M22-CK01; Eaton; -; 1 pc = 1 Set","1","0","0","Tidak","A-4"
"P-52513-00","General - Emergency Stop 22mm; IDEC; -; 1 pc","2","1","2","Tidak","S-2-9"
"O-12868-00","General - Emflon PFR membrane filter cartridge, 0.2 um sterilizing grade, 5-inch length, double-o-ring (silicone) with bayonet lock and flat end; Pall; AB05PFR2PVH4; 1 pcs","0","0","0","Tidak","-"
"P-54576-00","General - End Plate for Terminal Blok TBR20; No Brand; -; 1 pc","100","0","0","Tidak","-"
"P-54348-00","General - Exhaust Fan 4414M; EBMPast; -; 1 pc","3","0","0","Tidak","A-3"
"P-53382-00","General - Exhaust Fan; KDK; 24CDQNA; 1 unit","0","0","0","Tidak","-"
"O-53215-00","General - Exhaust Fan;Ebm-Papst;R3G190-RC05-03;","2","0","0","Tidak","-"
"P-20186-00","General - Expanded Metal Besi Tipe 3035 Uk. 1200 x 2400 x 3mm; No Brand; -; 1 pc","1","0","0","Tidak","-"
"P-53000-00","General - Exterbal Pacing Cable Dosing Pump Pulse 2 Wire; Prominent; BT4B 0708 PVT 2000UA010000;","0","0","0","Tidak","-"
"P-53404-00","General - External Cable 5 Wire for Dosing Pump Analogue 4-20mA; Prominent; BT4B 0708 PVT 2000UA011A00YP; 1 pc","1","0","0","Tidak","M-4"
"P-54592-00","General - Fan Motor F61-10; Polytron; -; 1 unit","5","0","0","Tidak","E-2-12"
"P-17363-00","General - Ferrule SS 316, 1/2inch; No Brand; -; 1 pcs","2","0","0","Tidak","-"
"P-10763-00","General - Ferrule SS 316L 1inch; No Brand; -; 1 pcs","3","1","3","Tidak","R-4-5"
"O-53423-00","General - Fiber Optic Sensor BF3RX; Autonics; A00291; 1 Pc","2","0","0","Tidak","G-2"
"P-19065-00","General - Filter Dryer; Emerson; EK-052; 1 pcs","1","0","0","Tidak","F-3-12"
"P-14454-00","General - Filter IAF MB Series (Medium Filter), efficiency : 60-65 %, Size: 12 x 24 x 12 inch; IAF; -; 1 pcs","8","3","10","Tidak","Ruang Filter"
"P-14453-00","General - Filter IAF MB Series (Medium Filter), efficiency : 60-65 %, Size: 24 x 24 x 12 inch; IAF; -; 1 pcs","0","3","10","Tidak","-"
"P-14457-00","General - Filter IAF MBV Series (Medium Filter), efficiency : 90-95 %, Size: 24 x 24 x 12 inch; IAF; -; 1 pcs","1","1","10","Tidak","Ruang Filter"
"P-19757-00","General - Filter Panel Size 4inch; No Brand; -; 1 pc","2","0","0","Tidak","M-4"
"P-20283-00","General - Filter Regulator AW30-03-A; SMC; -; 1 pc","0","0","0","Tidak","-"
"P-15433-00","General - Fitting KQ2E06-00A; SMC; -; 1 Pc","10","5","10","Tidak","R-2-9"
"P-54575-00","General - Fitting Lampu Halogen MR16 Socket GY5.3; No Brand; -; 1 pc","5","0","0","Tidak","R-2-18"
"P-19233-00","General - Fitting QS 1/2 x 8 mm; EMC; -; 1 pc","5","0","0","Tidak","R-4-8"
"P-19894-00","General - Fitting QS 1/8 x 6mm; EMC; -; 1 pc","0","0","0","Tidak","-"
"P-19232-00","General - Fitting QSL 3/8 x 12 mm; EMC; -; 1 pc","10","5","20","Tidak","R-4-8"
"P-19952-00","General - Fitting SMC; SMC; KQ2U08-00A; 1 pc","1","0","0","Tidak","-"
"P-14951-00","General - Fitting Union Tee KQ2T06-00A; SMC; -; 1 pc","11","3","6","Tidak","R-2-3"
"P-20144-00","General - Flange SS304 JIS 10K STD 2,5inch; No Brand; -; 1 pc","0","0","0","Tidak","-"
"P-19877-00","General - Flexible Ducting Pipa Alumunium 4inch; No Brand; -; 1 pc","6","0","0","Tidak","-"
"P-20284-00","General - Float Steam Trap 1inch FT14-10 SG Iron Body Connection Screwed BSP; Spirax Sarco; 1475700C; 1 pc","2","0","0","Tidak","L-4"
"P-19483-00","General - Float Vent 1/2 Inch; Yoshitake; TA-22; 1 Pc","2","0","0","Tidak","L-1"
"P-17668-00","General - Flow Control With Fitting, AS2002F-04; SMC Pneumatics; -; 1 pcs","10","2","10","Tidak","-"
"P-19955-00","General - Flow Sensor Fitting S030 for Paddle Wheel Sensor SET08; Burkert; SET08-S030-0000-VAFF-P5-00-0-000/00-0*MP13+MP19; 1 pc","0","0","0","Tidak","-"
"P-20571-00","General - Force Gauge Digital 50kg; No Brand; AMF-500; 1 pc","0","0","0","Tidak","-"
"P-15960-00","General - Freon R32; Dupont; -; 1 pcs","4","0","0","Tidak","-"
"P-18725-00","General - Freon R507; Chemours; -; 1 pcs","6","4","8","Tidak","Biru"
"P-54372-00","General - Fuse Holder 10 x 38, 32A; Fort; -; 1 pc","2","0","0","Tidak","A-4-7C"
"P-54410-00","General - Fuse Kaca 1.5A, 250V, 5 x 20mm; No Brand; -; 1 pc","16","0","0","Tidak","-"
"P-50962-00","General - Fuse kaca 5A x 6 x 30mm; Lokal; -; 1 pc","8","3","10","Tidak","-"
"P-53055-00","General - Fuse Keramik Double 160A 690VAC Bussman FEE160","9","0","0","Tidak","M-4"
"P-20660-00","General - Gas Spring FGSS22200B; Misumi; -; 1 pc","0","0","0","Tidak","-"
"P-14377-00","General - Gasket Ferrule EPDM 1inch; Lokal; -; 1 pc","50","10","30","Tidak","M3"
"P-19647-00","General - Gasket Ferrule EPDM 6inch; Lokal; -; 1 pc","3","0","0","Tidak","E-4-6"
"P-15817-00","General - Gasket Teflon Lembaran, Tebal 5mm, Size: 1000 x 1000mm; No Brand; -; 1 pc","1","1","1","Tidak","Biru"
"O-20506-00","General - Gasspring 80-245mm shaft 8mm diameter cylinder 18mm; Stabilus; P/N : 084093; 1 Pc","2","0","0","Tidak","G-3"
"P-14407-00","General - Gate Valve 1/2inch; Kitz; -; 1 pc","2","0","0","Tidak","S-3-9"
"P-20238-00","General - Gate Valve Kuningan 1/2 Inch ASA; KITZ; -; 1 pc","2","0","0","Tidak","-"
"P-14966-00","General - Gate Valve Kuningan 2inch; Kitz; -; 1pc","2","0","0","Tidak","F-1"
"O-20502-00","General - Gear Motor Infeed Caping; Bonfiglioli; VF30 P 20 P63 + BN63B 4; 1 Unit","1","0","0","Tidak","-"
"O-20499-00","General - Gearbox Caps Chute; Bonfiglioli; VF44 P 7 B3; 1 Pc","1","0","0","Tidak","-"
"O-20498-00","General - Gearbox Naik Turun Turet; Bonfiglioli; VF30 P 7 B3; 1 Pc","1","0","0","Tidak","-"
"P-53399-00","General - Gearbox, Ratio I=14.3x, Frame 071, DIM.25x50, Flange Mounted, Helical Gear; Motovario; HA42 F; 1 unit","1","0","0","Tidak","-"
"P-53400-00","General - Gearbox, Ratio I=14.5, Frame 090, DIM. 30x60, Flange Mounted, Helical Gear; Motovario; HA52; 1 unit","2","0","0","Tidak","P-2"
"P-20544-00","General - General Ferrule EPDM NW200; No Brand; -; 1pc","4","0","0","Tidak","S-3-8"
"O-20749-00","General - Grease EP2 16 KG; Mobilux; -; 1 Pail = 16 Kg","1","0","0","Tidak","-"
"P-16359-00","General - Hand Tap M 6 x 1,0 mm; Yamawa; -; 3pcs/set","0","0","0","Tidak","-"
"P-20532-00","General - Hand Tap M3 x 0.5; Yamawa; -; 3pcs/pack","4","0","0","Tidak","S-2-8"
"P-18711-00","General - Hand Taps M 4 x 0.7 mm Made In Japan ; Yamawa; ; 1 set = 3 pcs","1","0","0","Tidak","-"
"P-18712-00","General - Hand Taps M 5 x 0.8 mm Made In Japan ; Yamawa; -; 1 set = 3 pcs","0","0","0","Tidak","-"
"P-20540-00","General - Handle Pintu Panel H3-60-221-050; Soutcho; -; 1 pc","2","0","0","Tidak","-"
"O-52878-00","General - Heat Sink untuk SSR; Fotex; -; 1 Pc","5","0","0","Tidak","-"
"P-52590-00","General - Heater Ducting Dia. 11.2 x 300mm 220V 5000W; No Brand; -; 1 Pc","6","1","3","Tidak","F-1"
"P-20753-00","General - Heater Heating Plate; Lokal; 220V+PT100; 1 pc","0","0","0","Tidak","-"
"P-54634-00","General - Heater Jacket 100DegC Uk. 100 x 160 x 25mm 1kW 220V 1P (AC)m 1kW 220V 1 phase; Custom United Heater; -; 1 unit","0","0","0","Tidak","-"
"P-20883-00","General - Helicoil Baut Kunci Thread Insert M3 s/d M8 Set; No Brand; -; 150pcs/set","0","0","0","Tidak","-"
"S-62063-00","General - Helium Gas + Cylinder 1m3; No Brand; -; pcs","1","0","0","Tidak","-"
"O-19381-00","General - HEPA filter H14 minipleat, size: 305x305x69 Class (EN 1822)- 99,995% MPPS; Hencolin; -; 1 Pc","1","1","2","Tidak","-"
"P-12419-00","General - Hole Saw for Stainless Steel, dia. 22 mm; UNIKA; -; 1 pcs","3","1","3","Tidak","S-2-8"
"P-12420-00","General - Hole Saw for Stainless Steel, dia. 25 mm; UNIKA; -; 1 pcs","2","1","2","Tidak","R-4-9"
"P-17896-00","General - Hole Saw for Stainless Steel, dia. 37 mm; No Brand; -; 1 pcs","2","1","3","Tidak","R-4-9"
"P-20517-00","General - Hole Saw SS TCT 23mm; Kugel; -; 1 pc","1","0","0","Tidak","-"
"P-20309-00","General - Hole Saw TCT Kugel 100 mm; Kugel; ;","1","1","3","Tidak","S-3-5"
"P-19622-00","General - Hollow SS 304 Uk. 40 x 40 x 1,2mm x 6m; No Brand; -; 1 pc","6","0","0","Tidak","-"
"P-17167-00","General - Hollow SS304 Uk. 30 x 30 x 1.5 x 6000mm; No Brand; -; 1 Pcs","7","1","3","Tidak","-"
"P-20184-00","General - Hollow SS304 Uk. 40 x 40 x 1.5 x 3000mm; No Brand; -; 1 pc","3","0","0","Tidak","-"
"P-18908-00","General - HSS Twist Drill Bit PointTeQ 13pcs Set 1.5 - 6.5 mm; Bosch; 2608577349; 13 pcs per set","2","1","2","Tidak","R-4-9"
"P-20129-00","General - Hygrothermo Transducer, 907021/161-2-34-005/000, Output 4...20mA, 2 Wire, 0-100%, 0-50DegC; Jumo; JU.90.7021.050; 1 pc","1","0","0","Tidak","F-4"
"P-13787-00","General - IAF HB Series (H13) Minimum eff.: 99.99% on 0.3 micron, Size: 305 x 305 x 292mm; IAF; -; 1 pc","1","1","1","Tidak","-"
"P-52228-00","General - Inline Duct Fan 6""; CKE; CDI-150; 1 pcs","1","0","0","Tidak","T5"
"P-54550-00","General - Inline Fan Duct Size 6,4 Inch 755CMH; CKE; CI CDI160AZ; 1 pc","1","0","0","Tidak","-"
"P-54257-00","General - Instrument Cooling Fan R3G 250 AK41-71; EBMPAST; 8115610923; 1 unit","0","0","0","Tidak","-"
"P-19846-00","General - Insulasi Pipa 1 1/8 x 3/8 Inch Panjang 1.82m Tube Class 1; Insuflex; -; 1 pc","8","0","0","Tidak","-"
"P-20448-00","General - Insulation Ducting Tebal 20mm Uk. 1.2 x 0.9m; Proflex; -; 1 pc","5","0","0","Tidak","-"
"P-51027-00","General - IsoLasi Kabel Hitam 33 (19mm x 20mm x 0.177mm); Scotch; -; 1 Pcs","1","2","6","Tidak","N3"
"O-20489-00","General - Isolator Glove CSM Port size 10 Inch (AS : 97800 Y 8.5 E4 5); Austar; AU10Y1532/9AWN; 1 Pc","0","0","0","Tidak","-"
"O-21486-00","General - Isolator Glove CSM Port size 10 Inch Length : 800 mm, Thick : 15mil/0.4mm; TRON; 10Y1532A0975; 1 Pc","9","4","20","Tidak","-"
"O-21485-00","General - Isolator Glove CSM Port size 8 Inch Length : 800 mm, Thick : 15mil/0.4mm; TRON; 8Y1532A0975; 1 Pc","15","15","42","Tidak","-"
"O-21484-00","General - Isolator Glove CSM Port size 9 Inch Length : 900 mm, Thick : 15mil/0.4mm; TRON; 9Y1535A0975; 1 Pc","17","0","0","Tidak","-"
"O-20487-00","General - Isolator Glove Smaller glove CSM  (AS : E10330 Y 7 E4); Austar; ; 1 Pc","1","10","40","Tidak","B-5"
"O-21284-00","General - Isolator Gloves 000080 E10330 CNS 7 E3 5 Neoprene No Staining; Piercan; SG010138; 1 Pc","23","23","69","Tidak","-"
"O-16033-00","General - Isolator Gloves 000156; Material : CSM; Shape : E10; Size : 7; Thickness (mm) : 4/1; Piercan; E10330 Y 7 E4 4; 1 pc","42","38","80","Tidak","B-5-1"
"P-20368-00","General - Junction Box 220 x 150 x 75mm; No Brand; -; 1 pc","0","0","0","Tidak","-"
"P-54543-00","General - Junction Box MG 33 x 22 x 12cm; Duradus; -; 1 pc","1","0","0","Tidak","-"
"P-53417-00","General - Kabel Audio 8471 Shielded; Belden; -; 1 pc","0","0","0","Tidak","-"
"P-53133-00","General - Kabel Belden AWG 22 2 Pair; Belden; 8723; 305m/roll","2","1","3","Tidak","Rak Kabel"
"P-19885-00","General - Kabel Duct Oval, Size: 50x15, Panjang 2.9meter; Stindo; -; 1 pc","4","0","0","Tidak","-"
"P-54512-00","General - Kabel Duct PVC, Lubang, Uk. 32 x 32mm; No Brand; -; 1 pc","0","0","0","Tidak","-"
"P-54513-00","General - Kabel Gland PG25; No Brand; -; 1 pc","10","0","0","Tidak","-"
"P-50277-00","General - Kabel NYAF 1 x 1.5 Hitam; Supreme; -; 50m/roll","0","0","0","Tidak","-"
"P-51030-00","General - Kabel NYAF 1x0.75mm, Warna Biru; JEMBO; -; 1 meter","0","0","0","Tidak","-"
"P-53149-00","General - Kabel NYAF 3 x 2.5mm; Jembo; -; 1 meter","179","0","0","Tidak","-"
"P-50274-00","General - Kabel NYAF Uk. 1 x 0.75mm, Warna Merah; Supreme; -; 100meter/roll","50","50","200","Tidak","S-3-3"
"P-50283-00","General - Kabel NYMHY 3 x 1.5mm; SUPREME; -; 1 meter","100","0","0","Tidak","-"
"P-52642-00","General - Kabel NYYHY 2 x 0.75mm; SUPREME; -; 1 meter","150","50","200","Tidak","-"
"P-51756-00","General - Kabel NYYHY 3 x 0.75mm; Jembo; -; 1 meter","200","50","200","Tidak","-"
"P-50286-00","General - Kabel NYYHY 3 x 1.5mm; SUPREME; -; 1 meter","80","20","100","Tidak","-"
"P-14877-00","General - Kabel NYYHY 3 x 2.5mm; SUPREME; -; 1 meter","0","20","200","Tidak","-"
"P-52436-00","General - Kabel NYYHY 4 x 1.5mm; SUPREME; -; 1 meter","1","0","0","Tidak","-"
"O-53263-00","General - Kabel Sensor; Sick; YF8U14-020VA3XLEAX; 1 Pc","2","0","0","Tidak","G-3"
"P-50717-00","General - Kabel UTP 4 Pairs Cat 6; Belden; -; 305m/roll","0","100","2440","Tidak","-"
"P-20131-00","General - Kaca Las Bening; No Brand; -; 1 pc","2","0","0","Tidak","-"
"P-54327-00","General - Kap Lampu Waterptoof T8 1x18 IP65; No Brand; -; 1 pc","4","0","0","Tidak","-"
"P-54306-00","General - Kapacitor AC 40+2uF; Philips; 3PN15960-4; 1 pc","3","0","0","Tidak","F-1"
"P-19512-00","General - Karet Pintu Kaca Strip Silikon H 10mm; Lokal; -; 1 meter","22","0","0","Tidak","-"
"P-19848-00","General - Kawat Las Elektrode uk. 2,6x300mm; Niko Steel; NSN-308; 1 pc","2","0","0","Tidak","Tools"
"P-20183-00","General - Kawat Las RB26 2mm 6013; Kobelco; -; 5kg/box","1","0","0","Tidak","-"
"P-10953-00","General - Kawat Las SS 308L Tig Welding 1.6 x 1000mm; No Brand; -; 5 kg/pc","1","0","0","Tidak","-"
"P-20182-00","General - Kawat Las SS E-308 2.0mm; No Brand; -; 1 kg/pack","1","0","0","Tidak","-"
"P-17389-00","General - Kawat Las SS316 3.2mm; No Brand; -; 1 kg","10","5","10","Tidak","-"
"P-10958-00","General - Kawat Las Tembaga Dia  = 3,2  X 450 mm; Harris; -; 1 Pc","60","0","0","Tidak","M3"
"P-51856-00","General - Key Selector Switch; Autonics; S2KR-4CK2AM; 1 pc","2","1","3","Tidak","R-4-3"
"P-54699-00","General - Kipas Portable Ventilator Blower 18 Inch + Flexible Duct 10 Meter; No Brand; -; 1 set","0","0","0","Tidak","-"
"P-19678-00","General - Kompresor Udata Gun 1/4inch; Lokal; -; 1 pc","0","0","0","Tidak","-"
"P-14950-00","General - KQ2 Fitting, KQ2T04-00A; SMC Pneumatics; -; 10 pcs per pack","6","3","6","Tidak","R-2-4"
"P-14952-00","General - KQ2 Fitting, KQ2T08-00A; SMC Pneumatics; -; 10 pcs per pack","6","3","6","Tidak","R-2-3"
"P-20181-00","General - Kunci Box Panel Uk. 110mm; Electrical Home; MS-104C-3-K; 1 pc","1","0","0","Tidak","-"
"P-19949-00","General - Label Maker Cable CAT6A; No Brand; -; 1 pc","500","0","0","Tidak","-"
"P-53293-00","General - Lampu Emergency TL LED 16W Waterproof IP65; Briliant; -; 1 pc","11","0","0","Tidak","-"
"P-50288-00","General - Lampu Halogen 20 W; Osram; -; 1 unt","2","0","0","Tidak","E-4"
"P-54370-00","General - Lampu Indikator 24V 5W 1kaki; Hella; -; 10pcs/box","1","0","0","Tidak","-"
"P-54447-00","General - Lampu LED Downlight 9W DN027B G3 D125, 900 lm, 65k, Putih; Philips; -; 1 pc","50","16","100","Tidak","-"
"P-54505-00","General - Lampu LED Downlight DN027B G3 D125 6W; Phillips; -; 1 pc","0","0","0","Tidak","-"
"P-54328-00","General - Lampu LED T8 9W Kuning 3000K; Hannochs; -; 1 pc","11","0","0","Tidak","-"
"P-54713-00","General - Lampu LED True Force Essential Cool Daylight Essential 25W E27 6500K; Philips; -; 1 pc","0","0","0","Tidak","-"
"P-54577-00","General - Lampu Neon LED Silinder II T5 16W Putih; Hannochs; -; 1 pc","98","0","0","Tidak","-"
"P-54707-00","General - Lampu Panel LED 30 x 120cm; Philips; RC081VLED30S/865; 1 pc","0","0","0","Tidak","-"
"P-50307-00","General - Lampu SL Tornado 24 W / 220-240 V; Philips; -; 1 unt","4","2","4","Tidak","R-3-17"
"P-51894-00","General - Lampu TL LED Bright Boost 18 W; Philips; -; 1 unt","0","2","15","Tidak","-"
"P-54554-00","General - Lampu Tl LED Slimliner II T5 10W Cool Light; Hannoch; -; 1 pc","59","0","0","Tidak","-"
"P-18067-00","General - Lampu TL LED T5 16 W 6000 K; No Brand; -; 1 unt","5","1","13","Tidak","-"
"P-51559-00","General - Lampu TL T5 14 W White; Philips; -; 1 unt","0","30","100","Tidak","-"
"P-51560-00","General - Lampu TL T5 28W White; Philips; -; 1 unt","10","20","70","Tidak","O3"
"P-54536-00","General - Lampu TL-D 58W 6500K 1500mm; Philips; -; 1 pc","2","0","0","Tidak","-"
"P-51929-00","General - Lampu TL5 14 W G5; Philips; -; 1 unt","0","0","0","Tidak","-"
"P-53415-00","General - LED Module 5730 SMD; Samsung; -; 1 pc","0","0","0","Tidak","-"
"P-19693-00","General - Lem Adhesive; Superlon; -; 1kg/can","8","0","0","Tidak","Flammable"
"P-12464-00","General - Lem Aibon; No Brand; -; 300 gram/can","2","1","2","Tidak","Flammable"
"P-16474-00","General - Lem PLastic Steel Epoxy + Hardener 5 menit; Dextone; -; 1 set","5","2","6","Tidak","M-3-3A"
"P-12471-00","General - Lem silicone; Elastosil; E41; 90gram/tube","8","0","0","Tidak","M3"
"P-54312-00","General - Level Switch ERV 1/8 Inch Steris; Austar; -; 1 pc","1","0","0","Tidak","M-4"
"P-20541-00","General - Lidah Handle Panel E5-6110; Southco; -; 1 pc","2","0","0","Tidak","-"
"P-52975-00","General - Limit Switch IP65; EWIG; E8108; 1 pc","3","1","3","Tidak","A-4-10A"
"P-20360-00","General - Liquid Gasket; Threebond; -; 75g/tube","2","0","0","Tidak","-"
"O-53155-00","General - Logoscreen 601; JUMO; 706521/08-114-23/000; 1 Pc","0","0","0","Tidak","-"
"P-20022-00","General - Long Drat 14mm x 1meter; No Brand; -; 1 pc","2","0","0","Tidak","-"
"P-20556-00","General - Magnehelic Differential Pressure Gages 0-1000 PA; Dwyer; 2000-1000PA; 1 pc","3","0","0","Tidak","-"
"P-20443-00","General - Magnehelic Diffirential Pressure Indicating Transmitter 605-3; Dwyer; -; 1 pc","3","0","0","Tidak","-"
"P-19192-00","General - Magnehelic Pressure Gauges, Model: 2000-250 Pa, Range: 0-250Pa; Dwyer; -; 1 Pc","1","0","0","Tidak","H-3-6"
"O-20500-00","General - Main Motor Caping; Bonfiglioli; BE80B4; 1 Unit","1","0","0","Tidak","-"
"P-53059-00","General - Mainboard Photometer 2I SN 23425 ATI P/N : 0400170","0","0","0","Tidak","-"
"P-54355-00","General - Male Cable Mount 20A, IP20 Series Mini Connector 3Pole; Wieland; GST 18i; 1 pc","5","0","0","Tidak","-"
"P-19784-00","General - Male Connector M6 x 1/4inch NPT SS 316; Lokal; MC-NPT4-316; 1 pc","6","0","0","Tidak","M-4"
"O-53167-00","General - Manual Motor Starter 100 Ka MS 132-10 ABB 1SAM350000R1010","0","0","0","Tidak","-"
"O-53168-00","General - Manual Motor Starter 100 Ka MS 132-4.0 ABB 1SAM350000R1008","1","0","0","Tidak","E-4"
"O-53169-00","General - Manual Motor Starter 50 Ka MS 132-20 ABB 1SAM350000R1003","1","0","0","Tidak","E-4"
"P-12476-00","General - Mata Bor Besi, dia. 10 mm; NACHI; -; 1 pcs","3","1","3","Tidak","R-4-9"
"P-12482-00","General - Mata Bor Besi, dia. 2 mm; NACHI; -; 1 pcs","0","0","0","Tidak","-"
"P-12483-00","General - Mata Bor Besi, dia. 2.5 mm; NACHI; -; 1 pcs","0","0","0","Tidak","-"
"P-12485-00","General - Mata Bor Besi, dia. 3 mm; NACHI; -; 1 pcs","0","0","0","Tidak","-"
"P-12487-00","General - Mata Bor Besi, dia. 3.5 mm; NACHI; -; 1 pcs","0","0","0","Tidak","-"
"P-12488-00","General - Mata Bor Besi, dia. 4 mm; NACHI; -; 1 pcs","1","1","3","Tidak","S-2-8"
"P-12490-00","General - Mata Bor Besi, dia. 5 mm; NACHI; -; 1 pcs","3","1","3","Tidak","S-2-8"
"P-12492-00","General - Mata Bor Besi, dia. 6.5 mm; NACHI; -; 1 pcs","2","1","3","Tidak","R-4-9"
"P-20638-00","General - Mata Bor Socket Hex Nut; No Brand; -; 9 pcs/set","0","0","0","Tidak","-"
"P-12515-00","General - Mata Bor, HSS, 1 - 13 mm; NACHI; -; 25 pcs per set","1","0","0","Tidak","-"
"P-11694-00","General - Mata Gerinda 4inch; No Brand; -; 1 pcs","0","0","0","Tidak","-"
"P-54466-00","General - MCB 10A 1Phase Domae; Schneider; DOMF01110; 1 pc","3","0","0","Tidak","-"
"P-54464-00","General - MCB 32A 3Phase Domae; Schneider; DOMF01332; 1 pc","1","0","0","Tidak","-"
"P-54465-00","General - MCB 6A 3Phase C 6000A Domae; Schneider; -; 1 pc","4","0","0","Tidak","-"
"P-18475-00","General - Mechanical Single Shaft Seal LKH SIC/SIC/EPDM for LKH35/216/SSS/5.5KW; Alfalaval; -; 1 pc","0","0","0","Tidak","-"
"P-19778-00","General - Mesh 30 SS 304; No Brand; -; 1 meter","0","0","0","Tidak","-"
"P-54712-00","General - Mesin Drain Cleaner 30 Meter; STG; GQ75; 1 unit","0","0","0","Tidak","-"
"O-53170-00","General - Mini Contactor B6-30-10-80 220...240 Vac ABB GJL1211001R8100","0","0","0","Tidak","-"
"P-19638-00","General - Mini Regulator for Spray Gun with Filter; No Brand; -; 1 pc","1","0","0","Tidak","-"
"P-20637-00","General - Motorize Valve; Belimo; NMX 120-3; 1 pc","1","0","0","Tidak","R-2-2"
"P-17562-00","General - Mounting Base 20 x 20mm; SIGMA; -; 1 Pc","3","1","3","Tidak","N-3-4"
"P-20016-00","General - Mur Baja M14; No Brand; -; 1 pc","10","0","0","Tidak","A-1-6"
"P-20855-00","General - Mur M10 SS304 A2-70; No Brand; -; 50pcs/box","3","0","0","Tidak","-"
"P-20578-00","General - Mur Rivet SS304 M5; No Brand; -; 100pcs/pck","1","0","0","Tidak","S-2-11"
"P-17361-00","General - O-ring EPDM 15 x 9 x 3 mm; No Brand; -; 1 pc","20","10","20","Tidak","E3"
"O-20117-00","General - Oil Seal TC 140x170x12; No Brand; ; 1 Pc","2","0","0","Tidak","A-1-1"
"P-11018-00","General - Oil Seal TC 15 x 24 x 7; NOK; -; 1 Pc","5","0","0","Tidak","B-3-10A"
"O-20118-00","General - Oil Seal TC 150x180x12; No Brand; ; 1 Pc","2","0","0","Tidak","A-1-2"
"O-20119-00","General - Oil Seal TC 70x90x10; No Brand; ; 1 Pc","2","0","0","Tidak","A-1-6"
"P-50930-00","General - One-way Flow Control Valve GRLA-M5-QS-4-RS-D; Festo; 197577; 1 pc","6","0","0","Tidak","-"
"O-50827-00","General - Opto CapBT02T Operating Range 8 ppb - 60% O2 Sat P/N 30018857, Measured Pressure Resistance : 0-6 bar; Mettler Toledo; 30018857; 1 Pc","1","1","2","Tidak","E-4"
"P-20754-00","General - Oring 200 Viton Tebal 5.7 ID 199.3 OD 210.7 mm; Custom; -; 1 pc","1","0","0","Tidak","-"
"P-20755-00","General - Oring 260 Viton Tebal 5.7 ID 259.3 OD 270.7 mm; Custom; -; 1 pc","6","0","0","Tidak","-"
"P-20367-00","General - Oring 8 x 400 x 416mm NBR; Custom Trenade; -; 1 pc","1","0","0","Tidak","-"
"P-20529-00","General - Oring Port Sampling 8 x 61 x 77mm; Custom Agru; -; 1 pc","3","0","0","Tidak","S-3-6"
"O-16647-00","General - Oring Silicone Merah 23x18x2.5 mm; -; -; 1 Pc","391","40","700","Tidak","A-2-1B"
"P-16596-00","General - Paku Ripet 5mm; No Brand; -; 1000pcs/box","1","0","0","Tidak","-"
"P-20850-00","General - Paku Rivet 435 3,2mm x 9,5mm x 8mm; SIP; -; 1000pcs/box","1","0","0","Tidak","S-2"
"P-20848-00","General - Paku Rivet 529 4mm x 8mm; SIP; -; 1000pcs/box","1","0","0","Tidak","S-2"
"P-51793-00","General - Panel Box Uk. 20 x 30 x 15cm; No Brand; -; 1 pc","0","0","0","Tidak","-"
"P-52664-00","General - Pelampung Air Radar Float Switch 2m; No Brand; -; 1 Pc","4","0","0","Tidak","M-4"
"P-20018-00","General - Penutup Flexible Ducting 4inch; No Brand; -; 1 pc","3","0","0","Tidak","L-4"
"Q-11002-00","General - Philips T5 TCH086 Essential Batten 14Watt PUTIH COOL DAYLIGHT Set Lengkap dengan Kap; Philips; ;","0","0","0","Tidak","-"
"O-51675-00","General - Pilz PNOZ X2.1 24 VAC/DC 2 n/o; Pilz; ID774306; 1 pc","1","0","0","Tidak","-"
"P-20045-00","General - Pipa Ornamen SS304 1 inch x 1.2mm x 6m; No Brand; -; 1 pc","2","0","0","Tidak","-"
"P-12746-00","General - Pipa PVC AW dia. 1 1/2inch, Warna Abu-Abu; Rucika; -; 1 pcs","5","2","5","Tidak","-"
"P-12748-00","General - Pipa PVC AW dia. 1 1/4inch, Warna Abu-Abu; Rucika; -; 1 pcs","15","2","5","Tidak","-"
"P-14970-00","General - Pipa PVC AW dia. 2 1/2inch, Warna Abu-Abu; Rucika; -; 1 pcs","6","2","5","Tidak","-"
"O-18356-00","General - Pipa SS 304 Ornament 2,5 inch Uk. 1.2mm x 6 Mtr; No Brand; ; 1 Pc = 1 Batang","6","1","3","Tidak","-"
"P-20639-00","General - Pipa Tembaga Dia. 4mm; No Brand; -; 1 meter","0","0","0","Tidak","-"
"P-11431-00","General - Plastic Tubing, PUN-H-8X1,25-BL; Festo; 197385; 1 m","199","50","200","Tidak","-"
"P-20928-00","General - Plat Galvanis 1mm x 1.2m x 4.2m; No Brand; -; 1 pc","0","0","0","Tidak","-"
"P-20021-00","General - Plat Strip 50 x 6 x 6000mm; No Brand; -; 1 pc","1","0","0","Tidak","-"
"P-20242-00","General - Plate SS304 Uk. 1,2 x 1220 x 2440mm F2B; No Brand; -; 1 pc","1","0","0","Tidak","-"
"P-19953-00","General - Plug 1/4inch; SMC; -; 1 pc","0","0","0","Tidak","-"
"P-19892-00","General - Plug Silincer 1/4inch; No Brand; -; 1 pc","0","0","0","Tidak","-"
"P-19893-00","General - Plug Silincer 1/8inch SS304; No Brand; -; 1 pc","0","0","0","Tidak","-"
"O-14618-00","General - Pneumatic pincher silicone cover sleeve c/n 15927; SMC; MHZJ2-J20S; 1 Pc","15","6","20","Tidak","B-2"
"P-19443-00","General - Pneumatic Vacuum Ejector; EMC; E-CV-05-R; 1 Pc","2","0","0","Tidak","F-3"
"P-53050-00","General - Pompa Magnetik 150W 1 phase; Sanso; PMD 1564; 1 Unit","0","0","0","Tidak","-"
"P-54651-00","General - Pompa Submersible Sewage Water + ADC; Grundfos; DPK.10.50.15.5.0D; 1 unit","0","0","0","Tidak","-"
"P-54703-00","General - Pompa Submersible V750; York; -; 1 pc","0","0","0","Tidak","-"
"O-21063-00","General - POS10 Rod End Bearing Ulir kanan; -; -; 1 Pc","0","0","0","Tidak","-"
"O-21064-00","General - POS10 Rod End Bearing Ulir kiri; -; -; 1 Pc","1","0","0","Tidak","-"
"O-53237-00","General - Power Base TeSys 32A; Schneider; LUB32; 1 Pc","1","0","0","Tidak","E-2-8B"
"O-51850-00","General - Power Supply 220 VAC 12 VDC, 3 Ampere; -; -; 1 Pc","3","2","2","Tidak","L3"
"P-52685-00","General - Power Supply 24VDC, 6A; Fort; S-145-24; 1 pc","1","0","0","Tidak","I-3-4"
"P-52990-00","General - Power Supply Control PCB Model : ZX030E-TFD-401; Emerson; S/N : SZ13024027;","0","0","0","Tidak","-"
"P-53411-00","General - Power Supply ECO 1-PH 24VDC 5A; Wago; 787-722; 1 pc","2","0","0","Tidak","E-4"
"P-51889-00","General - Power Supply SPA-050-24VDC; Autonics; -; 1 pc","4","1","5","Tidak","Kardus L3"
"P-54652-00","General - Power Supply Switching 24VDC; Autonics; SPA-075-24; 1 pc","1","0","0","Tidak","S-3"
"P-17347-00","General - Pre Filter G4 2m x 20m x 2mm; No Brand; -; 1 Pc","2","1","1","Tidak","Ruang Filter"
"P-20365-00","General - Prefilter Washable G4 c/w Aluminium Frame, 91% 250 Pa, 290 x 493 x 46mm; IAF; ;","0","0","0","Tidak","-"
"P-20363-00","General - Prefilter Washable G4 c/w Aluminium Frame, 91% 250 Pa, 290 x 595 x 46mm; IAF; -; 1 pc","6","0","0","Tidak","-"
"P-20444-00","General - Prefilter Washable G4 c/w Aluminium Frame, 91% 250 Pa, 493 x 493 x 46mm; IAF; -; 1 pc","6","0","0","Tidak","-"
"P-20364-00","General - Prefilter Washable G4 c/w Aluminium Frame, 91% 250 Pa, 493 x 595 x 46mm; IAF; ;","0","0","0","Tidak","-"
"P-20362-00","General - Prefilter Washable G4 c/w Aluminium Frame, 91% 250 Pa, 595 x 595 x 46mm; IAF; -; 1 pc","0","0","0","Tidak","-"
"P-20015-00","General - Pressure Gauge 0-6 Bar, Drat 1/2inch; WIKA; -; 1 pc","2","0","0","Tidak","-"
"P-20408-00","General - Pressure Gauge 10 Bar 3/4 Inch; GMT; -; 1 pc","1","0","0","Tidak","-"
"P-20366-00","General - Pressure Gauge 4 Inch 0-6 Bar, Full Stainless Steel; Weibrock; -; 1 pc","1","0","0","Tidak","-"
"P-19570-00","General - Pressure Gauge Case & Connection SS 304, dia 2,5inch, Range 0-10 Bar, SPS65BC10B0; SPV; TNXX01XX0224; 1 pcs","3","0","0","Tidak","F-1"
"P-19571-00","General - Pressure Gauge Case & Connection SS304, dia 2,5inch, Range 0-6 Bar, SPS65BCB6B0; SPV; TNXX01XX0223; 1 pcs","3","0","0","Tidak","L-3"
"P-20252-00","General - Pressure Gauge Range 0-6 Bar Conn 1/2inch; Sika; MREM32107500G; 1 pc","1","0","0","Tidak","-"
"P-20643-00","General - Pressure Gauge Switch 4 inch, 10kg, Drat 1/2inch; No Brand; -; 1 pc","1","0","0","Tidak","R-3-3"
"P-20853-00","General - Pressure Reducing Valve 2inch DN50 25P SG Iron Body, Blue Spring, Flanged PN16; Spirax Sarco; -; 1 pc","1","0","0","Tidak","-"
"P-20509-00","General - Pressure Regulator AR20-F02G-D; SMC; -; 1 pc","0","0","0","Tidak","-"
"O-51177-00","General - Pressure Switch type KP35 G1/4; Danfoss; -; 1 Pc","2","0","0","Tidak","-"
"P-52928-00","General - Probe and Test Lead Set - Hard Point 2mm Multimeter Cable TL75 Fluke; No Brand; -; 1 Pc","0","0","0","Tidak","-"
"O-53391-00","General - Profibus Connector Simatic; SIEMENS; 6ES7972-0BA52-0XA0; 1 Pc","0","1","2","Tidak","-"
"P-20531-00","General - PU Series (F8) Uk. 592 x 287 x 360mm Efficiency 91-95% Final Resistance 250Pa 6 pocket; IAF; -; 1 pc","1","0","0","Tidak","-"
"P-20530-00","General - PU Series (F8) Uk. 892 x 492 x 360mm Efficiency 91-95% Final Resistance 250Pa 9 pocket; IAF; -; 1 pc","1","0","0","Tidak","-"
"O-51996-00","General - Pulsed DC Ionising Bar Hyperion 929IPS Length 325mm; Steriline; 1096041; 1 Pc","1","1","2","Tidak","C-2"
"P-11173-00","General - Push-in Connector, QS-10; Festo; 153034; 1 pcs","10","0","0","Tidak","M-3"
"P-11183-00","General - Push-in Connector, QS-6-4; Festo; 153037; 1 pcs","8","0","0","Tidak","R-4-7"
"P-11182-00","General - Push-in Connector, QS-6; Festo; 153032; 1 pcs","19","5","20","Tidak","M-3"
"P-11185-00","General - Push-in Connector, QS-8-6; Festo; 153038; 1 pcs","23","5","20","Tidak","M3"
"P-11184-00","General - Push-in Connector, QS-8; Festo; 153033; 1 pcs","14","0","0","Tidak","M3"
"P-11165-00","General - Push-in Fitting, QS-1/2-12; Festo; 153010; 1 pcs","19","5","20","Tidak","M3"
"P-11169-00","General - Push-in Fitting, QS-1/4-6; Festo; 153003; 1 pcs","16","5","20","Tidak","R-4-7"
"P-11195-00","General - Push-in Fitting, QSF-1/8-6-B; Festo; 153023; 1 pcs","20","5","20","Tidak","M3"
"O-13505-00","General - Push-in T-connector, QST-10; Festo; 153131; 1 pcs","20","5","20","Tidak","M3"
"O-13501-00","General - Push-in T-connector, QST-12; Festo; 153132; 1 pcs","19","5","20","Tidak","S-2-6"
"P-11227-00","General - Push-in T-connector, QST-6; Festo; 153129; 1 pcs","17","5","20","Tidak","R-4-7"
"P-11228-00","General - Push-in T-connector, QST-8; Festo; 153130; 1 pcs","18","5","20","Tidak","M3"
"P-19779-00","General - PVC Hose cpl., DN25 ISO-KF, 2000 mm; Inficon; 211-412; 1 pc","1","0","0","Tidak","F-4"
"P-20642-00","General - Quick Connector STWM 1/4 Male JIC; Swagelok; -; 1 pc","0","0","0","Tidak","-"
"P-19896-00","General - Quick Coupler 3/8inch to Female Drat Dalam 3/8inch; No Brand; -; 1 pc","0","0","0","Tidak","-"
"P-19897-00","General - Quick Coupler 3/8inch to Male Drat Luar 1/4inch; No Brand; -;  1 pc","0","0","0","Tidak","-"
"P-19637-00","General - Recoil Spiral Hose dia. 5 x 8mm x 12 meter; No Brand; -; 1 pc","1","0","0","Tidak","-"
"P-20557-00","General - Reducer Ducting BJLS 6.4 x 3inch; No Brand; -; 1 pc","2","0","0","Tidak","-"
"P-19849-00","General - Reducer Pneumatic Fitting 14-12 mm; EMC; -; 1 pc","7","0","0","Tidak","-"
"P-14995-00","General - Reducer SS316 Sanitary dia. 1inch x 3/4inch; No Brand; -; 1 pc","0","0","0","Tidak","-"
"P-10874-00","General - Reducer, PVC, 1"" x 1/2""; Rucika; -; 1 pcs","2","5","10","Tidak","F-2"
"P-10877-00","General - Reducer, PVC, 2"" x 1""; Rucika; -; 1 pcs","10","5","10","Tidak","-"
"P-19818-00","General - Regulator AR2000-02 Uk. 1/4inch; ITAC; -; 1 pc","0","0","0","Tidak","-"
"P-20641-00","General - Regulator Gas 300 Bar; Harris`; 901; 1 pc","0","0","0","Tidak","-"
"P-19542-00","General - Regulator Gas Helium, 96-15M-He; Morris; -; 1 pc","1","0","0","Tidak","F-4"
"P-19521-00","General - Regulator Gas Hydrogen; Harris; 25GX-15-H2; 1 pcs","0","0","0","Tidak","-"
"O-50863-00","General - Relay 220-240 VAC; Omron; MY4N; 1 Pc","33","1","2","Tidak","A-4-13A"
"P-54353-00","General - Relay MKS2P + Socket; Omron; -; 1 set","1","0","0","Tidak","R-3-6"
"P-54507-00","General - Relay MY2N-GS-R AC24 BY OMZ; Omron; -; 1 pc","10","0","0","Tidak","A-4-13C"
"P-20359-00","General - Replacement VVF42,80-80C 2-port seat Valve, Flanged, PN10, DN80, kvs 80 (Body Valve); Siemens; -; 1 pc","1","0","0","Tidak","-"
"P-20851-00","General - Rivet Nut Aluminium M4; No Brand; -; 50pcs/box","1","0","0","Tidak","S-2"
"P-20574-00","General - Rivet Nut M10 SS304; Lokal; -; 1 pc","100","0","0","Tidak","S-3-11"
"P-19845-00","General - Roda PU 2 Inch tebal 25mm (Hanya Roda); No Brand; -; 1 pc","4","0","0","Tidak","-"
"P-19539-00","General - Roda Pu 3 Inch 75X32 Mm Tanpa Bracket  -  -","1","0","0","Tidak","Dekat Dumpwaiter"
"P-19540-00","General - Roda Pu 3 Inch Drat 1/2 Inch X 30Mm  -  -","0","0","0","Tidak","-"
"O-21436-00","General - Roller Chain RS35-1 (Single) 3 meter; -; 0; 1 Pc","0","0","0","Tidak","-"
"P-54688-00","General - Room Display Unit with Alarm Settings 3-Channel (3 Analog Input, Modbus RTU RS-485 Output); Terren; EMX MFDP11810M0; 1 unit","1","0","0","Tidak","-"
"P-52017-00","General - Rotary Air Damper Actuator GDB166.1E; Siemens; S55499-D377; 1 pcs","0","0","0","Tidak","-"
"O-20296-00","General - Rotating Pincer Pneumatik  SMC MRHQ20D-180S-DIN00358","1","1","3","Tidak","B-3"
"O-18775-00","General - Round Bar SS 8 MM; ; ;; -; -; 1 Pc","0","0","0","Tidak","-"
"P-20432-00","General - Round Pipe Hanger with Blue Rubber Seat and Base SS304 dia. 4 inch; No Brand; -; 1 pc","0","0","0","Tidak","-"
"O-53146-00","General - RTD Mineral Insulated Temperature Probe with Connecting Cable 100; JUMO; 902250/32-415-2001-2-3-100-03-10000/000; 1 Pc","0","0","0","Tidak","-"
"O-53147-00","General - RTD Mineral Insulated Temperature Probe with Connecting Cable 250; JUMO; 902250/32-415-1001-2-3-250-11-10000/000; 1 Pc","0","0","0","Tidak","-"
"O-53145-00","General - RTD Mineral Insulated Temperature Probe with Connecting Cable 350; JUMO; 902250/32-415-2001-2-3-350-03-10000/000; 1 Pc","0","0","0","Tidak","-"
"O-50964-00","General - Safety Relay PNOZ X3 24 VAC 24VDC 3n/o 1n/c 1so; PILZ; 774310; 1 Pc","1","0","0","Tidak","B-2-5B"
"P-54704-00","General - Saklar Emergency Stop Panel Box 1NC + 1NO; Fort; -; 1 set","0","0","0","Tidak","-"
"P-18140-00","General - Sanitary Diaphragma Pressure Gauge Membrane Conn. Ferrule 1.5 inch Center Back SS 316 0 s/d 10 bar; SPV; -; 1 Pc","0","0","0","Tidak","-"
"P-19569-00","General - Sanitary Diaphragma Pressure Gauge, SS 304, dia 4inch, Range 0-10 Bar; SPV; TTXX00XX0180; 1 pcs","2","0","0","Tidak","L-4"
"P-11404-00","General - Seal Ferrule Teflon 1 1/2inch; No Brand; -; 1 pcs","24","0","0","Tidak","M-3"
"P-11405-00","General - Seal Ferrule Teflon 1inch; No Brand; -; 1 pcs","28","0","0","Tidak","M3"
"P-14980-00","General - Seal Ferrule Teflon 3/4inch; No Brand; -; 1 pcs","34","10","30","Tidak","M3"
"P-10945-00","General - Seal Tape 1inch; ONDA; -; 1 Pcs","0","10","30","Tidak","-"
"P-19791-00","General - Sealing Strip, KWO Cellflon R D6MM; Bentela Nusa Persada; P15040709F; 1 pc","0","0","0","Tidak","-"
"P-54467-00","General - Selector Switch 3 Posisi 22mm; Idec; YW1S-3E20; 1 pc","19","0","0","Tidak","-"
"P-54311-00","General - Selenoid 1/8inch, 24VDC; Airtac; 4V210-06; 1 pc","0","0","0","Tidak","-"
"P-54506-00","General - Sensor Stick Flow Probe MFS-R-500; Micatrone; -; 1 unit","2","0","0","Tidak","S-3-7"
"P-20579-00","General - Serrated Hexagon Bolt SS304 M5 x 16; No Brand; -; 100pcs/pck","0","0","0","Tidak","-"
"P-53418-00","General - Set Gearbox Helical G3FS + Dinamo 0,5 HP Ratio 1:15 4 Pole, B5, 1 Phase; Yuema; -; 1 set","1","0","0","Tidak","-"
"P-20185-00","General - Siku SS304 30 x 30 x 3 x 6000mm; No Brand; -; 1 pc","2","0","0","Tidak","-"
"P-52999-00","General - Silicon Control Rectifier (SCR) MP3S 1504 440V 150A 3P 4-20mA; Maxthermo; ;","0","0","0","Tidak","-"
"O-14641-00","General - Silicone Gasket for Ferrule dia. 1""; -; -; 1 Pc","8","10","30","Tidak","M3"
"P-12764-00","General - Silicone Gasket for Ferrule dia. 1/2inch; Custom; -; 1 pcs","9","10","30","Tidak","M3"
"O-14642-00","General - Silicone Gasket for Ferrule dia. 2,5""; -; -; 1 Pc","6","10","30","Tidak","M3"
"O-14640-00","General - Silicone Gasket for Ferrule dia. 3/4""; -; -; 1 Pc","49","10","30","Tidak","M3"
"O-14644-00","General - Silicone Gasket for Ferrule dia. 4""; -; -; 1 Pc","8","10","30","Tidak","M3"
"O-18446-00","General - Silicone Guide Infeed; Custom/Lokal; -; 1 Pc","1","1","1","Tidak","-"
"O-18447-00","General - Silicone Guide Outfeed; Custom/Lokal; -; 1 Pc","1","1","1","Tidak","-"
"P-20854-00","General - Silicone Rubber Sheet 5mm x 1000mm x 1000mm; No Brand; -; 1 pc","1","0","0","Tidak","-"
"O-15697-00","General - SILICONE SUCKER 01.16.20; Steriline; 202370; 1 Pc","55","10","50","Tidak","A-1-4B"
"P-20527-00","General - Single Laser Infrared Thermometer 10:1; Fluke; FLK-62 MAX/SG; 1 unit","0","0","0","Tidak","-"
"P-17897-00","General - Single Tape Foam 3mm x 25mm; No Brand; -; 10meter/roll","2","1","2","Tidak","-"
"P-51253-00","General - Skun Y 0.75mm; No Brand; -; 100pcs/pack","1","0","0","Tidak","-"
"P-54514-00","General - Skun Y, 2.5mm, Hijau; Ewig; -; 100pcs/pack","1","0","0","Tidak","S-3-2"
"P-54515-00","General - Skun Y, 2.5mm, Kuning; Ewig; -; 100pcs/pack","1","0","0","Tidak","S-3-2"
"P-54516-00","General - Skun Y, 2.5mm, Merah; Ewig; -; 100pcs/pack","1","0","0","Tidak","S-3-2"
"O-21720-00","General - Sleeves CSM 001642 M200/90 Y 550 E4 Bt5/5 Thikness 4/10; Piercan; SP010822; 1 Pc","0","24","72","Tidak","-"
"O-16032-00","General - Sleeves M200/90 Y 550 E4 Bt5/5 BJ, Material : CSM; Shape : 200/90; Thickness (mm) : 4/10; Leng; Piercan; 1643; 1 Pc","15","24","48","Tidak","A3"
"P-19484-00","General - Sliding Pintu Lift Barang Uk. 50 x 32 mm; Custom/Lokal; -; 1 Pc","36","0","0","Tidak","N3"
"P-20392-00","General - Sock Drat Luar PVC 3/4 x 1/2 inch; Rucika; -; 1 pc","2","0","0","Tidak","-"
"P-10884-00","General - Socket Drat Dalam PVC 1 1/4inch; Rucika; -; 1 pcs","4","2","4","Tidak","-"
"P-12803-00","General - Socket Drat Dalam, PVC AW, 1""; No Brand; -; 1 pcs","10","5","10","Tidak","-"
"P-10889-00","General - Socket Drat Dalam, PVC AW, 3/4""; Rucika; -; 1 pcs","0","2","4","Tidak","-"
"P-10883-00","General - Socket Drat Dalam, PVC, 1 1/2""; Rucika; -; 1 pcs","0","2","4","Tidak","-"
"P-10886-00","General - Socket Drat Dalam, PVC, 1""; Rucika; -; 1 pcs","3","2","4","Tidak","-"
"P-10885-00","General - Socket Drat Dalam, PVC, 1/2""; Rucika; -; 1 pcs","4","2","4","Tidak","-"
"P-10887-00","General - Socket Drat Dalam, PVC, 2""; Rucika; -; 1 pcs","4","2","4","Tidak","-"
"P-13259-00","General - Socket Drat Dalam, SS 304, 1""; No Brand; -; 1 pcs","3","1","3","Tidak","-"
"P-10894-00","General - Socket Drat Luar, PVC AW, 3""; Rucika; -; 1 pcs","4","2","4","Tidak","-"
"P-10890-00","General - Socket Drat Luar, PVC, 1 1/2""; Rucika; -; 1 pcs","4","2","4","Tidak","-"
"P-10891-00","General - Socket Drat Luar, PVC, 1 1/4""; Rucika; -; 1 pcs","0","2","4","Tidak","-"
"P-10892-00","General - Socket Drat Luar, PVC, 1""; Rucika; -; 1 pcs","4","2","4","Tidak","-"
"P-13285-00","General - Socket Drat Luar, PVC, 1/2""; Rucika; -; 1 pcs","3","2","4","Tidak","-"
"P-10893-00","General - Socket Drat Luar, PVC, 2""; Rucika; -; 1 pcs","4","2","4","Tidak","-"
"P-19882-00","General - Socket Pipa PVC JIS AW 2inch; Rucika; -; 1 pc","6","0","0","Tidak","-"
"P-54334-00","General - Socket Relay PYFZ-14-E; Omron; -; 1 pc","9","0","0","Tidak","B-4"
"P-52854-00","General - Socket RJ45 Cat 6; Belden; -; 50pcs/pack","0","5","13","Tidak","-"
"P-54517-00","General - Socket Terminal, 3 Pin, Block Lurus, 2EDG 5.08mm; No Brand; -; 1 pc","0","0","0","Tidak","-"
"P-20634-00","General - Socket Tester Pro Voltage HT106D; Habotest; -; 1 pc","1","0","0","Tidak","H-3-4"
"P-12816-00","General - Socket, PVC AW, 1 1/2""; Rucika; -; 1 pcs","10","5","10","Tidak","-"
"P-10895-00","General - Socket, PVC, 1/2""; No Brand; -; 1 pcs","12","2","4","Tidak","-"
"P-10899-00","General - Socket, PVC, 3/4""; Rucika; -; 1 pcs","4","2","4","Tidak","-"
"P-13269-00","General - Socket, PVC, 4""; Rucika; -; 1 pcs","2","1","2","Tidak","-"
"P-20188-00","General - Solenoid 2 Way; EMC; 2V025-08; 1 pc","0","0","0","Tidak","-"
"P-54628-00","General - Solenoid Coil 018F6282 220V; No Brand; -; 1 pc","1","0","0","Tidak","D-2-10"
"P-19731-00","General - Solenoid Valve 1 inch SS 304, UWS-25-E2; EMC; -; 1 pc","3","0","0","Tidak","L-3"
"P-54685-00","General - Solenoid Valve 2 Way Kuningan 1 inch 220VAC Female Drat Max 0-10Bar; No Brand; -; 1 pc","0","0","0","Tidak","-"
"P-53298-00","General - Solenoid Valve DP-10; Yoshitake; -; 1 pc","2","0","0","Tidak","F-1"
"P-54627-00","General - Solenoid Valve Welded EVR3 1/4 Inch; Danfoss; -; 1 pc","1","0","0","Tidak","D-2-10"
"P-52663-00","General - Solid State Relay (SSR) 3-32VDC 24-330VAC 40A; No Brand; -; 1 Pc","0","2","5","Tidak","-"
"O-51967-00","General - Solid State Relay 3-32 VDC - 330 VAC 25 A; Fotek; SSR 3-32; 1 Pc","9","0","0","Tidak","A-4-11B"
"O-54159-00","General - Spare actuator 625; DN 20 normally close (NC); Gemu; 9625 10M 11/N; 1 Pc","4","0","0","Tidak","S-3"
"O-20626-00","General - Spare Actuator for type 612 Size DN 10 - DN 20 (Seat Site MG 10); GEMU; 9612 10M 01TS; 1 Pc","4","0","0","Tidak","C-2-3"
"P-19354-00","General - Spare Actuator for Type 687 DN 25 NC, c/w : OPI 1300; Gemu; P/N : 9687 25Z 1F/N + 1300000Z13; 1 Unit","1","0","0","Tidak","L-4"
"O-20992-00","General - Spare Membrane diaphragm MA8 PTFE/EPDM; SED; 00210.190.508.51; 1 Pc","4","1","2","Tidak","C-1"
"O-21031-00","General - Spare Working Diaphragm EPDM DN 10-20mm Type 612,625; Gemu; 600 10M 17; 1 Pc","3","1","3","Tidak","-"
"P-20929-00","General - Spotcheck Developer; Magnaflux; SKD-S2; 400 ml/can","0","0","0","Tidak","-"
"P-20884-00","General - Spray Ball Tanko-S20 360Deg, BSP Thread 1/8inch; AWH; 711136; 1 pc","0","0","0","Tidak","-"
"O-20814-00","General - Spring Tekan Dia 2.5 x 15.5 x 71.3 mm, Mat. Steel; -; -; 1 Pc","20","0","0","Tidak","A-2-1C"
"O-20357-00","General - Stand Display Timbangan Weighing Booth 120x50x1140 mm;Custom/Lokal; -;","0","0","0","Tidak","-"
"P-18240-00","General - Stang Sealant; Tekiro; -; 1 Pc","0","0","0","Tidak","-"
"P-54518-00","General - Stop Kontak Panel Mounting 2Phase, 16A, 220V; Fort; CEE112; 1 pc","1","0","0","Tidak","-"
"P-54535-00","General - Stopper Din Rail 20mm; No Brand; -; 1 pc","25","0","0","Tidak","-"
"P-14956-00","General - Straight Union KQ2H06-00A; No Brand; -; 1 Pc","6","3","6","Tidak","-"
"P-20449-00","General - Supply Air Diffuser + OBD 200 x 200mm (8inch), Natural, Luar 33 x 33cm; No Brand; -; 1 pc","4","0","0","Tidak","-"
"O-52826-00","General - SV55 252072 6213 S.S+FKM I/O: NPT1/4 Inch Orifice:10mm Kv=2m3/h NC DC24V; BURKERT; EB14-00035; 1 Pc","0","1","2","Tidak","-"
"O-15718-00","General - SYNTHETIC FOOD GRADE; CRC; NSF H1; 1 Pc","3","4","6","Tidak","Flammable"
"P-20393-00","General - Tee Reducer PVC 2 1/2 x 3/4 inch; ; ;","1","0","0","Tidak","-"
"P-20236-00","General - Tee Reducer PVC 2 x 3/4inch; Rucika; -; 1 pc","3","0","0","Tidak","R-4-2"
"P-20640-00","General - Tee Tembaga 1/4inch; No Brand; -; 1 pc","0","0","0","Tidak","-"
"P-12881-00","General - Tee, PVC AW, 1 1/2"" x 1 1/2""; No Brand; -; 1 pcs","10","5","10","Tidak","-"
"P-10907-00","General - Tee, PVC AW, 2""; Rucika; -; 1 pcs","4","2","4","Tidak","-"
"P-10908-00","General - Tee, PVC AW, 3/4""; Rucika; -; 1 pcs","0","2","4","Tidak","-"
"P-10904-00","General - Tee, PVC, 1 1/4""; Rucika; -; 1 pcs","4","2","4","Tidak","-"
"P-10905-00","General - Tee, PVC, 1/2""; Rucika; -; 1 pcs","4","2","4","Tidak","-"
"P-15774-00","General - Tee, SS 304, Sch 10, Butt Welded, 1 x 1inch; No Brand; -; 1 pcs","0","0","0","Tidak","-"
"P-19899-00","General - Teflon Sheet 6 x 1000 x 1000mm; No Brand; -; 1 pc","1","0","0","Tidak","A-2-10B"
"P-54468-00","General - Temperature Sensor Duct PT TMP 100K Ohm 4 inch; Siemens; 536-811; 1pc","3","0","0","Tidak","R-3-9"
"P-54519-00","General - Terminal Block TBR20; Fort; -; 50pcs/pack","2","0","0","Tidak","-"
"O-54138-00","General - Terminal Block, 10 mm; Fort; -; 1 pcs","13","2","5","Tidak","A-4-11A"
"P-53263-00","General - Terminal Block, 4 mm; No Brand; -; 1 pcs","0","0","0","Tidak","-"
"P-51706-00","General - Terminal Block, 4 Pin; No Brand; -; 1 pcs","4","2","4","Tidak","R-2-4"
"O-54137-00","General - Terminal Block, 6 mm; Fort; -; 1 pcs","62","2","10","Tidak","O2"
"P-51298-00","General - Terminal Plastik, dia. 4 mm; No Brand; -; 1 pcs","3","2","5","Tidak","-"
"P-51299-00","General - Terminal Plastik, dia. 6 mm; No Brand; -; 1 pcs","9","3","10","Tidak","A-4-3B"
"P-20369-00","General - Terminal Viking Grounding 4mm; Legrand; -; 1 pc","50","0","0","Tidak","R-2-12"
"P-20695-00","General - Thermaflex Insulasi Piping Uk. 1 Inch x 3/4 Inch (34mm x 20mm); No Brand; -; 1 pc","0","0","0","Tidak","-"
"P-20697-00","General - Thermaflex Insulasi Piping Uk. 2 1/2 Inch x 3/4 Inch (76mm x 20mm); No Brand; -; 1 pc","0","0","0","Tidak","-"
"P-20696-00","General - Thermaflex Insulasi Piping Uk. 2 Inch x 3/4 Inch (60mm x 20mm); No Brand; -; 1 pc","0","0","0","Tidak","-"
"P-20700-00","General - Thermaflex Sheet Insulasi Flange JIS10K 2 1/2 Inch (175mm); No Brand; -; 1 pc","0","0","0","Tidak","-"
"P-54557-00","General - Thermal Camera FU4 256x192 25Hz For Android; Fluke; FLK-TC01A 25; 1 pc","0","0","0","Tidak","-"
"P-54402-00","General - Thermocouple TW-N (PT100), Dia.: 6.4*30L*2M*PT1/8; Autonics; A04209; 1 pc","2","0","0","Tidak","F-1"
"P-18472-00","General - Thermostatic Steam Trap LV6-CE DN20 SS; TLV; -; 1 Pc","2","0","0","Tidak","L4"
"P-54349-00","General - Threaded 3 Port Valve; Siemens; VXG44.32-16; 1 pc","2","0","0","Tidak","R-3-4"
"O-53171-00","General - Three Phase Monitoring Cm-Pfs.S. ABB 1SVR730824R9300","0","0","0","Tidak","-"
"P-19908-00","General - Tig Welding torch Up Collect Body Nozzle Kit WP17 dan WP26; No Brand; -; 15 pcs/set","0","0","0","Tidak","-"
"P-50633-00","General - Timer AC100-240/DC100-125; Omron ; H3CR - A8; 1 pc","4","1","3","Tidak","B-4"
"O-53011-00","General - Timer Digital LE8B-BF; Autonics; A01761; 1 Pc","2","1","3","Tidak","F-3-4D"
"P-54558-00","General - Trafo Step Up Down 5A Nol B; Kurae; -; 1 pc","0","0","0","Tidak","-"
"O-53333-00","General - Transfer Pump 9450 Spare; Markem Imaje; ENM54436; 1 Pc","0","0","0","Tidak","-"
"O-21275-00","General - Tray Kabel Isolator Ukuran 35x35x700; Custom/Lokal; -; 1 Pc","1","0","0","Tidak","-"
"P-19987-00","General - Trolley Helium Leak Detector Uk. 600 x 750 x 800cm; Custom Agru Farma; -; 1 pc","0","0","0","Tidak","-"
"O-12735-00","General - TU Polyurethane Tubing, TU0604C-100; SMC Pneumatics; -; 1 roll","0","0","0","Tidak","-"
"O-12734-00","General - TU Polyurethane Tubing, TU0805C-100; SMC Pneumatics; -; 1 roll","0","0","0","Tidak","-"
"O-12733-00","General - TU Polyurethane Tubing, TU1065C-100; SMC Pneumatics; -; 1 roll","0","0","0","Tidak","-"
"P-18963-00","General - Tubing Nylon Putih 6 x 8mm; No Brand; -; 1 Pc","30","10","30","Tidak","-"
"P-19600-00","General - Tubing TLM0604N-100; SMC; -; 1 meter","0","0","0","Tidak","-"
"P-20852-00","General - Tungsten Electrode WT20-2.4mm x 150mm; No Brand; -; 10 pcs/pack","1","0","0","Tidak","S-2"
"P-12920-00","General - Tungsten Electrodes dia 1.6 mm; No Brand; -; 1 pc","14","3","10","Tidak","N-3"
"P-19826-00","General - Tutup Lubang Transfer Isolator OSD 110 x 45mm; Agru Farma; Custom; 1 pc","0","0","0","Tidak","-"
"P-20117-00","General - Universal Bearing Puller/Tracker Bearing Seperator; No Brand; -; 21pcs/set","0","0","0","Tidak","-"
"P-14244-00","General - UV Lamp SD55-320W; Hanovia; 130071-0320-C; 1 pc","0","1","3","Tidak","-"
"P-54354-00","General - UX52 Variable Speed Controller 90W; Houle; -; 1 pc","1","0","0","Tidak","G-3"
"P-20272-00","General - V Belt SPA 1132; Mitsuboshi; -; 1 pc","10","0","0","Tidak","-"
"P-19958-00","General - Vacuum Ferrule KF16; No Brand; -; 1 pc","0","0","0","Tidak","-"
"P-19957-00","General - Vacuum Ferrule KF25; No Brand; -; 1 pc","0","0","0","Tidak","-"
"P-19827-00","General - Valve Aktuator Stroke 40mm; Siemens; SKC62 2800N; 1 pc","0","0","0","Tidak","-"
"P-53294-00","General - Vertical Float Level Switch VSP-3FJ-S2-L1000-FPP45-CU1; Wingel; -; 1 unit","0","0","0","Tidak","-"
"P-52992-00","General - Vertical Float Level Switch, 1A, 220VAC/DC or 24VDC; Wingel; VSS-2FJ-S2-L1100-FS45-0;","0","0","0","Tidak","-"
"P-54218-00","General - Vertical Float Level Switch; Wingel; VSS-2FJ-S4-L720-FS45-HT; 1 Pc","1","0","0","Tidak","-"
"P-54446-00","General - Vertikal Float Level Switch; Wingel; VSP-2F-J0S4-L1000-FPP45-CU4; 1 pc","1","0","0","Tidak","R-3-14"
"P-18666-00","General - Vlok Ring, Kuningan/Brass, 1 x 1/2inch; No Brand; -; 1 pc","3","1","3","Tidak","R-2-13"
"P-53383-00","General - Wafer Check Valve DN50 JIS10K 2inch, Body Cast Iron, Disc SS304; Tozen; ;","2","0","0","Tidak","Kardus L3"
"P-19029-00","General - Washable G4 Avg arrestance : 94%. Rec. Final resistance: 250 Pa. Size: 12"" x 24"" x 2""; IAF; ; pcs","10","3","10","Tidak","-"
"P-19028-00","General - Washable G4 Avg arrestance : 94%. Rec. Final resistance: 250 Pa. Size: 24"" x 24"" x 2""; IAF; ; pcs","10","5","20","Tidak","Ruang Filter"
"P-15938-00","General - Water Hardness Test Kit; No Brand; -; 1 Pc","0","0","0","Tidak","-"
"P-54269-00","General - Water Heater Immersion 9 Element Dia 11,2 x 1800 mm, 60 KW 380V, SUS316; Custom; -; 1 pc","0","0","0","Tidak","-"
"P-52991-00","General - Water Heater Immersion 9 Element Dia 11,2 x 2000 mm, DIM A, 60 KW-220/380 V; Lokal; Type : MS-3DA48150;","0","0","0","Tidak","-"
"P-17680-00","General - Water Mur PVC dia. 2 1/2inch; No Brand; -; 1 pcs","4","0","0","Tidak","-"
"P-20651-00","General - Wire Brush Mata Bor; JLD; 263; 3pcs/set","0","0","0","Tidak","-"
"P-20150-00","General - Y Strainer Kuningan/Brass 1/2inch, Connection Screw, Class 150; Kitz; -; 1 pc","1","0","0","Tidak","R-3"
"P-19405-00","General- Mechanical Sear CR 32 HQQE; Grundfoss; P/N : 96525458; 1 Pc","1","0","0","Tidak","L-3"
"P-50263-00","Gland Cable","0","0","0","Tidak","-"
"P-18789-00","Gland Packing Teflon PTFE 4x4 mm; ; ;","0","0","0","Tidak","-"
"P-18834-00","Gland Packing Teflon PTFE 6x6; ; ;","5","0","0","Tidak","-"
"P-18833-00","Gland Packing Teflon PTFE 8x8; ; ;","0","0","0","Tidak","-"
"Q-50027-00","Glass Lock atau Grendel Pintu Kaca Tanpa Bingkai; Dekkson; GL621CP; pc","0","0","0","Tidak","-"
"P-18646-00","Global Power Supply PN. 6R_SA2120-01C; ; ;","0","0","0","Tidak","-"
"O-15681-00","Glove housing gasket; Thickness 2 mm, glove port dia 250 mm","0","0","0","Tidak","-"
"O-52139-00","GMP Washer - Adjustable Themostat IMIT 70/210? C TR2540140/B p/n:012099","0","0","0","Tidak","-"
"O-52175-00","GMP Washer - Adjustable Thermostat; 0/+60?C 1-NO KTS011 STEGO p/n:013565","0","0","0","Tidak","-"
"O-52158-00","GMP Washer - AI Module Simatic S7-1500 8XU/I/RTD/TC ST 6ES75317KF000AB0 Siemens p/n:013509","0","0","0","Tidak","-"
"O-52167-00","GMP Washer - Air Heating Element 230V 1300W DHEp/n:010459","0","0","0","Tidak","-"
"O-52156-00","GMP Washer - AQ Module Simatic S7-1500 4XU/I ST 6ES75325HD000AB0 Siemens p/n:013510","0","0","0","Tidak","-"
"O-52135-00","GMP Washer - Buzzer 24 VAC/DC 80 DB IP65 Werma p/n:10701075;013489","0","0","0","Tidak","-"
"O-52830-00","GMP Washer - Chemical Flowmeter 932-9301/P2 FHKSC DIGMESA; ; ;","0","0","0","Tidak","-"
"O-52149-00","GMP Washer - Conductivity Sensor CLS16-4C3A1R E+H p/n:010580","0","0","0","Tidak","-"
"O-52148-00","GMP Washer - Conductivity Sensor CLS54-ACS1022 E+H p/n:011983","0","0","0","Tidak","-"
"O-52150-00","GMP Washer - Conductivity Transmitter CLM253-CS7110 24VAC/DC IP65 p/n:014078","0","0","0","Tidak","-"
"O-52164-00","GMP Washer - Contactor 3P (3 NO)+1 NO+1 NC AC-3 18A 24VCC LC1D18BL Schneider p/n:011310","0","0","0","Tidak","-"
"O-52138-00","GMP Washer - Contactor 3P(3 NO)+1 NO+1 NC AC-3 9A 24VDCLC1D09BL Scheider p/n:013581","0","0","0","Tidak","-"
"O-52142-00","GMP Washer - Depressure Switch MA-TER GV600-13/-20MB SP7PY6N1.010 p/n:011372","0","0","0","Tidak","-"
"O-52155-00","GMP Washer - DI/DQ Module Simatic S7-1500 16X24CDV/16X24VDC/0 5A 6ES75231BL000AA0 Siemens p/n:013447","0","0","0","Tidak","-"
"O-52147-00","GMP Washer - Differential Pressure Transmitter MS-111-LCD Dwyer p/n:012732","0","0","0","Tidak","-"
"O-52165-00","GMP Washer - Emergency Stop Module XPSAF5130 24VAC/DC Schneider p/n:012133","0","0","0","Tidak","-"
"O-52157-00","GMP Washer - Front Connector Simatic S7-1500, Push-In, 40 Pin For 35mm 6ES75321BM000XB0 Siemens p/n:013511","0","0","0","Tidak","-"
"O-52172-00","GMP Washer - Frontal Auxilari Contact 1NO/1NC GVAE1 Schneider p/n:010268","0","0","0","Tidak","-"
"O-52181-00","GMP Washer - Fuse Omega Fusibiliti 5X20 2A/T S/IMQ COD COL BUSS-S506 ST520263 p/n:010640","0","0","0","Tidak","-"
"O-52180-00","GMP Washer - Fuse Omega Fusibiliti 5X20 2A/T S/IMQ COD COL BUSS-S506 ST520263 p/n:011007","0","0","0","Tidak","-"
"O-52174-00","GMP Washer - Fuse Omega Fusibiliti 5X20 3.15A/T S/IMQ COD COL BUSS-S506 ST520231 p/n:011332","0","0","0","Tidak","-"
"O-52182-00","GMP Washer - Fuse Omega Fusibiliti 5X20 500mA/T S/IMQ COD COL BUSS-S506 ST520150 p/n:010638","0","0","0","Tidak","-"
"O-52179-00","GMP Washer - Fuse Omega Fusibiliti 5X20 6,3A/T S/IMQ COD COL BUSS-S506 ST520263 p/n:010636","0","0","0","Tidak","-"
"O-52154-00","GMP Washer - I/O Module Intergratio PCD2.K520 Saia Burgess p/n:010762","0","0","0","Tidak","-"
"O-52168-00","GMP Washer - Inverter ATV312H037N4 0.37KW 380-500V 3P 50/60 Hz Schneider p/n:011370","0","0","0","Tidak","-"
"O-52170-00","GMP Washer - Inverter ATV312HU22N4 2.2KW 380-500V 3P 50/60 Hz Schneider p/n:010179","0","0","0","Tidak","-"
"O-52137-00","GMP Washer - Limit Switch 1NO+1NC KME3S11 Lovato Electric p/n:010540","0","0","0","Tidak","-"
"O-52136-00","GMP Washer - Linear Actuator 24 VDC 50MM, AO-01/MR p/n:010458","0","0","0","Tidak","-"
"O-52146-00","GMP Washer - Magnetic Sensor M12 D12PMPTB196LA STEMS.R.L p/n:011830","0","0","0","Tidak","-"
"O-52140-00","GMP Washer - Magnetic Sensor STEM S.R.L DIAM. 6, A0611AUEZ197L p/n:010297","0","0","0","Tidak","-"
"O-52159-00","GMP Washer - Memory Card HMI SIimatic S7-1X00 4GB 6ES79548LC020AA0 Siemens p/n:012965","0","0","0","Tidak","-"
"O-52160-00","GMP Washer - Memory Card HMI SIimatic SD 2GB 6AV21818X000AX0 Siemens p/n:013888","0","0","0","Tidak","-"
"O-52176-00","GMP Washer - Microswitch Pizza Elettrica With Roller Plunger MK 1 NO/NC MKH11D17 p/n:010785","0","0","0","Tidak","-"
"O-52178-00","GMP Washer - Power Supply Input:115/230VAC Output:24 VDC 7,5A,FLEX17024A Adelsystem p/n:011135","0","0","0","Tidak","-"
"O-52141-00","GMP Washer - Pressure Switch MA-TER GP6-- +3/+5MB, SP7PY631.005 p/n:011371","0","0","0","Tidak","-"
"O-52145-00","GMP Washer - Pressure Switch0-0.25 Bar 0.045 Bar PSA-31 (0.045 Bar) Wika p/n:014032","0","0","0","Tidak","-"
"O-52151-00","GMP Washer - Pressure Transmitter 0-0.25 Bar SA-11 Wika p/n:010849","0","0","0","Tidak","-"
"O-52152-00","GMP Washer - Pressure Transmitter 0-6 Bar SA-11 Wika p/n: 012226","0","0","0","Tidak","-"
"O-52144-00","GMP Washer - Proximity Switch PNP M8 N.OSS3N203-G GIMATIC p/n:045006","0","0","0","Tidak","-"
"O-52162-00","GMP Washer - Relay 1 Contact PRCU 1/24V AC/DC 15508.2 Contaclip p/n:013070","0","0","0","Tidak","-"
"O-52161-00","GMP Washer - Relay 2 Contact PRSU2G 1/24V AC/DC 15233.2 Contaclip p/n:013069","0","0","0","Tidak","-"
"O-52177-00","GMP Washer - Relay 208/480V PMV10A440 Lavato Electic SPA p/n:011152","0","0","0","Tidak","-"
"O-52143-00","GMP Washer - Solenoid Valve Modulflex Monostable 24 VDC P2M1TDEE2C Parker p/n:045019","0","0","0","Tidak","-"
"O-52153-00","GMP Washer - Temperatur sensor TM411-1F2H4/125 E+H p/n:0110762","0","0","0","Tidak","-"
"O-52169-00","GMP Washer - Thermal Magnetic Circuit Breaker 1.6-2.5A  GV2ME07 Schneider p/n:010195","1","0","0","Tidak","A-4-8A"
"O-52173-00","GMP Washer - Thermal Magnetic Circuit Breaker 4-6,3A GV2ME10 Schneider p/n:010460","0","0","0","Tidak","-"
"O-52171-00","GMP Washer - Thermal Magnetic Circuit Breaker 6-10A GV2ME14 Schneider p/n:010454","0","0","0","Tidak","-"
"O-52166-00","GMP Washer - Thermal Magnetic Circuit Breaker C60N 3P 16A C UL/CSA 24468 Schneider: 011107","0","0","0","Tidak","-"
"O-52163-00","GMP Washer - Thermostat 168? C 1NT08L-4288 KLIXON p/n:010144","0","0","0","Tidak","-"
"O-19591-00","Grease for High Vacuum GR AR555; Kluber; ;","0","0","1","Tidak","-"
"O-19256-00","Grendel Pintu Sliding Stanless Steel; ; ;","0","0","0","Tidak","-"
"Q-10931-00","Grendel Slot Pintu Geser","0","0","0","Tidak","-"
"O-19866-00","Grill Fan (cover kipas) 12x12 cm","6","0","0","Tidak","A-4-15A"
"O-17597-00","Guide Belt Model : FRB-7701 Hualian","0","0","0","Tidak","-"
"T-80184-00","Gunting Besar (8,5 Inch); pc","0","0","0","Tidak","-"
"Q-10902-00","Gypsum 9 mm;No Brand;;pack size per lembar","0","0","0","Tidak","-"
"Q-10090-00","GypsumJaya Board","0","0","0","Tidak","-"
"T-22069-00","H-14-HEPA-Filter Cartridge with new optimised design for B/C-Max 3, Calire-3; No Brand; -; piece","0","0","0","Tidak","-"
"T-20381-00","Halogen Lamp NA55917 12V; Shimadzu; Part No. 062-65005; 1","0","0","0","Tidak","-"
"Q-60401-00","Handle Pintu Bulat, Elbow Press Lock; Meroni; N13NE TB127;","1","1","5","Tidak","N-2"
"Q-10904-00","Handle Pintu Kaca Deksson DK 82801; ; ;","0","0","0","Tidak","-"
"Q-70163-00","Handle Tap Balik / Handle Tap M3-M12 mm; Tekiro; GT-TH1864; pc","0","0","0","Tidak","-"
"T-12045-00","Hard disk Desktop Internal Seagate 1TB SATA; Seagate; ;","0","0","0","Tidak","-"
"Q-60107-00","Hardener / Obat dempul sanpolac; ; ; pack size per tube","0","0","0","Tidak","-"
"Q-10785-00","Hardisk Enclosure Case 3.5 Inch","0","0","0","Tidak","-"
"P-19125-00","HB HCX Series (H14) 99,99% 0,3 micron 610x610x292 mm; IAF; ;","0","0","0","Tidak","-"
"P-19206-00","HB Series (H13) :592x592x292mm Minimum efficiency : 99,99% on 0,3 micron Rec.final resistance:50; IAF; ;","6","1","6","Tidak","-"
"O-19740-00","HB Series H13 99,99%, on 0.3 Micron, Size 592 x 592 x 292 mm; IAF; ;","0","0","0","Tidak","-"
"T-12000-00","HDD Internal - 4TB SATA Seagate SKYHAWK Surveilance 3.5 inch","0","0","0","Tidak","-"
"T-12106-00","HDD Internal 6 TB WD Purple","0","0","0","Tidak","-"
"T-12025-00","HDD Internal Notebook 500 GB Seagate","0","0","0","Tidak","-"
"T-10087-00","HDD Internal PC 500 GB","0","0","0","Tidak","-"
"P-52529-00","HDMI NSH-35 s/n 1308744 P/n: PWS6A00T-P; ; ;","0","0","0","Tidak","-"
"O-19786-00","Head Pusher Cartoning Uk. 15x 22x 51 mm Material SUS 304; Custom; ;","0","0","0","Tidak","-"
"P-53660-00","Heat Shrink dia. 3 mm Warna Hitam (1 roll = 100 mtr)","1","0","0","Tidak","A3"
"P-53661-00","Heat Shrink dia. 4 mm Warna Hitam (1 roll = 100 mtr)","0","0","0","Tidak","-"
"P-53663-00","Heat Shrink dia. 6 mm Warna Hitam (1 roll = 100 mtr)","0","0","0","Tidak","-"
"O-15614-00","HEATER : TREC ; AISI 316 MADE BY 3 MONO-PIPE ELEMENTS D.16 L=460; POWER 1000W CAD. (TOT.3000W) ; TENSION: 230V; R.W. HEATERS ;","0","0","0","Tidak","-"
"P-52421-00","Heater Cold Storage Door 4 mtr 300 Watt 220V","0","0","0","Tidak","-"
"P-17818-00","Heater Double Loop SS304 Dia: 8,2 x 255 mm Nepple: M12 Baut: M4 1500W 230V; ; ;","0","0","0","Tidak","-"
"T-20791-00","Heater/Cooler Engine 2690; Waters; 700001066;","0","1","1","Tidak","-"
"T-20427-00","Heater/sensor assembly for FID, TCD, NPD, and S/SL valves and detectors; Agilent; Part No. G1530-67950; Pcs","0","0","0","Tidak","-"
"P-18665-00","Heavy clamp ferrule 1 - 1 1/2 inch; SS304L;; ; ;","6","5","10","Tidak","N-3"
"O-53013-00","Heavy Duty Connector 4Pin (Male + Female); Lokal; ;","2","0","0","Tidak","A3"
"P-51813-00","Heavy Duty Door contact; ; ;","1","0","0","Tidak","F-2-2C"
"P-12983-00","Helicoil dia. M6x6mm","3","0","0","Tidak","N3"
"P-12984-00","Helicoil dia. M8x5mm","0","0","0","Tidak","-"
"O-15485-00","HEPA (H 14) Filters (155D mm x 150H mm); ; ;","0","0","0","Tidak","-"
"O-16949-00","Hepa Filter - H14 ( 99.999% ) size: 457x305x150","1","0","0","Tidak","Ruang Filter"
"P-54094-00","Hepa Filter - H14 ( 99.999% ) size: 610x610x70 mm Hencolin","0","0","0","Tidak","-"
"P-17858-00","Hepa Filter - H14 ( 99.999% ) size:305x610x69mm;; IAF; ;","2","1","3","Tidak","Ruang Filter"
"O-19385-00","HEPA FILTER 610 x 610 x 305 Class: F9 - 90-95%; Hencolin; ;","0","0","0","Tidak","-"
"O-19386-00","HEPA FILTER 610 x 610 x 305 Class: H14 - 99,999%; Hencolin; ;","2","2","4","Tidak","-"
"P-15412-00","HEPA Filter H13 (99,97% At DOP); Size : 762 x 457 x 150 mm; Type : 1FRSI-762 x 457 x 150-1SIHT; ; Art No. 16280027-01;","0","0","0","Tidak","-"
"O-19392-00","HEPA filter minipleat, size: 305X305X93 H13; Hencolin; ;","11","0","0","Tidak","Ruang Filter"
"O-19387-00","HEPA filter minipleat, size: 610X610X69 H14; Hencolin; ;","0","0","0","Tidak","-"
"O-17535-00","Hepa-Filter, Miele PRIMA INSTRUMENT ANALITIKA, PT P/N : 10083920 pc","1","0","0","Tidak","F-2-6"
"P-17047-00","Hexabolt M6; ; ;","0","0","0","Tidak","-"
"P-17001-00","Hexabolt M8; ; ;","0","0","0","Tidak","-"
"P-13396-00","HEXAGON CRIMPING PLIER 4-16MM2; Krisbow; Part No. KW0103754;","0","0","0","Tidak","-"
"O-15615-00","HIGH PRECISION OPTICAL FIBER 10MM WIDTH FU-12; PART NO :201020","0","1","1","Tidak","-"
"O-15616-00","HIGH PRECISION OPTICAL FIBER FU-7F; PART NO :201061","0","1","1","Tidak","-"
"O-15624-00","HIGH PRECISION OPTICAL FIBER; OMRON ;M4 STRAIGHT CONNECTION; MAX TEMPERATURE: 300?C; : 600MM MAX.; FIBER LENGTH: 5000MM;","0","0","0","Tidak","-"
"T-20127-00","High Pressure Motorized Valve Rebuild Kit Waters P/N : WAT045424","0","0","0","Tidak","-"
"O-15617-00","HIGH TEMPERATURE BLACK SILICONE GASKET FOR HOT CHAMBER DOOR - STERILINE : DIMMENSIONS 20X15X10 MM; PART NO :2958","0","0","0","Tidak","-"
"Q-10880-00","Holder Vertical Blind Hanger 127 mm","0","0","0","Tidak","-"
"P-12418-00","Hole saw u/ stainless stell dia 20 mm ex UNIKA","0","0","0","Tidak","-"
"Q-10750-00","Hollow Baja Ringan 4x4cm, Tebal 0.5mm, Panjang 4m; ; ;","0","0","0","Tidak","-"
"P-17656-00","Hollow SS201 10x10x1.2 mm","0","0","0","Tidak","-"
"Q-10514-00","Hollow SUS304 30x30x3.0mm","0","0","0","Tidak","-"
"P-17253-00","Hose Yee Joint Kuningan 1/2 inch","0","0","0","Tidak","-"
"P-17065-00","Hot Gun GHG630 2000 w Bosch; ; ;","0","0","0","Tidak","-"
"P-51785-00","Hour Meter LE8N-BF Autonics; ; ;","0","0","0","Tidak","-"
"Q-10987-00","HPL Edging Abu 2.2cm; Taco; ;","0","0","0","Tidak","-"
"P-52369-00","HVAC - Pressure Flow Control MF PFC Ver.3 24 VAC/VDC 0 - 100 Pa Micatrone; ; ;","3","1","2","Tidak","L4"
"O-51720-00","I/P CONVERTER TYPE 6126; PART NO :CJ030010","0","0","0","Tidak","-"
"P-15436-00","IAF G Series (G4); Average effeciency : 25 30%; Size : 16 x 25 x 1 (395 x 630 x 25 mm); Rec.final r; ; ;","0","0","0","Tidak","-"
"P-14443-00","IAF HB Series (Hepa Filter) H13, Min Eff: 99,99% on 0,3 micron, Size: 610x305x93 mm; ; ;","0","0","0","Tidak","-"
"P-14444-00","IAF HB Series (Hepa Filter) H13, Min Eff: 99,99% on 0,3 micron, Size: 610x610x93 mm; ; ;","0","0","0","Tidak","-"
"P-14442-00","IAF HBHV Series (Hepa Filter) H13, Min Eff: 99,99% on 0,3 micron, Size: 610x610x292 mm; ; ;","0","0","0","Tidak","-"
"P-15036-00","IAF HBMP Series (H13); Minimum effeciency : 99.99% on 0.3 micron;Size;1220X610X93 mm; Rec.final resi; ; ;","0","0","0","Tidak","-"
"P-15037-00","IAF HBMP Series (H13); Minimum effeciency : 99.99% on 0.3 micron;Size;305X305X93 mm; Rec.final resis; ; ;","0","0","0","Tidak","-"
"P-16976-00","IAF HBMP Series (H14) Size:305x610x93mm effeciency:99,999% on 0,3 um; Rec.final resistance:500 Pa;; ; ;","0","0","0","Tidak","-"
"P-15038-00","IAF HBMP Series (H14); Minimum effeciency : 99.999% on 0.3 micron;Size ;305X305X93 mm; Rec.final res; ; ;","0","0","0","Tidak","-"
"P-52791-00","IC Components LTC2411IMS; ; ;","4","0","0","Tidak","D-3-1D"
"T-25289-00","IGNITER GLOW PLUG ASSEMBLY; AGILENT; 19231-60680; 1 PC PER PACK","0","0","0","Tidak","-"
"O-17129-00","IMA CLU EK2046  Welded Bellow For Unloading Pusher 316L ST100*65","0","0","0","Tidak","-"
"O-51965-00","IMA CLU EK2046 - Module MOXA IO Logic-E1214 p/n:6822921","1","0","0","Tidak","C-3-1"
"O-52701-00","IMA CLU EK2046 - Router VPN Secomea P/n: 84229090; ; ;","0","0","0","Tidak","-"
"O-11287-00","IMA F200 Filling Machine - Pall Mini Kleenpak Capsules with Supor EKV Membrane, Filter Capsule 4,1""/0,2 um/0,02 m2/Hydrophilic PVDF/code2/0,25-0,5"" hose barb; Pall; KA02DFLP8G; 1 pcs","0","0","0","Tidak","-"
"T-20398-00","In-Line Filter Assembly; Waters; Part No. WAT035190; 1pc","0","0","0","Tidak","-"
"P-51812-00","Indoor Sirene; ; ;","1","0","0","Tidak","F-2-3A"
"T-20146-00","Inlab Cable MultiPin-BNC/RCA 1.2m cat no 30281896; Mettler Toledo; c/n 30281896; 1 pc","1","0","0","Tidak","F-2-4B"
"O-15622-00","INLET CHAMBER PRE-FILTER ; AMERTEX : FILTRATION MATERIAL AMERTEX R-R29, G3 CLASS","0","0","0","Tidak","-"
"T-20320-00","Inlet liner, Ultra Inert, split, low pressure drop, glass wool; Agilent; Part No. 5190-2295; 1/pk","0","0","0","Tidak","-"
"O-17669-00","INPRO 6860i/12/120/nA, Operating Range : 8 ppb - 60% O2 Sat. Measured Pressure Resistance : 0 bar - METTLER TOLEDO INDONESIA, PT P/N : - pc","1","1","2","Tidak","E-4"
"Q-70222-00","Insulated Screwdriver LPISS7; Krisbow; 10002071; 7 pc/set","0","0","0","Tidak","-"
"P-13723-00","Insulation Pipe 2-3/8 inch x 3/4 inch","0","0","0","Tidak","-"
"P-13722-00","Insulation Pipe 5/8 inch x 3/4 inch","0","0","0","Tidak","-"
"O-21152-00","Integrated Granulation Line - Alat Perata Sample 90x118 mm; Custom /Lokal; -; 1 Pc","0","0","0","Tidak","-"
"O-21067-00","Integrated Granulation Line - Bellow V3 MC DN100 L=292x2 EPDM White; GEA; 179947; 1 Pc","0","0","0","Tidak","-"
"O-20652-00","Integrated Granulation Line - Blowback Cone Seal PTFE","4","0","0","Tidak","-"
"O-20651-00","Integrated Granulation Line - Collar HC100","3","0","0","Tidak","-"
"O-20650-00","Integrated Granulation Line - Flap Disc Seal MC DN100 (2.M10.0110X)","2","0","0","Tidak","-"
"O-20649-00","Integrated Granulation Line - Housing Seal MC DN 100","1","0","0","Tidak","-"
"O-20646-00","Integrated Granulation Line - Inflatable Seal CIP FC111VS DS=117.2mm Silicone Transparent","1","0","0","Tidak","-"
"O-20645-00","Integrated Granulation Line - Inflatable Seal CIP FC111VS DS=340.2mm Silicone Transparent","1","0","0","Tidak","-"
"O-20647-00","Integrated Granulation Line - Inflatable Seal CIP G281 S2F Dm=474mm Silicone Transparent","1","0","0","Tidak","-"
"O-20648-00","Integrated Granulation Line - Inflatable Seal CIP G281 S2P Dm=286mm Silicone Transparent","1","0","0","Tidak","-"
"O-21068-00","Integrated Granulation Line - Inflatable Seal Filter Ring ER/ABB 1 Valve MK3 Size 2; GEA; 214261; 1 Pc","1","0","0","Tidak","-"
"O-53566-00","Integrated Granulation Line - K-Adp-Usb Programmer; Pepperl+Fuchs; ;","1","0","0","Tidak","-"
"O-20505-00","Integrated Granulation Line - Oring Viton 2.5x64x69 mm, colour Black; Custom/Lokal; -; 1 Pc","7","0","0","Tidak","E-4"
"O-53272-00","Integrated Granulation Line - Temperature Probe CIP 60mm MK3: 3 Wire","1","0","0","Tidak","-"
"O-53274-00","Integrated Granulation Line - Temperature Probe Product 72mm Bayonet 3 Wire Cable=5m","1","0","0","Tidak","-"
"O-53273-00","Integrated Granulation Line - Temperature Probe Product 72mm Bayonet 3 Wire Cable=5m","1","0","0","Tidak","-"
"O-53275-00","Integrated Granulation Line - Temperature Probe PT-100 55mm Long 3 Wire 1/10 DIN 316L","1","0","0","Tidak","-"
"P-52708-00","Inverter - HVAC Drives FC-102P4K0T4E20H3XGXXXXSXXXXAXBXCXXXXDX; 4 kw 3x380 Vac;; Danfoss; ;","0","0","0","Tidak","-"
"P-52242-00","Inverter FC202 Aqua Drives 5.5KW 3x380 VAC Danfoss","0","0","0","Tidak","-"
"O-51725-00","INVERTER MICROMASTER 3 PHASE PART NO :6008","0","0","0","Tidak","-"
"O-51943-00","Inverter Sinamics 1,5 kw 6SL3210-1PE16-1UL1; Siemens; ;","0","0","0","Tidak","-"
"O-52229-00","Inverter VLT Drive Danfoss-Type FC-051PK75T4E20H3XXCXXXSXXX spec: 0.75 Kw, 3x380-480 V 50/60Hz; ; ;","1","0","0","Tidak","E-4-4"
"P-51918-00","Inverter VLT Drive Danfoss-Type FC-302 7.5 Kw, 3x380-480 V 50/60Hz; ; ;","0","0","0","Tidak","-"
"P-15857-00","INVERTER,DANFOSS, VLT2980PT4B20STR0DBFOOA21C1 S/N 56670CA465","0","0","0","Tidak","-"
"Q-70054-00","Isi Kuas Cat Epoxy Roll; Rollset; Ukuran 4 Inch; pack size per pcs","0","0","0","Tidak","-"
"Q-70055-00","Isi Kuas Cat Epoxy Roll; Rollset; Ukuran 9 Inch; pack size per pcs","0","0","0","Tidak","-"
"T-80198-00","Isi Stapler Besar NO 3 + 24/6","0","0","0","Tidak","-"
"T-80199-00","Isi Stapler Kecil NO 10","0","0","0","Tidak","-"
"P-12433-00","Isolasi AC- Sansui","9","5","10","Tidak","M-3-6"
"O-53376-00","Isolator - Exhaust Air Fan G3G200-GN18-01; SKAN; 1016201; 1 Pc","0","0","0","Tidak","-"
"O-53379-00","Isolator - Humidity Sensor HMT335; SKAN; 1008547; 1 Pc","0","0","0","Tidak","-"
"O-53374-00","Isolator - Intake Air Fan G3G146AB540.1; SKAN; 1338289; 1 Pc","0","0","0","Tidak","-"
"O-20895-00","Isolator - Pneumatic Gasket Front Door DICHT.PNEU. 1784X0724 MVQ; SKAN; 1015746; 1 Pc","1","0","0","Tidak","-"
"O-53375-00","Isolator - Recirculation Air Fan R3G 355-AI56-01; SKAN; 1015729; 1 Pc","0","0","0","Tidak","-"
"O-20896-00","Isolator - Silicon Tube Pump 913.A016.016; SKAN; 1002902; 1 Pc","15","0","0","Tidak","-"
"O-53377-00","Isolator - Temperature Sensor R2106; SKAN; 1014964; 1 Pc","0","0","0","Tidak","-"
"O-53378-00","Isolator - Temperature Sensor TR11 kz-MU; SKAN; 1008546; 1 Pc","0","0","0","Tidak","-"
"O-14449-00","Isolator Glove Piercan 97800Y94/10 Material: Hypalon One Piece Fulled Dipped, White","0","0","4","Tidak","-"
"O-16031-00","Isolator Gloves E10330 Y 8 E4 4;000160; Material : CSM; Shape : E10; Size : 8; Thickness (mm) : 4/10; ; ;","0","0","0","Tidak","-"
"T-20134-00","Isolator Gloves Material : CSM Shape : E10 Size : 8 Thickness (mm) : 4/10 Length (mm) : 330; Piercan; E10330 Y 8 E4 4;","0","0","0","Tidak","-"
"Q-10983-00","Isolator Keramik Busbar Silinder 50x40; ; ;","0","0","0","Tidak","-"
"O-20910-00","Isolator Machine - Pneumatic Gasket Transfer Door (Left + Right) DICHT.PNEU. 1784X0724 MVQ; SKAN; 1015668; 1 Pc","1","0","0","Tidak","-"
"O-51777-00","Isoloator glove code: M200/90 Y 550 E4; ; ;","0","0","0","Tidak","-"
"O-15626-00","JACKET WATER AND CONDENSATE DRAIN FILTER; F9 ;","0","0","0","Tidak","-"
"Q-70149-00","Jangka Sorong Digital / Digital Caliper; Mitutoyo; CN: 500-197-30; pc","0","0","0","Tidak","-"
"T-20002-00","Jasa Perbaikan Alat Lab - Perbaikan Timbangan Lab","0","0","0","Tidak","-"
"Q-11000-00","Jasa Perbaikan Gedung; ; ;","0","0","0","Tidak","-"
"Q-10827-00","Jet Gun For Cleaning AC","0","0","0","Tidak","-"
"S-46525-00","Jolly Box ; JX-3 No. 300; Lion Star; ;","0","0","0","Tidak","-"
"T-81150-00","Joyko Permanent Marker dual TIP PM 32 Warna Biru - Merah","0","0","0","Tidak","-"
"P-51786-00","Jumper Terminal viking uk. 2,5 mm; ; ;","0","0","0","Tidak","-"
"Q-10510-00","Junction Box Plastik 12x12x10 cm; ; ;","0","0","0","Tidak","-"
"P-53261-00","Junction Box uk 30x40x20cm; ; ;","0","0","0","Tidak","-"
"P-54066-00","Junction Panel Box Ukuran 150x150x150 mm","0","0","0","Tidak","-"
"O-52398-00","Kabel Fiber Optic FD-620-10; Autonics; ;","2","0","0","Tidak","G-3"
"P-52083-00","Kabel LeadProbe Multitester Universal","0","0","0","Tidak","-"
"O-52318-00","Kabel pelangi 10 pin + socket","0","0","0","Tidak","-"
"T-12348-00","Kabel Power CPU Cord 1,5m; ; ;","0","0","0","Tidak","-"
"P-51736-00","Kabel UTP isi 8 Cat 5e merk BELDEN; ; ;","0","0","0","Tidak","-"
"Q-10528-00","Kaca Cermin; Lokal; Ukuran custom; pack size per pcs","0","0","0","Tidak","-"
"P-16402-00","Kaca Las Warna Hitam No. 10","1","0","0","Tidak","-"
"T-21161-00","Kalibrasi Furnace; Vulcan; Type : D-550 - Kalibrasi Furnance","0","0","0","Tidak","-"
"Q-10905-00","Kanal C Galvalum Baja Ringan 0.75","0","0","0","Tidak","-"
"Q-10774-00","Kansai Zinc Phospate Primer Light Grey @ 20 KG","0","0","0","Tidak","-"
"Q-10621-00","Kap Downlight 5inch Osiwa","0","0","0","Tidak","-"
"Q-10570-00","Kap Lampu TL RM 2X18 Watt","0","0","0","Tidak","-"
"Q-10517-00","Kape Besi / Scraper / Skrap Besi;No Brand;;pack size per pcs","0","1","10","Tidak","-"
"Q-12047-00","Kape PVC / Scraper / Skrap PVC Ukuran 5 Inch;; Lokal; ; pc","0","0","0","Tidak","-"
"Q-12145-00","Kasa Gypsum Tanpa Lem Ukuran 1 inch; Lokal; ; 20 meter per roll","0","0","0","Tidak","-"
"P-17466-00","Kawat Las Argon SS 304 Dia : 1.2 mm kg","0","0","0","Tidak","-"
"P-10952-00","Kawat Las Dia = 3,2 X 350 mm Besi RD 260","0","0","0","Tidak","-"
"P-17278-00","Kawat las TIG Argon TGS-50 dia 1.6 mm","0","0","0","Tidak","-"
"P-18966-00","Kawat Perak Las 40%; Merk Grilot-7; ; ;","0","0","0","Tidak","-"
"P-13887-00","Kawat Seling SS dia 4mm","0","0","0","Tidak","-"
"P-15880-00","Keramik Argon No. 5","0","0","0","Tidak","-"
"Q-12151-00","Keramik Dlucido Cream Uk. 20x25; Roman; Type W25107; pack size per 20 pcs box","0","0","0","Tidak","-"
"Q-10963-00","Keramik Granito Salsa Oasis Warna Ivory 40x40mm; Granito; ;","0","0","0","Tidak","-"
"Q-10985-00","Keramik Granito Warna Crystal White Sand 60x60; Granito; ;","0","0","0","Tidak","-"
"Q-20010-00","Keramik Granito Warna Ivory","0","0","0","Tidak","-"
"Q-10207-00","Keramik Roman Warna Putih 40 x 40 cm;Roman;CN: 447106;pack size per pack","6","1","9","Tidak","DW"
"T-80635-00","Kertas HVS Putih A4 70 gram;","0","0","0","Tidak","-"
"P-51810-00","Key switch for On/ Off Indoor sirene; ; ;","0","0","0","Tidak","-"
"T-12204-00","Keyboard Wireless K270 Logitech; ; ;","0","0","0","Tidak","-"
"O-51700-00","KEYENCE AMPLIFIER SENSOR OPTICAL FIBER PNP, OUTPUT CONNECTOR M8","0","0","0","Tidak","-"
"O-15709-00","KEYENCE, HIGH PRECISION OPTICAL FIBER SUPER TOUGH FLEX FIBERS;","0","0","0","Tidak","-"
"O-15731-00","KEYENCE; HIGH PRECISION OPTICAL FIBER SUPER TOUGH FLEX FIBERS-FU67V; PART NO :201021","0","0","1","Tidak","-"
"P-17049-00","Kikir Besi 8""; ; ;","0","0","0","Tidak","-"
"O-51653-00","Kipas Panel Merk Rexnord, Model REC-22038 A2 VAC 220Hz 50/60 AMP-0.1; Rexnord; ;","0","0","0","Tidak","-"
"T-20858-00","Kit, e2695 Performance Maintenace; Waters; 201000313; 1","0","0","0","Tidak","-"
"O-14594-00","Kit, membrane ozone 6510 METTLER TOLEDO INDONESIA, PT P/N : -  pc","0","1","2","Tidak","-"
"T-20591-00","Kit, Performance PLUS seal pack rebuild; Waters; 700011783; 1 pieces / pack","0","1","2","Tidak","-"
"T-20540-00","Kit,Housing,HPMV,Molded p/n: 700010588; Waters; ;","0","0","0","Tidak","-"
"P-12455-00","KITZ - Gate Valve dia 1inch","0","0","0","Tidak","-"
"P-18255-00","KITZ - Gate Valve dia 2 1/2 inch; ; ;","0","0","0","Tidak","-"
"P-12456-00","KITZ - Gate Valve dia 3/4inch","0","0","0","Tidak","-"
"O-16077-00","Kleenpak Emflon PFR 0.2 um PALL Part No. KA2PFRP1 pc","0","0","0","Tidak","-"
"P-52003-00","Klem Pipa Conduit Merk. Clipsal Warna Putih Uk. 20 mm; Clipsal; ; pack","30","0","0","Tidak","O1"
"Q-10972-00","Koper Penyimpan Alat Cashing Aluminium Uk. 215x215x655mm; ; ;","0","0","0","Tidak","-"
"Q-10271-00","Kuas 3 inch","0","0","0","Tidak","-"
"Q-10153-00","Kuas Cat Roller uk. 110 mm;No Brand;;pack size per set","11","3","30","Tidak","N4"
"Q-10154-00","Kuas Cat Roller uk. 230 mm;No Brand;;pack size per set","9","1","20","Tidak","N4"
"Q-60025-00","Kuas Cat Uk. 1 inch;Eterna;Tipe 611;pack size per pcs","0","5","70","Tidak","-"
"Q-60026-00","Kuas Cat Uk. 2 inch;Eterna;Tipe 611;pack size per pcs","0","3","20","Tidak","-"
"Q-10401-00","Kuas Cat Uk. 3 inch;Eterna;Tipe 611;pack size per pcs","9","0","0","Tidak","R-4-10"
"Q-10656-00","Kuas Cat Uk. 5 inch;No Brand;;pack size per pcs","5","1","5","Tidak","R-4-10"
"Q-54128-00","Kuas uk. 2.5 inch; No Brand; ; pack size per pc","0","0","0","Tidak","-"
"Q-10885-00","Kunci Grendel SS 1 1/2 Inch","0","0","0","Tidak","-"
"P-19038-00","Kunci Handle Panel MS 306-2-1 Hengzhu; Hengzhu; ;","2","0","0","Tidak","N4"
"Q-70148-00","Kunci L Bintang / Tamper Torx Key; Tekiro; HK-TA1206; 9 pc/set","0","0","0","Tidak","-"
"Q-70167-00","Kunci L Bintang / Torx Key Uk. 10 mm; Tekiro; HK-TL1221; pc","0","0","0","Tidak","-"
"Q-70173-00","Kunci L Bintang / Torx Key Uk. 20 mm; Tekiro; HK-TL1223; pc","0","0","0","Tidak","-"
"Q-70174-00","Kunci L Bintang / Torx Key Uk. 25 mm; Tekiro; HK-TL1224; pc","0","0","0","Tidak","-"
"Q-70175-00","Kunci L Bintang / Torx Key Uk. 50 mm; Tekiro; HK-TL1228; pc","0","0","0","Tidak","-"
"Q-70169-00","Kunci L Hex Key Stubby Uk. 1,5 - 10 mm; Tekiro; HK-ST1210 ; 9 pc/set","0","0","0","Tidak","-"
"Q-70224-00","Kunci L Mini Set; Tekiro; HK-EL1198; 7 pc/set","0","0","0","Tidak","-"
"Q-70171-00","Kunci L Uk 2 mm; Tekiro; HK-LO1165; pc","0","0","0","Tidak","-"
"Q-70170-00","Kunci L Uk. 1,5 mm; Tekiro; HK-LO1164; pc","0","0","0","Tidak","-"
"Q-70172-00","Kunci L uk. 3 mm; Tekiro; HK-LO1166; pc","0","0","0","Tidak","-"
"Q-10378-00","Kunci Laci Cam Lock;Huben;PN: HL 103-25 mm;pack size per pcs","0","0","0","Tidak","-"
"Q-12076-00","Kunci Laci Lemari Loker Slide; Huben; HL-505; per set","4","0","0","Tidak","O4"
"Q-10731-00","Kunci Lemari Arsip Lion L33/ELITE LION","0","0","0","Tidak","-"
"Q-10472-00","Kunci Loker Huben HL-103 30mm; ; ;","0","0","0","Tidak","-"
"Q-70176-00","Kunci Pas No 21 & 23; Tekiro; WR-OE0086; pc","0","0","0","Tidak","-"
"Q-10783-00","Kunci Pas Rachet Ujung Ganda 3/8inch, 5/16inch dan 1/4inch, 3/16inch For Koneksi pipa AC; ; ;","0","0","0","Tidak","-"
"P-18170-00","Kunci pas ring 22 mm; ; ;","0","0","0","Tidak","-"
"P-18171-00","Kunci pas ring 24 mm; ; ;","0","0","0","Tidak","-"
"P-18160-00","Kunci pas ring set; ; ;","0","0","0","Tidak","-"
"Q-70097-00","Kunci Sock Set 8-32mm 1/2 Inch DR Socket Set 24 pc Segi Pt 6; Matsu; ; pack size per set","0","0","0","Tidak","-"
"Q-70255-00","Kunci Sock T 13 mm; Tekiro; WR-TT0237; pc","0","0","0","Tidak","-"
"Q-70098-00","Kunci Torsi Momen 20-120 Nm; Lakoni; 800422; pack size per set","0","0","0","Tidak","-"
"Q-50029-00","Kunci Tusuk Laci / Kunci Tekan (Push Lock) HL105; Huben; HL105; pc","0","0","0","Tidak","-"
"T-80242-00","Label Stiker Tom & Jerry No. 103","0","0","0","Tidak","-"
"S-46550-00","Ladder with Cushion Foam 4 Step BLKYS2462P; Krisbow; 294499;","0","0","0","Tidak","-"
"T-80731-00","Laminating Film JOYKO A4 220 X 308 MM 100 micron (100 sheets per pack); JOYKO; LF100-2231; 100 sheets per pack","0","0","0","Tidak","-"
"P-51561-00","Lampu Essential GENIE (pendek) 11watt/E27 Putih; Phillips; ;","0","0","0","Tidak","-"
"O-50000-00","Lampu G4 20W 12 V Warm White Philips","0","0","0","Tidak","-"
"Q-30005-00","Lampu Highbay 150 Watt LED; Ecolink; ; pack size per pcs","0","0","0","Tidak","-"
"P-51718-00","Lampu LED 12 VDC P. 30 cm; ; ;","0","0","0","Tidak","-"
"P-51920-00","Lampu LED 6.5W Putih 12 Vac 2700K Philips","0","0","0","Tidak","-"
"Q-10569-00","Lampu LED Emergency 6 Watt Hannoch Genius","0","0","0","Tidak","-"
"P-51883-00","Lampu LED Floodlight 100 watt","0","0","0","Tidak","-"
"P-51865-00","Lampu LED Floodlight 50 watt","0","0","0","Tidak","-"
"Q-10585-00","Lampu LED T5-18W-1200mm","0","0","0","Tidak","-"
"Q-10586-00","Lampu LED T5-9W-600mm; ; ;","0","0","0","Tidak","-"
"Q-10433-00","Lampu Neon Philips TLD 15W/54-765 Cool Daylight; PHILIPS; TLD15W/54-765;","3","0","0","Tidak","I4"
"P-51867-00","Lampu Osram P-VIP 240/0.8 for Infocus IN124a","0","0","0","Tidak","-"
"P-51842-00","Lampu Pemanas/Heating Lamp Mesin Laminating","0","0","0","Tidak","-"
"P-51741-00","Lampu Phillips PHP LED; 710 7w E27 White 220-240v; ; ;","15","11","100","Tidak","O3"
"O-54003-00","LAMPU PL-S 2P 11W/865, PHILIPS","19","0","0","Tidak","O3"
"O-54139-00","Lampu PLC 4U 45W; Hannochs; ;","0","0","0","Tidak","-"
"O-54004-00","LAMPU SL 24 W  / 220-240 V / SPIRAL, PHILIPS","10","0","0","Tidak","O-3"
"P-50023-00","Lampu T8 30W/765; Philips; ;","3","0","0","Tidak","O3"
"P-54224-00","Lampu TL Emergency 18W; Custom; ;","11","0","0","Tidak","O4"
"P-52202-00","Lampu TL5 21W/865 Philips","0","0","0","Tidak","-"
"P-50700-00","Lampu TLD 36W/54 PHILIPS","0","0","0","Tidak","-"
"Q-10434-00","Lampu Tornado Philips 27 W Cool Daylight; PHILIPS; 27WATTS;","2","0","0","Tidak","O3"
"O-54005-00","LAMPU UV 15 WATT, OSRAM","7","1","2","Tidak","O3"
"P-52193-00","Lampu UV 8 Watt; ; ;","8","1","5","Tidak","O3"
"Q-10908-00","Lan Card PCI Express TG-3468 Gigabit 10/100/1000 Mbps TG-3468 TP-Link","0","0","0","Tidak","-"
"T-20841-00","Lasser Assy (S) Shimadzu 206-71580-91","0","0","0","Tidak","-"
"P-50033-00","LCD Display 7 Inch TM070RDH10","0","0","0","Tidak","-"
"P-13397-00","LED WORKLIGHT dan FLASHLIGHT 200dan60LM,3XAA; ; Part No. 10108194;","0","0","0","Tidak","-"
"Q-12117-00","Lem Anti Bocor Waterproof Nano Transparan; Aqualuxe; ; 1 kg","0","0","0","Tidak","-"
"Q-10901-00","Lem Fox Kayu Putih","0","0","0","Tidak","-"
"S-40335-00","Lem Insuflex Insulation; ; ;","0","0","0","Tidak","-"
"P-15858-00","LEM ISOLASI, ARMAFLEX, 1 CAN","0","0","0","Tidak","-"
"Q-12152-00","Lem Kayu Putih 350 gram; Fox; ; 350 gram per pack","0","0","0","Tidak","-"
"P-53213-00","Lem Pipa PVC","1","3","5","Tidak","Flammable"
"Q-10249-00","Lem Power Glue; ; ;","65","3","6","Tidak","N3"
"P-15859-00","LEM PVC 45 GRAM, ISARPLAS","0","0","0","Tidak","-"
"P-12470-00","Lem PVC Isarplas 300 gr/kaleng","0","0","0","Tidak","-"
"Q-10715-00","Lem PVC Isarplas Kuas @400gr; ; ;","0","2","3","Tidak","-"
"Q-10903-00","Lem Wall Papper BOSTIK","0","0","0","Tidak","-"
"Q-10745-00","Lem ZAMITEX 500 gr","0","0","0","Tidak","-"
"P-15860-00","LEM, K-FLEX, 1 CAN : 2.6LTR","0","0","0","Tidak","-"
"S-51937-00","Lid for Desicator, with Stopcock, dor ID 200mm; Normax; 4906324; pieces","0","0","0","Tidak","-"
"P-54610-00","Liebherr - Programmed Electronic for LGPv 6520; Liebherr; 9290451; 1 pc","0","0","0","Tidak","-"
"P-54491-00","Lift Schindler - LOP Button Set; Schindler; IWU-000869; 1 set","0","0","0","Tidak","-"
"P-51738-00","Limit Switch CZ7311 10 A 220 V; ; ;","0","0","0","Tidak","-"
"P-52569-00","Limit Switch LX19-001  250 VAC; ; ;","4","1","3","Tidak","F-2-3B"
"P-50325-00","Limit Switch Z - 15GQ 22 - B 15 A / 125 / 250 VAC Highly","2","1","3","Tidak","M-4"
"P-52009-00","Limit Switch;; Omron; Part No. D4MC-1000; 1 pc/pack","3","1","3","Tidak","L3"
"O-19164-00","LINEAR SHAFT PSSFG12-306; Misumi; ;","0","0","0","Tidak","-"
"P-15861-00","LIQUID GASKET, THREE BOND","0","0","0","Tidak","-"
"Q-12123-00","Lis Strip Pintu Seal Peredam Suara 6M; Lokal; 6M-SD6-Hitam; 6 meter/roll","0","0","0","Tidak","-"
"O-15658-00","LOAD CELL ; WIPOTEC ; SINGLE POINT LOAD CELL MODEL PW15AHC3/10KG-1 NORMAL LOAD 10KG
 SERIAL NO. 02707239;","0","0","1","Tidak","-"
"P-53211-00","LOCTITE High Temperature @ 50 ml","0","2","2","Tidak","-"
"P-17552-00","Lower Fuser Pressure Printer Laserjet P 3015","0","0","0","Tidak","-"
"O-13216-00","Lubricant - Bechem Staroil G 320 Brown H1 @20 Liter/Pail","20","0","0","Tidak","-"
"O-11356-00","Lubricant ? Food grade oil Viscolab 150 - Pc=Liter","0","0","0","Tidak","-"
"O-11367-00","Lubricant ? Oli ISO VG 320 MULTIPRIMA INDOSEJAHTERA, PT P/N : -  pc","20","0","0","Tidak","-"
"R-20023-00","Machine Change Parts; ; ;","0","0","0","Tidak","-"
"P-17658-00","Magnet Door Cabinet","0","0","0","Tidak","-"
"Q-10971-00","Magnet Kotak Pintu Lemari Small Stainless Steel 1.5x3.6cm; ; ;","0","0","0","Tidak","-"
"O-15630-00","MAGNETIC CONTACTOR (S00, AC-3 4KW, 1NO, COIL VOLTAGE: AC230V 50/60HZ)","0","0","0","Tidak","-"
"Q-10460-00","Magnetic door stopper; Dekson; Part No. MDS 889 SN;","0","2","10","Tidak","-"
"O-15631-00","MAGNETIC SWITCH (SMEO - 4U - S - LED - 24B)","0","0","0","Tidak","-"
"S-11400-00","Majun AA, No Brand, Budhi Supplies, pack size per kg","0","20","120","Tidak","-"
"P-17508-00","Manifold For Selenoid Valve 1/8inch 3 Port","0","0","0","Tidak","-"
"O-19590-00","Manifold Gauge, Hose 1.5 mtr; Tasco; ;","0","0","0","Tidak","-"
"P-51999-00","Manifold u/ R410 A dan R 32 Refco Refco","0","0","0","Tidak","-"
"P-18368-00","Manual Actuator DN4 - DN15 type: 601 P/n: 9601 8M A 0 TS; GEMU; ;","2","0","0","Tidak","C-2-7B"
"O-17836-00","Manual Actuator SS316L type: 612 GEMU","0","0","0","Tidak","-"
"O-16752-00","Marchesini FB220-PN. 7301604 MODULE,E.DOT+, 0,35MM NOZZLE  Nordson; Nordson; ;","1","0","0","Tidak","G-3-3"
"O-11762-00","MARCHESINI MA 255 - Conveyor belt Nastro transporto FNB-8E 1850 X 40 HA; Marchesini; C720718540 pc","2","0","0","Tidak","-"
"O-11763-00","MARCHESINI MA 255 - Conveyor belt Nastro transporto FNI-5E er 1110x 75(sil); Marchesini; C721411175 pc","2","0","0","Tidak","-"
"O-12918-00","MARCHESINI MA 255 - p/n 322010 Nordson - Saturn precision Nozzle 200 mesh","0","0","0","Tidak","-"
"O-50710-00","MARCHESINI MA 255/155 - E32992000001 Foto. Riflettore RL 105 Diell ( Reflectore )","1","0","0","Tidak","G-2"
"O-52068-00","Marchesini MA155 - Additive Contact 3RV 2901-1E Siemens","0","0","0","Tidak","-"
"O-16576-00","Marchesini MA155 - Assembled Roller p/n:2894R004","0","0","0","Tidak","-"
"O-20298-00","Marchesini Ma155 - Belt  Conveyor PU UOUO 1120 x 75 x 1.1 mmE Custom/Lokal  -","2","0","0","Tidak","-"
"O-19393-00","Marchesini MA155 - BOCC. Scorrim. Antirotaz. D. 12 Bushing; ; A108121820;","4","0","0","Tidak","G-2"
"O-52098-00","Marchesini MA155 - Bus Module EK1100-0000 Beckhoff p/n:E500Z0208000","0","0","0","Tidak","-"
"O-16580-00","Marchesini MA155 - Bushing 16E7 22X16 p/n:C110162216","0","0","0","Tidak","-"
"O-16579-00","Marchesini MA155 - Bushing D. 6 D. 8 L.6 Glacier p/n:C120060806","0","0","0","Tidak","-"
"O-52075-00","Marchesini MA155 - Cartidge Pompa Sticker MIDI-COAX XI40-3 C/Holder/SIL PIAB p/n:P663000222","0","0","0","Tidak","-"
"O-52066-00","Marchesini MA155 - Close Contact ZBE102 Schneider","0","0","0","Tidak","-"
"O-20557-00","Marchesini MA155 - Combination Folding Roller, 21. 4. 0 1/0. 244; -; M660010009; 1 Pc","0","2","5","Tidak","-"
"O-20559-00","Marchesini MA155 - Combination Folding Roller, 21. 4. 0. 1/0. 222; -; M660010007; 1 Pc","3","1","4","Tidak","G-2"
"O-20558-00","Marchesini MA155 - Combination Folding Roller, 21. 4. 0. 1/0. 233; -; M660010009; 1 Pc","4","2","8","Tidak","G-2"
"O-52063-00","Marchesini MA155 - Complete Remote Control Push Button p/n:E679519246","0","0","0","Tidak","-"
"O-52067-00","Marchesini MA155 - Contac Block for Closed Contac ZB4 BZ102 Schneider","0","0","0","Tidak","-"
"O-52064-00","Marchesini MA155 - Contac Block for Open Contac ZB4 BZ101 Schneider","0","0","0","Tidak","-"
"O-52072-00","Marchesini MA155 - Contactor 3RT 2326-1BB40 Siemens","0","0","0","Tidak","-"
"O-16567-00","Marchesini MA155 - Conveyor Belt 1380 x 40 HA p/n:C720713840","0","0","0","Tidak","-"
"O-16564-00","Marchesini MA155 - Conveyor Belt FNI-5E ER 1110 X 75 (SIL) p/n:C721411175","0","0","0","Tidak","-"
"O-16566-00","Marchesini MA155 - Conveyor Belt NB-8E 1850 x 40 p/n:C720718540","0","0","0","Tidak","-"
"O-16573-00","Marchesini MA155 - Conveyor Belt TS10 290 x 40 Habasit p/n:C720002940","1","1","2","Tidak","G-2"
"O-16572-00","Marchesini MA155 - Conveyor Belt TS10 520 x 40 Habasit p/n:C720005240","0","0","0","Tidak","-"
"O-16571-00","Marchesini MA155 - Conveyor Belt TS10 570 x 40 Habasit p/n:C720005740; Habasit; C720005740; 1 Pc","0","1","2","Tidak","-"
"O-16570-00","Marchesini MA155 - Conveyor Belt TS10 720 x 40 Habasit p/n:C720007240","1","1","2","Tidak","G-2"
"O-16565-00","Marchesini MA155 - Cylinder CQ2B 20-5 SSMC p/n:P115820005","0","0","0","Tidak","-"
"O-16584-00","Marchesini MA155 - Cylinder CRB2BW20-270SZ SMC p/n: P121220270","0","0","0","Tidak","-"
"O-16578-00","Marchesini MA155 - Cylinder D-C73CZ SMC p/n:P312100000","0","0","0","Tidak","-"
"O-52071-00","Marchesini MA155 - DIioda 3RT2926-1ER00 Siemens","0","0","0","Tidak","-"
"O-52094-00","Marchesini MA155 - Driving Board SPD8NSE5 Ulethercat SBC p/n:E79667262931","0","0","0","Tidak","-"
"O-52079-00","Marchesini MA155 - Electro Valve 3/2 1/8inch VT307-5DO1-01F-Q 24V.CC(EX EVT307) SMC p/n:P258902018","0","0","0","Tidak","-"
"O-52076-00","Marchesini MA155 - Electro Valve 5/2 1/8inch T6 SY5120-5Y0-C6F-Q 24V CC SMC p/n:P258E05006","0","0","0","Tidak","-"
"O-52078-00","Marchesini MA155 - Electro Valve 5/2 M5 T.4 SY3120-5LOU-C4-Q 24V CC SMC p/n:P257605004","0","0","0","Tidak","-"
"O-52096-00","Marchesini MA155 - Expansion Module EK1122-0000 Beckhoff p/n:E500Z0208002","0","0","0","Tidak","-"
"O-52095-00","Marchesini MA155 - Feeder Module EL9410-0000 Beckhoff p/n:E500Z0201000","0","0","0","Tidak","-"
"O-16582-00","Marchesini MA155 - Front Bucket p/n:A892216012","0","0","0","Tidak","-"
"O-21437-00","Marchesini MA155 - Gas Spring; Misumi; FGSS15050B; 1 Pc","1","0","0","Tidak","G-3-4"
"O-52070-00","Marchesini MA155 - General Switch 3LD2 203-1TL51 32A Siemens","0","0","0","Tidak","-"
"O-16563-00","Marchesini MA155 - Glue Gu, Gun E-dot + M14 Top Feed 35mm Nozzle Art p/n:7302217 Nordson","0","0","0","Tidak","-"
"O-16960-00","Marchesini MA155 - Green HMP Liquid 5 liter P/n: 90090104","0","0","0","Tidak","-"
"O-16586-00","Marchesini MA155 - Inclined Left Tooth p/n:18990019","0","0","0","Tidak","-"
"O-16587-00","Marchesini MA155 - Inclined Right Tooth p/n:18990018","0","0","0","Tidak","-"
"O-52093-00","Marchesini MA155 - Inverter E84 AVSCE 3712 SX0 1X230V 0,37KW Lenze p/n:E79324F40230","0","0","0","Tidak","-"
"O-16959-00","Marchesini MA155 - Kit Filter 200 Mesh Saturn M14 P/n: 1045520","0","0","0","Tidak","-"
"O-16958-00","Marchesini MA155 - Kit Filter Saturn Melter 100 Mesh P/n: 1028305","0","0","0","Tidak","-"
"O-20859-00","Marchesini MA155 - Leaflet Gripper; Marchesini; A920000005; 1 Pc","2","0","0","Tidak","G-2"
"O-16588-00","Marchesini MA155 - Leaflet Grippet p/n:A920000005","0","0","0","Tidak","-"
"O-20555-00","Marchesini MA155 - Lower Belt Shaft Complete, 21. 4. 0. 1/0 395K; -; M660010001; 1 Pc","1","1","2","Tidak","G-2"
"O-52069-00","Marchesini MA155 - Magnet Thermal Switch 3RV20 11-1JA10 (7-10A) Siemens","0","0","0","Tidak","-"
"O-21434-00","Marchesini MA155 - Metal Finger Sponda Contrasto; Marchesini; 3M0Y000002; 1 Pc","2","0","0","Tidak","G-3-3"
"O-21433-00","Marchesini MA155 - Metal Finger Sponda Trainante; Marchesini; 3M0YI000001; 1 Pc","5","0","0","Tidak","G-3-3"
"O-52065-00","Marchesini MA155 - Microswitch AZ 16-02 ZVK-M20-1762+B1 Schimersal","0","0","0","Tidak","-"
"O-52083-00","Marchesini MA155 - Module 16 In Ethercat El 1809-0000 Beckhoff p/n:E500Z0203005","0","0","0","Tidak","-"
"O-52082-00","Marchesini MA155 - Module 16 Out Ethercat El 2809-0000 Beckhoff p/n: E500Z0204005","0","0","0","Tidak","-"
"O-52081-00","Marchesini MA155 - Module 4 In EL1904-0000 Beckhoff p/n:E500Z0703001","0","0","0","Tidak","-"
"O-52080-00","Marchesini MA155 - Module 4 out EL1904-0000 Beckhoff p/n:E500Z0704000","0","0","0","Tidak","-"
"O-52091-00","Marchesini MA155 - Module 8 IN Digit 3,0ms Ethercat 1008-0001 Beckhoff p/n:E500Z0403000","0","0","0","Tidak","-"
"O-52090-00","Marchesini MA155 - Module IN 3,0ms+4OUT DIGIT.0,5A Ethercat EP 2308-0001 Beckhoff p/n:E500Z0405000","0","0","0","Tidak","-"
"O-52085-00","Marchesini MA155 - Optical Fibre CF/CB1-10 Diell p/n:E32982000003","0","0","0","Tidak","-"
"O-52084-00","Marchesini MA155 - Photocel YM22PA2 PNP Wenglor p/n:E32099824230","0","0","0","Tidak","-"
"O-52086-00","Marchesini MA155 - Photocell FS1/OP-E PER Fibra (EX FS1/AP-E) Diell p/n:E32072021213","0","0","0","Tidak","-"
"O-52087-00","Marchesini MA155 - Photocell SS2/AP/1H Diell p/n:E32022022230","0","0","0","Tidak","-"
"O-52089-00","Marchesini MA155 - Photocell SSP/AP 1H NO Diell p/n:32022021230","0","0","0","Tidak","-"
"O-52088-00","Marchesini MA155 - Photocell SSP/CP 1H NC (EX SSC/CP) Diell p/n: E32022022230","0","0","0","Tidak","-"
"O-16583-00","Marchesini MA155 - Polycord Belt MA150/5 p/n: 20P00192","0","0","0","Tidak","-"
"O-52326-00","Marchesini MA155 - Power Supply cV5_DC A5E30947477-H3 Siemens","1","0","0","Tidak","G-2"
"O-52074-00","Marchesini MA155 - Power Supply Sitop Smart 6EP1-336-3BA00 AC120/230-DC24V/20A Siemens","0","0","0","Tidak","-"
"O-52092-00","Marchesini MA155 - Proximity B60122POC5 B12 PNP-UL Selet p/n:E66075212523","0","0","0","Tidak","-"
"O-16581-00","Marchesini MA155 - Rear Bucket p/n:A892216014","0","0","0","Tidak","-"
"O-52073-00","Marchesini MA155 - Relay MY2N-D2 Omron","0","0","0","Tidak","-"
"O-16585-00","Marchesini MA155 - Right Contrast Tooth p/n: 27P00631","0","0","0","Tidak","-"
"O-20751-00","Marchesini MA155 - Roller Gripper Cartoning Uk. 13x6x6mm; Custom/Lokal; -; 1 Pc","26","5","50","Tidak","G-2"
"O-52097-00","Marchesini MA155 - Safety Logic Module EL6900-0000 Beckhoff p/n:E500Z0708000","0","0","0","Tidak","-"
"O-52077-00","Marchesini MA155 - Solenoid Valve 5/2 1/4inch SY7120-5YO-02F-Q 24V CC SMC p/n:P258G05014","0","0","0","Tidak","-"
"O-20554-00","Marchesini MA155 - Spring Plate 21.4.0.1/0.368; -; M660010070; 1 Pc","10","0","0","Tidak","R-3-1"
"O-19395-00","Marchesini MA155 - STGM. Lama-Portalama Pusher Blade; ; 3M0YI040010;","0","0","0","Tidak","-"
"O-20750-00","Marchesini MA155 - Tension Spring (Molla Frizione) 21401-0189; Steriline; M660010014; 1 Pc","2","0","0","Tidak","G-2"
"O-19394-00","Marchesini MA155 - Testina Spingitore Head at Size; ; 3M0YI010003;","1","0","0","Tidak","G-2"
"O-16569-00","Marchesini MA155 - Toothed Belt 202 L:100 Gomma Nerra p/n:C261202100","0","0","0","Tidak","-"
"O-16575-00","Marchesini MA155 - Toothed Belt 210 L:075 Gomma Nerra p/n:C261210075","0","0","0","Tidak","-"
"O-16574-00","Marchesini MA155 - Toothed Belt 210 L:100 Gomma Nerra p/n:C261405100","0","0","0","Tidak","-"
"O-20552-00","Marchesini MA155 - Toothed Belt 240 L 075 GUK; -; M660010218; 1 Pc","1","0","0","Tidak","-"
"O-16568-00","Marchesini MA155 - Toothed Belt 390 H 150 Gomma Nerra p/n:C262390150","0","0","0","Tidak","-"
"O-20553-00","Marchesini MA155 - Toothed Belt 390 L 050; -; C261390050; 1 Pc","2","0","0","Tidak","G-2"
"O-20556-00","Marchesini MA155 - Upper Belt Shaft, 21. 4. 0. 1/0. 394K; -; M660010002; 1 Pc","1","1","2","Tidak","G-2"
"O-16577-00","Marchesini MA155 - Wrapper BM2-025 p/n:P312100025","0","0","0","Tidak","-"
"O-16922-00","Marchesini MA155-P/N. 018090090 Shaft; ; ;","0","0","0","Tidak","-"
"O-11761-00","Marchesini MA255 Cartoning Machine - Conveyor Belt, PU White, 1380 x 40 x 1.6 mm; Custom/Lokal; -; 1 unt","2","0","0","Tidak","I-3-8"
"O-13617-00","Marchesini MA255 Cartoning Machine - Flat Belt, 728 x 40 x 1 mm; Custom/Lokal; -; 1 unt","0","0","0","Tidak","-"
"O-50578-00","MARCHESINI ML616/MA155 - E32022021230 FOTOC.SSP/AP/1H (EX SSC/AP/1H); ; ; pc","1","0","0","Tidak","G-2"
"P-12495-00","Mata Bor besi dia 7.5 mm ex NACHI","2","1","3","Tidak","S-2-8"
"P-13581-00","Mata Bor HSS-R","0","0","0","Tidak","-"
"Q-10657-00","Mata Gerinda Amplas Poles Epoxy @11 pcs","0","0","0","Tidak","-"
"P-18769-00","Mata Gerinda Potong 4"" Merek WD; ; -; 20 pc","0","0","0","Tidak","-"
"Q-70249-00","Mata Kunci Impact Set 8-32mm (1/2"" Dr); Ecosen; ; 20 pc/set","0","0","0","Tidak","-"
"O-18218-00","Mata Reject Station Material Pom","0","0","0","Tidak","-"
"Q-70103-00","Mata Sock L Set 11 Pcs Dr.1/2 Inch; Tekiro; SC-HB0638; 11 pcs per set","0","0","0","Tidak","-"
"P-52000-00","Mata Solder","0","0","0","Tidak","-"
"P-19126-00","MB DH Series (F8) 90-95% 610x610x292 mm; IAF; ;","0","0","0","Tidak","-"
"P-50099-00","MCB 10A 10 KA 1 Phase NC45","2","0","0","Tidak","A4"
"O-53047-00","MCB 400V 10kA 3Pole; Siemens; 5SL4304-7CC;","1","0","0","Tidak","B-4"
"P-52833-00","MCB Merek Schneider Type : IC60H 25A 3 Phase; ; ;","0","0","0","Tidak","-"
"P-13398-00","MEASURING TAPE 5MX19MM W/MAGNET; ; Part No. 10070238;","0","0","0","Tidak","-"
"P-18280-00","Mechanical seal CRN 5-32","0","0","0","Tidak","-"
"P-14380-00","Mechanical Seal Kit untuk Pompa Looping WFI SKID; ; c/n 9611922178;","0","0","0","Tidak","-"
"O-14360-00","Membran Valve EPDM PTFE DN 40  Gemu KRISNA DWI MITRA P/N : 600 40M5E-221 pc","6","0","0","Tidak","F-1"
"O-17842-00","Membrane Diaphragm Valve EPDM DN 25 p/n: 600 25M 17 Gemu","2","0","0","Tidak","E-4-1A"
"O-14363-00","Membrane Diaphragm Valve EPDM PTFE DN 25 Gemu DUA BERLIAN PILAR P/N : 600 25M5E-221  pc","2","0","0","Tidak","F-1"
"O-16715-00","Membrane Diaphragm Valve EPDM PTFE DN 25 Gemu KRISNA DWI MITRA P/N : 600 25M 17 pc","7","0","0","Tidak","F-1"
"O-16314-00","Membrane Diaphragm Valve EPDM PTFE DN 4-15 p/n: 600 8M 5A-221 Gemu; ; ;","0","0","0","Tidak","-"
"O-14364-00","Membrane Diaphragm Valve EPDM PTFE DN 50 p/n: 600 50M5E-221 Gemu; ; ;","2","0","0","Tidak","F-1"
"O-15632-00","MEMBRANE PTFE/EPDM BONDED; SED;","0","0","0","Tidak","-"
"O-18388-00","Membrane Valve PTFE/EPDM DN15 type 612 GEMU; ; ;","4","0","0","Tidak","F-1"
"O-51966-00","Memory Card Compact Flash 16GB","0","0","0","Tidak","-"
"T-22395-00","Memory Card for KV Series (1GB); Keyence; KV-M4G; pc","0","0","0","Tidak","-"
"Q-10631-00","Mesh 8 SS 304","0","0","0","Tidak","-"
"Q-10952-00","Mesh Uk. 18x0.28mmx1000mm Material SS 304; ; ;","0","0","0","Tidak","-"
"Q-10933-00","Mesin Amplas GSS-1400 BOSCH","0","0","0","Tidak","-"
"P-19449-00","Mesin Chamber - Coil Evaporator Uk. 52 X 22 X 11; Custom/Lokal; -; 1 Pc","0","0","0","Tidak","-"
"Q-10775-00","Metalkote Anti Karat Epoxy Primer EDP-551 @ 20 KG","0","0","0","Tidak","-"
"P-16540-00","Meteran Saku Panjang : 5 mtr","0","0","0","Tidak","-"
"T-20926-00","Micro fuel Cell, B2C Class ; Teledyne; 1 pcs; Teledyne; ;","0","0","0","Tidak","-"
"O-15633-00","MICROSWITCH FOR PNEUMATIC CYLINDER ; UNIVER ; VIALS LOADING CYLINDER BACKWARD POSITION SENSOR","0","0","0","Tidak","-"
"Q-70135-00","Mini Grinder 3mm with ACC. 217 pcs IRDGS; Krisbow; 10107083; pack size per set","0","0","0","Tidak","-"
"P-51752-00","MINI LEVEL SWITCH WINGEL VSM SS316 M10x0.9, Screw; 1 x SPST Contact; 50 MM; Cable : 3 Meter; ; ;","1","0","0","Tidak","M4"
"O-15636-00","MINIATUR RELAY ; STERILINE ;PART NO :5834","0","0","0","Tidak","-"
"O-51727-00","MINIATUR RELAY 24VDC : PHOENIX (24VDC : PHOENIX)","0","0","0","Tidak","-"
"O-19287-00","Minihelic Differensial Pressure Gauge Model 2-5000-2KPA; Dwyer; ;","0","0","0","Tidak","-"
"O-19380-00","Minipleat filters panel F781, size: 610x610x292 Class (EN 1822) : H14 - 99,995% MPPS; Hencolin; ;","1","1","2","Tidak","-"
"O-17938-00","Misumi - Casters CGAN65-M","0","0","0","Tidak","-"
"P-18470-00","Misumi - HXNHFFLT-SUS-M5-10; ; ;","22","0","0","Tidak","B-2-1B"
"O-19005-00","Misumi - Linear Shaft PSFAA8-46-F11-P6-M3-N3; ; ;","1","1","5","Tidak","A-2-11A"
"O-19003-00","Misumi - Oil Free Bush JZF8-6; ; ;","0","0","0","Tidak","-"
"O-17960-00","Mixer Male Bearing, GMP, pH Range: pH1  pH14, 1/pack; NovAseptic; ;","1","1","1","Tidak","E-4"
"O-21592-00","Mixing - Baut Pengunci Alphaport Ukuran 19x46 mm, Mat. SUS304; Custom/Lokal; -; 1 Pc","0","0","0","Tidak","-"
"O-20299-00","Mixing Tank - Tatakan Sampling Duran 100 57 x 101,6 x 155 mm Custom/Lokal  -","0","0","0","Tidak","-"
"O-20300-00","Mixing Tank - Tatakan Sampling Duran 200 70 x 110 x 40 mm Custom/Lokal  -","0","0","0","Tidak","-"
"O-53398-00","Mixing Tank Adam - Cable VP8-ST/35m; Mettler Toledo; 52300359; 1 Pc","0","0","0","Tidak","-"
"O-20504-00","Mixing Tank Adam - Corong Mesin 10x1.5 inch Mat. SS 316; Custom/Lokal; -; 1 Pc","0","0","0","Tidak","-"
"O-53238-00","Mixing Tank Adam - Heater Jaket (Heating Cable + Thermostat) 1790 x 330mm 230V 2KW P.Kabel 5 M; Custom/Lokal; -; 1 Pc","0","0","0","Tidak","-"
"O-53641-00","Mixing Tank Adam - Lampu Tanam Lantai LED DC 12-24V 3W Uplight COB Waterproof IP65; General; -; 1 Pc","0","1","3","Tidak","-"
"O-21650-00","Mixing Tank Adam - Oring EPDM OD 25,4mm Tebal 3mm; Custom/Lokal; -; 1 Pc","0","0","0","Tidak","-"
"O-51071-00","Mixing Tank Adam - Pressure Transmitter d trans P31 type: 402050/000 TN : 43010260 -1.5 bar rel, DC10..30V. 4..20mA 2-6 JUMO","1","0","0","Tidak","E-4-2A"
"O-20484-00","Mixing Tank Adam - Tray Kabel 30x50x1000 mm; Custom/Lokal; -; 1 Pc","0","0","0","Tidak","-"
"O-18124-00","Mixing Tank Adam - USM T60 Impeller with 20mm Silicon Carbide, G10-012; ; ;","1","1","1","Tidak","E-4"
"O-18125-00","Mixing Tank Adam - USM T60 Male Bearing Pin 20mm Silicon Carbide, G20-008; ; ;","1","1","1","Tidak","E-4"
"O-20040-00","Mixing Tank Adam MV - Impeller Silicon Carbide SS 316L USM T10; Novaseptic; G10-015;","0","1","1","Tidak","-"
"P-13369-00","MLTID85 Temperature Limit switch; Regin Control; ;","1","0","0","Tidak","L3"
"P-51811-00","Modul emergency exit; ; ;","0","0","0","Tidak","-"
"P-54222-00","Module Voltage Monitoring Relay; Siemens; 3UG4512-1AR20;","2","0","0","Tidak","L3"
"T-22337-00","Moisture Trap for Rocker 300; Rocker; 167301-64; piece","0","0","0","Tidak","-"
"O-51911-00","Monitoring Relay Three Phase Voltage; Siemens; Part No. 3UG4512-2BR20 B0091WEB9E;","0","0","0","Tidak","-"
"T-10000-00","Motherboard Lenovo IS6XM Rev1.0","0","0","0","Tidak","-"
"O-54000-00","MOTOR FOR AIR RETURN VALVE?VAV), TROX","0","0","0","Tidak","-"
"O-15638-00","MOTOR TG63 0,18 KW - 4P - B5 - 230V - 50 HZ MEC63; COMPOSED BY: ENCODER 1000 I/G LINE-DRIVER; COOLING FAN 220V 50/60 HZ; SERIAL NO. 00242345","0","0","0","Tidak","-"
"P-51574-00","Motorized Valve 2 Way, DFCM-220X/4.6 3/4 inch 220V 50 HZ REGIN; ; ;","0","0","0","Tidak","-"
"O-54033-00","Mounting Adapter Connector 5M IFM","0","0","0","Tidak","-"
"T-10005-00","Mouse; Logitech; M331 Silent Plus","0","0","0","Tidak","-"
"S-20669-00","Multi Gas & Vapor Cartridge; 3M; 6006M; pc","0","0","0","Tidak","-"
"Q-10012-00","Multipox MX-94 White @ 20 KG","0","0","0","Tidak","-"
"Q-10805-00","Multipox MX-98-2K SB White;Propan;Type White;pack size per 20 kg pail","0","1","1","Tidak","-"
"P-11002-00","Mur SS 6 mm","0","0","0","Tidak","-"
"P-11003-00","Mur SS 8 mm","0","0","0","Tidak","-"
"O-15639-00","MUSHROOM SEAL(SF00-05A SECTION:V)","0","0","0","Tidak","-"
"O-18043-00","Name Plate For Sampling Point Material SS304 25x70x0.3mm","0","0","0","Tidak","-"
"Q-10967-00","Nat Keramik AM 53 Cream Lotus; ; ;","0","0","0","Tidak","-"
"O-15640-00","NEEDLE ; STERILINE ; NEEDLE IN AISI 316L LTOT=70 DE=2,5MM DI=1,5MM; PART NO :18825","0","0","0","Tidak","-"
"P-13534-00","Needle Valve Kuningan 1/4"" Kitz; ; ;","0","0","0","Tidak","-"
"P-13533-00","Needle Valve SS304 1/4"" Kitz; ; ;","0","0","0","Tidak","-"
"P-17543-00","Neepel Hose SS304 dia 1/4 inch","0","0","0","Tidak","-"
"P-12519-00","Neeple bushing kuningan 1/2x1/4inch","0","0","0","Tidak","-"
"P-12523-00","Neeple bushing kuningan 3/4x1/2inch","0","0","0","Tidak","-"
"Q-10486-00","Neple selang Kuningan 1/2 inch x 1/2 inch","0","0","0","Tidak","-"
"P-18821-00","Neppel Pentil Pengisian Freon Uk. 1/4""; ; ;","4","0","0","Tidak","D-2-1B"
"P-17812-00","Nepple Hose Kuningan 1/2 Inch","0","0","0","Tidak","-"
"P-17255-00","Nepple Hose SS304 1/2 Inch","0","0","0","Tidak","-"
"Q-10857-00","Nitric Acid (HNO3) 68 %","0","0","0","Tidak","-"
"Q-70088-00","No.0 Cross PT VDE Dual Grip Screwdriver; Kennedy; KEN5727900K; pack size per pcs","0","0","0","Tidak","-"
"Q-70087-00","No.4 Cross PT Engineers Screwdriver; Kennedy; KEN5721040K; pack size per pcs","0","0","0","Tidak","-"
"T-20348-00","Non-Stick Liner O-Ring,; Agilent; Part No. 5188-6405; 5/pk","0","0","0","Tidak","-"
"P-13418-00","Non-Woven abrasive Size : 6 ""x 2"" 7; ; ;","0","0","0","Tidak","-"
"O-15643-00","NOZZLE FOR WATER ; STERILINE ; SS AISI 316L A-1/8MJJXP020S316; PART NO :5311","2","0","0","Tidak","B-2-6"
"O-15644-00","NOZZLES RISING CYLINDER ; CYLINDER D=40MM, STROKE=40MM","0","0","0","Tidak","-"
"O-15645-00","O - RING T = 2,62 : OR 3081 FPM 75?SH - BLACK( OR 3081 FPM 75?SH - BLACK)","0","0","0","Tidak","-"
"O-54122-00","O-RING 106X5.30; Freeze Dryer MBE1207; P/N EB41-00292; pack size per pc","6","4","8","Tidak","-"
"O-54123-00","O-RING 132X5.30; Freeze Dryer MBE1207; P/N EB41-00298; pack size per pc","10","4","8","Tidak","D-2-9D"
"O-54121-00","O-RING 180X3.55; Freeze Dryer MBE1207; P/N EB41-00357; pack size per pc","6","4","8","Tidak","D-2-9A"
"O-54124-00","O-RING 345X5.30; Freeze Dryer MBE1207; P/N EB41-00320; pack size per pc","6","4","8","Tidak","D3"
"O-54120-00","O-RING 8X1.8; Freeze Dryer MBE1207; P/N EB41-00336; pack size per pc","20","4","8","Tidak","-"
"P-17359-00","O-ring EPDM 41.5 x 35 x 3.5 mm ; Brand : - ; P/N : - ; Pack Size : pcs","19","10","20","Tidak","-"
"P-17272-00","O-ring Epdm 9 x 4 x 2,5 mm ; Brand : - ; P/N : - ; Pack Size : pcs","64","10","20","Tidak","E-3-5"
"P-17273-00","O-ring Epdm 9 x 5 x 2 mm ; Brand : - ; P/N : - ; Pack Size : pcs","13","10","20","Tidak","E-3-5"
"P-17034-00","O-ring Gasket packet for 1/2"" BTM7 Thermostatic Steam Trap; ; ;","2","0","0","Tidak","M2"
"O-15906-00","O-Ring ID =252mm STRIPE DIAM 4 mm in Viton (Sleeve Glove cRABS); ; ;","0","0","0","Tidak","-"
"P-19144-00","O-ring Silicon Diameter 5,33mm; Lokal; ;","10","5","10","Tidak","D4"
"O-16148-00","O-Ring Silicone Red Uk.10.05 x 7.5 x 2.55; ; ;","0","0","0","Tidak","-"
"O-16173-00","O-RING T=3,53 :OR 4275 MVQ NT80-RED 39269097; Order No : 5022383; ; ;","24","0","0","Tidak","D-1-7"
"O-16174-00","O-RING T=3,53 :OR 4400 MVQ70SH +M4 40169997 ; Order No : 5025024; ; ;","11","0","0","Tidak","D-1-7"
"O-16175-00","O-RING T=3,53 :OR 4725 MVQ NT70-RED+M4 39269097; Order No : 5025020; ; ;","12","0","0","Tidak","D-1-7"
"Q-70254-00","Obeng Ketok/Impact Driver Set; Tekiro; SD-IM0921; 11 pc per set","0","0","0","Tidak","-"
"Q-70177-00","Obeng Listrik / Electrician Screwdriver PZ 6x100mm; Krisbow; KW0100765; pc","0","0","0","Tidak","-"
"Q-70184-00","Obeng Listrik / Insulated Screwdriver Plus 2x100mm PH2; SATA; 61223; pc","0","0","0","Tidak","-"
"Q-70181-00","Obeng Listrik Presisi / Insulation Precision Screwdriver; Tekiro; SD-IP0930; 6 pc/set","0","0","0","Tidak","-"
"T-30000-00","Office Equipment Maintenance","0","0","0","Tidak","-"
"P-18462-00","Oil Seal 10x14x3; ; ;","0","0","0","Tidak","-"
"P-17260-00","Oil seal G.14x20x3 mm","5","0","0","Tidak","E-3-1C"
"O-19379-00","Oli Refrigeration; Xaerus; XR 534-46;","10","5","10","Tidak","D-4-1"
"O-19419-00","Oli Vacuum Pump 330ml; Value; ;","3","0","0","Tidak","Flammable"
"P-51410-00","OMRON - Relay MY4N 220/240VAC","0","0","0","Tidak","-"
"O-51698-00","OMRON - Relay MY4Z 24VDC; ; ;","9","5","15","Tidak","E-4-2B"
"P-52501-00","OMRON - TIMER H3CR- A8 220 VAC; ; ;","1","0","0","Tidak","B-4"
"T-20851-00","One-piece Fitting, 10 - 32; Waters; 700004841; 10 pcs per pack; Waters; 700004841; 10 pcs/pack","0","1","1","Tidak","-"
"P-13407-00","OPEN END WRENCH SET 6-22MM 8PCS; Krisbow; Part No. KW0100296;","0","0","0","Tidak","-"
"P-13408-00","OPEN END WRENCH SET 6-32MM 12PCS; Krisbow; Part No. KW0100297;","0","0","0","Tidak","-"
"O-15623-00","OPTIC FIBER; OMRON PAIR OF LENS FOR OPTIC FIBERS","0","0","0","Tidak","-"
"T-20860-00","OQ/PV headspace sample ;Agilent;  PN :   5182-9733; Agilent; 5182-9733; 1 pcs/pack","0","0","0","Tidak","-"
"O-19339-00","Oring 2,5x6x11 mm, Material EPDM; ; ;","19","10","21","Tidak","E-3-8A"
"O-18350-00","Oring EDM 100x105x2.5 mm","5","0","0","Tidak","C-2-5A"
"P-17360-00","Oring EPDM 22.5x15.5x3.5 mm","4","0","0","Tidak","E-3-5"
"P-17358-00","Oring EPDM 41.5x35x3.5 mm","0","0","0","Tidak","-"
"O-19680-00","Oring EPDM 5,02 x 19,58 x 29,51 mm; Custom; ;","0","0","0","Tidak","-"
"O-18456-00","Oring Material Viton Dia. 170 x 6.99 mm","5","0","0","Tidak","C-2-1"
"O-16646-00","Oring NBR OD: 162 mm T: 6.7 mm","1","0","0","Tidak","A-3-3D"
"O-18351-00","Oring Silicone 3.1x19.4x25.6 mm","9","0","0","Tidak","D-2-2A"
"O-18897-00","Oring Silicone 50x39.4x5.3 mm; ; ;","6","0","0","Tidak","E-3-8B"
"O-18870-00","Oring Silicone Merah 18.4x13x2.7 mm; ; ;","22","0","0","Tidak","A-1-5B"
"O-16771-00","Oring Silicone Merah 19 x 15.5 x 1.75 mm","2","0","0","Tidak","C1"
"O-17209-00","Oring Silicone Merah 20 x 15.5 x 2 mm","7","0","0","Tidak","E-3-8A"
"O-16770-00","Oring Silicone Merah 30.3 x 27.2 x 1.75 mm","0","0","0","Tidak","-"
"O-16772-00","Oring Silicone Merah 40.5 x 37.5 x 1.5 mm; ; ;","10","0","0","Tidak","-"
"O-18876-00","Oring Silicone Merah 40.6x37x1.8 mm; ; ;","20","10","20","Tidak","-"
"O-16659-00","Oring Silicone Merah OD: 352 mm T: 3.3 mm","2","0","0","Tidak","A-1-7"
"O-17534-00","Oring Viton 234x5.3 mm; ; ;","4","2","4","Tidak","-"
"O-18209-00","Oring Viton Dia. 170 x 6,99mm; ; ;","0","0","0","Tidak","-"
"P-52696-00","ORP Cable Type: 202990/02; JUMO; ;","1","0","0","Tidak","-"
"P-52695-00","ORP Electrode Type: 201027/10-22-07-82-120/000; JUMO; ;","1","0","0","Tidak","-"
"P-52694-00","ORP Transmitter (Field mounted) Type: 202551/05-8-01-4-0-00-25/000; JUMO; ;","1","0","0","Tidak","-"
"P-51197-00","OSRAM - Lampu Halogen 24V 20W 64435U","0","0","0","Tidak","-"
"T-22513-00","Oven Heater Shround; Agilent; G1530-61630; piece","0","0","0","Tidak","-"
"P-52069-00","Over Load Schneider LRD08; ; ; pcs","2","0","0","Tidak","M-4"
"O-50854-00","Overload Relay / LRD10 / 4-6A/Schneider; ; ;","18","0","0","Tidak","R-3-5"
"P-54221-00","Oxygen Sensor PPM - IGS N2 SMC; Nexuz; OC 300-7;","0","0","0","Tidak","-"
"S-44000-00","Packing & Other Charges; ; ;","0","0","0","Tidak","-"
"Q-10516-00","Pahat Besi / Cold Chisel","0","0","0","Tidak","-"
"Q-54119-00","Paint Remover;No Brand;;pack size per can - Kemasan 20L","0","0","0","Tidak","-"
"O-15647-00","PAIR OF GLOVES HYPALON ELS10330Y ? 110MM, LENGTH 330MM, THICKNESS 4/10MM SIZE 7; PART NO :7264","0","0","0","Tidak","-"
"O-15648-00","PAIR OF SLEEVES CSM D.200/90 LENGTH 550MM, THICKNESS 4/10; PART NO :7266","0","0","0","Tidak","-"
"P-19114-00","Paket Las Komplit (Acetylene, Oksigen, Blander Las Gloor, Selang Double 5 m, Regulator); Glory; ;","0","0","0","Tidak","-"
"P-17390-00","PALL - AB1PFR7PVH4, 0.2 um; ; ;","0","0","0","Tidak","-"
"P-13498-00","Panel Lock MS603","0","0","0","Tidak","-"
"T-80337-00","Paper Clips Trigonal No. 1","0","0","0","Tidak","-"
"P-15862-00","PAPER RECORD YOKOGAWA; FOLDING CHART B9565AW","1","3","15","Tidak","M-4"
"O-17011-00","Parallel Keys MISUMI P/N : KET3 pc","2","0","0","Tidak","A2"
"P-18213-00","Part for Isolator - Breathing Hepa Filter 75D x 75H mm","1","0","0","Tidak","E1"
"P-18214-00","Part for Isolator - RTP 190 mm; Alpha port 190 mm dia; ; ;","1","0","0","Tidak","E4"
"O-19679-00","Part Lock Autoclave OD dia 12, p 55, material kuningan; Custom; ;","0","0","0","Tidak","-"
"O-19779-00","Part Tunnel Qualifikasi Uk. 735x 450x 245, Material SUS 304; Custom; ;","0","0","0","Tidak","-"
"P-18467-00","Pass Box Stickers JZC-A Kecil; ; ;","23","2","20","Tidak","F-3-4B"
"P-18468-00","Pass Box Stickers ZC-A; ; ;","4","5","30","Tidak","F-3-4C"
"P-12695-00","PC 4200/IMA C90 - Draw in-roller Cpl; GUK; 21401-0007; 1 pcs","0","1","3","Tidak","-"
"Q-54156-00","PCB SCOPMA 5.Q; ; ;","0","0","0","Tidak","-"
"O-50826-00","PCB, R, Detector, Airnet II P/N : 1000013676; ; ;","0","0","0","Tidak","-"
"Q-54157-00","PCBA LIFT SCOPCA 5.Q;Schindler Elevator;;pack size per unit","0","0","0","Tidak","-"
"P-50027-00","PCI Firewire 3port 6pin + 1port 4pin Card IEEE 1394","0","0","0","Tidak","-"
"Q-10930-00","PCI Usb Card 4 port usb 2.0 Konektor Panjang","0","0","0","Tidak","-"
"O-15649-00","PDS DISC 2 MOTOR ; Dunkermotoren ; MOTOR IP65 BG65X25PB WITH GEARBOX PLG52 I=400:1 PROFIBUS DP","0","0","0","Tidak","-"
"T-20044-00","PEEK Tough Connector GL Sciences c/n 6010-48600 5 pcs per pack","0","0","0","Tidak","-"
"O-60001-00","Pekerjaan Modifikasi Pipa untuk Mesin Mixing (Pipa PW)","0","0","0","Tidak","-"
"P-50034-00","Pelampung Air Otomatis 1/2 Inch","0","0","0","Tidak","-"
"P-60000-00","Pembuatan Port terminal BIBO (Integrity)","0","0","0","Tidak","-"
"P-13576-00","Pen Cartridge Green Model: B9902AN for Recorder Yokogawa Model: SR10002; ; ;","2","0","0","Tidak","M-4"
"P-13577-00","Pen Cartridge Red Model: B9902AM for Recorder Yokogawa Model: SR10002; ; ;","0","0","0","Tidak","-"
"T-80028-00","Pena Hitam; Snowman V1; pc - Ballpoint Snowman V5 BIRU","0","0","0","Tidak","-"
"T-80344-00","Penggaris  Besi 30cm","0","0","0","Tidak","-"
"P-17481-00","Per tekan - SS304 Dia. OD:4.5mm Pjg:55mm T:0.5mm","0","0","0","Tidak","-"
"O-19690-00","Per Tekan SS304 ID 3,5 x OD 4,5 x P 53,5 mm; Lokal; ;","13","0","0","Tidak","F-3"
"T-20725-00","Performance Plus Check Valve Housing; Waters; 700002332;","0","0","0","Tidak","-"
"T-20646-00","Performanceplus Vacdeg Chamber Stented p/n: 700011709 Waters700011709","0","0","0","Tidak","-"
"P-52359-00","PH Controller Industrial ORP Meter Monitor Digital","0","0","0","Tidak","-"
"T-20549-00","pH electrode InLab Expert Pro; Mettler Toledo; PN : 51343101; Pcs","0","0","0","Tidak","-"
"T-25417-00","pH Sensor InLab Surface Pro-ISM Measuring range: pH 1 11; Mettler Toledo; P/N 30249570;","0","0","0","Tidak","-"
"Q-10571-00","PHILIPS - Kap Lampu Waterproof TCW 060 2X36 Watt","0","0","0","Tidak","-"
"Q-10573-00","PHILIPS - Lampu Emergency TWS 200; ; ;","1","0","0","Tidak","G5"
"Q-10572-00","PHILIPS - Lampu LED TL T8 120 Cm 16 Watt; ; ;","4","1","5","Tidak","O4"
"O-51945-00","Photo Sensor BRP3M-MDT Autonics","0","0","0","Tidak","-"
"P-50424-00","Photo Sensor WF2 - 40B410 Sensick","0","0","0","Tidak","-"
"O-51729-00","PHOTOCELL SIDE 1; FCE1 ;","0","0","0","Tidak","-"
"O-54032-00","Photoelectric Distance Sensor OGD592 IFM","0","0","0","Tidak","-"
"O-15651-00","PHOTOELECTRIC SWITCH; PART NO :10115","0","0","0","Tidak","-"
"P-50426-00","Pilot Lamps / Green / 220 VAC / AD22-22DS / AXLE","4","0","0","Tidak","A-4-11D"
"P-50427-00","Pilot Lamps / Red / 220 VAC / AD22-221DS / AXLE","8","0","0","Tidak","-"
"P-50430-00","Pilot Lamps / Red / 24 VDC / AD22-221DSI / AXLE","2","0","0","Tidak","-"
"P-50428-00","Pilot Lamps / Yellow / 220 VAC / AD22-22DS / AXLE","6","0","0","Tidak","-"
"O-15642-00","PINCH VALVE ; SIRAI TYPE Z130A, WITH COIL 24VDC 13W","0","0","0","Tidak","-"
"P-51216-00","Pipa conduit 20mm","0","0","0","Tidak","-"
"P-13602-00","Pipa Hollow SS 304 Uk. 20x 20mm","0","0","0","Tidak","-"
"O-19912-00","Pipa N2 Mixing SUS 316 dia 1/2 & 1 inch, uk 248x50 mm; Custom; ;","2","0","0","Tidak","E-4"
"P-13564-00","Pipa Ornamen SS 304 1 1/4inchx 1mm x 6mtr; ; ;","0","0","0","Tidak","-"
"Q-10711-00","Pipa PVC Abu Abu AW 4"" Rucika; ; ;","0","0","0","Tidak","-"
"P-14977-00","Pipa Sanitary 1"" SS 316; ; ;","0","0","0","Tidak","-"
"P-13501-00","Pipa SCH10 SUS304 3/4 inch; ; ;","0","0","0","Tidak","-"
"P-16635-00","Pipa SS 304 Sch 10 dia. 1 x 6000 mm","0","0","0","Tidak","-"
"P-18500-00","Pipa SS316 1 inch Sch20; ; ;","0","0","0","Tidak","-"
"P-18512-00","Pipa Tembaga AC Uk. 1 3/8 inch; ; ;","0","0","0","Tidak","-"
"Q-70137-00","Pipe Wrench 14 Inch LRPW14; Krisbow; KW0100366; pack size per pcs","0","0","0","Tidak","-"
"T-20457-00","Piston Rod TI p/n: 51107594 Mettler Toldeo","0","0","0","Tidak","-"
"Q-12077-00","Piston Valve; Toto; S302; pc","0","0","0","Tidak","-"
"O-21428-00","PLAB Coating - Oring ID 51 OD 56 Tebal 2,5 EPDM; Custom/Lokal; -; 1 Pc","5","0","0","Tidak","T-3-12"
"T-80372-00","Plakban Kertas 1""","0","0","0","Tidak","-"
"S-42148-00","Plakban Kuning Size 1""","0","0","0","Tidak","-"
"T-80732-00","Plakban Lantai Merk 3M, ukuran 2 in x 36 yd, tebal 0.14 mm, Warna Kuning; 3M; ;","0","0","0","Tidak","-"
"T-80373-00","Plakband Bening 2 inch","0","0","0","Tidak","-"
"T-80376-00","Plakband Hitam 2 inch","0","0","0","Tidak","-"
"Q-60003-00","Plakband Kertas","0","0","0","Tidak","-"
"P-19255-00","Plastic Tubing PUN-H-14x2-BL; Festo; 570386;","50","50","200","Tidak","-"
"Q-10828-00","Plastik AC 0,5-2 PK @5 meter; ; ;","0","0","0","Tidak","-"
"Q-10947-00","Plastik Cor Bagunan;No Brand;;pack size per pcs - Per 10kg","0","0","0","Tidak","-"
"S-46149-00","Plastik PE Murni Polos 75 cmx100cmx 0.08mm; No Brand; ; pack size per kg","0","0","0","Tidak","-"
"S-46129-00","Plastik Wrap Roll,  Size 50 x 200 cm x 17 micron","0","0","0","Tidak","-"
"P-13445-00","Plat Stainless Steel 304; ; ;","0","1","2","Tidak","-"
"P-17323-00","Plate Gasket 3233014146 Alfa Laval","0","0","0","Tidak","-"
"P-13575-00","Plotter Pen Purple Model: B9902AR for Recorder Yokogawa Model: SR10002; ; ;","0","0","0","Tidak","-"
"T-20218-00","Plunger Seal wash 2690, Waters, Part No. WAT271018, PKG (2 )","0","0","0","Tidak","-"
"O-52467-00","PMS Airnet - P/N. 1000013870 FRU,R,ANII,PROCESSOR PCB; ; ;","0","0","0","Tidak","-"
"P-11164-00","Pneumatic  Fitting - QS 1/2-10 / PN : 190646 / Festo","0","0","0","Tidak","-"
"P-11170-00","Pneumatic  Fitting - QS 1/4-8 / PN : 153005 / Festo","7","5","20","Tidak","R-4-8"
"P-11172-00","Pneumatic  Fitting - QS 1/8-8 / Festo","0","0","0","Tidak","-"
"P-11175-00","Pneumatic  Fitting - QS 10-8 / PN : 153039 / Festo","32","5","20","Tidak","R-4-8"
"P-11176-00","Pneumatic  Fitting - QS 12 / PN : 153035 / Festo","5","0","0","Tidak","M3"
"P-13249-00","Pneumatic - E.MC UW-25 Press 0 ? 0.8 Mpa. Dia 1?","0","0","0","Tidak","-"
"O-51793-00","Pneumatic Actuator Double Acting-063 Festork; ; ;","3","1","2","Tidak","B-4"
"P-11167-00","Pneumatic Fitting - QS 1/4-10 / PN : 153007 / Festo","10","5","20","Tidak","R-4-6"
"O-13510-00","Pneumatic Fitting - QS 12-10 FESTO P/N : -  pc","4","0","0","Tidak","M3"
"O-13508-00","Pneumatic Fitting - QS 8-6 FESTO P/N : -  pc","0","0","0","Tidak","-"
"O-15653-00","PNEUMATICALLY OPERATED, NORMALLY CLOSED FOR GEMU ; PNEUMATIC MEMBRANE VALVE 1/2 (DN15) 2-WAY VALVE BODY; HEAT NO. 128153;","0","0","0","Tidak","-"
"Q-10005-00","Polyfloor PFT-213 Ivory @ 20 KG","0","0","0","Tidak","-"
"Q-10172-00","Polyfloor PFT-213 Light blue @ 20 KG","4","1","4","Tidak","Flammable"
"Q-12060-00","Polyurethane (PU) Foam Sealent Spray; No Brand; LX-100; pack size 750 ml per botol","24","0","0","Tidak","Q3"
"P-54214-00","Pompa (Refrigerant) Recovery VRR24L Motor : 1 HP ; Power : 220-240V / 50-60HZ; VALUE; ;","0","0","0","Tidak","-"
"P-54226-00","Pompa Celup SS SE-268 San-Ei; San-Ei; ;","0","0","0","Tidak","-"
"P-20409-00","Pompa Grundfos - Shaft Seal CR/N 32/45/64/90 HQQE; Grundfos; -; 1 pc","1","0","0","Tidak","H-3-7"
"Q-10630-00","Pompa KP250A Grundfos","0","0","0","Tidak","-"
"Q-10912-00","Pompa Oil Manual Drum","0","0","0","Tidak","-"
"P-10000-00","POMPA SUBMERSIBLE SB 3","0","0","0","Tidak","-"
"P-17066-00","Pompa Submersible; ; ; - POMPA SUBMERSIBLE SB 3","0","0","0","Tidak","-"
"P-17677-00","Portable Gas Torch","0","0","0","Tidak","-"
"O-51716-00","POSITION SENSOR, DATA LOGIC; DIA.12MM, UNSHIELDED STANDARD HOUSING, 10-30 VDC PNP NC,
 M12 CONNECTION","0","0","0","Tidak","-"
"T-80386-00","Post-It 3M Sign Here","0","0","0","Tidak","-"
"T-80387-00","Post-It 3M Yellow 653","0","0","0","Tidak","-"
"T-80391-00","Post-It Kecil PRONTO warna warni","0","0","0","Tidak","-"
"P-51841-00","Power Supply LED Rainproof 250W/12VDC","1","0","0","Tidak","L3"
"P-51893-00","Power Supply TXS1.12F4 24VDC Siemens","0","0","0","Tidak","-"
"P-10019-00","Pre Filter G4 size : 12X24X2","0","2","10","Tidak","-"
"P-10017-00","Pre Filter G4 size : 24X24X2, Washable Aluminium Frame; IAF;","11","0","0","Tidak","Ruang Filter"
"O-15486-00","Pre-filter (EU-8) size 100D x 135H mm; ; ;","0","0","0","Tidak","-"
"O-15654-00","PRE-FILTER CARTRIDGE; KLENZAIDS; EU-8 SIZE 100D X 135H MM","0","0","0","Tidak","-"
"O-19588-00","Press Gauge 0-250 psi, Dia 2,5 inch, Drat 1/4 inch; No Brand; ;","2","0","0","Tidak","D-4-9"
"O-19589-00","Press Gauge 0-500 Psi, Dia 2.5 Inch, Drat 1/4 Inch; No Brand; ;","2","0","0","Tidak","D-4-9"
"P-14528-00","Pressure Gauge 2,5 inch 0-10 Bar, Sanitary Diaphragm Seal; ; ;","0","0","0","Tidak","-"
"P-13530-00","Pressure Gauge Dial 2 1/2inch Connection Tri-clamp ferrule 1 1/2inch; ; ;","0","0","0","Tidak","-"
"P-17388-00","Pressure Gauge Membrane Sanitary Conn. Ferrule 1.5 inch Center Back SS 316L 0 s/d 10 bar WIKA","0","0","0","Tidak","-"
"P-13632-00","Pressure Gauge SS304 0-10bar dial:100mm 1/2inch","0","0","0","Tidak","-"
"O-16006-00","Pressure Gauge; BRO THOTERM; SF 250, Range 0 - 6 bar, Dial Size 63 mm, Accuracy 1.6, Connection size; ; ;","0","0","0","Tidak","-"
"O-14619-00","Pressure reducer 1/2 Gas connection, with manometer 0-12 bar; Univer; c/n 11731;","0","0","0","Tidak","-"
"P-13732-00","Pressure Reducing Valve Flange End PN16 DN40; ; ; - SPIRAX SARCO Item Code : 6100137","0","0","0","Tidak","-"
"O-51946-00","Pressure Sensor Autonics Model PSAN-V01CPV-RC1/8 1unit","0","0","0","Tidak","-"
"P-51895-00","Pressure Switch 0-10 bar 1/4 inch Out: 4...20 mA In: 24(7...33) VDC","0","0","0","Tidak","-"
"P-15863-00","PRESSURE SWITCH DANFOSS, DANFOSS, KP35","0","0","0","Tidak","-"
"O-15655-00","PRESSURE SWITCH WITH INDICATION, FESTO 0-1 BAR PNEUMATIC CONNECTION","0","0","0","Tidak","-"
"O-51820-00","Pressure transmitter 0-500 Pa output 4-20 mA 10-32VDC Precision:+-1%; Model: P-Sensor/PIZ (2 wires);; ; ;","0","0","0","Tidak","-"
"O-51702-00","PRESSURE TRANSMITTER, HALSTRUP, MODEL: P; SENSOR/PIZ (2 WIRES) 0-250PA OUTPUT 4-20MA 24VDC PRECISION: +-1%;; SHEET NO. 465-03; SERIAL NO. KI391046","0","0","0","Tidak","-"
"O-51731-00","PRESSURE TRANSMITTER; GEFRAN 0-10 BAR; PRECISION 0,25% FS; OUTPUT 4/20 MA, 24VDC, 2-WIRES; CONTACT MATERIAL: AISI 316L; INOX 1 1/2 TRI-CLAMP; ELECTRICAL CONNECTION: 5-PIN - M12X1; IP67; SERIAL NO. 12210291","0","0","0","Tidak","-"
"O-52941-00","PRINTER/PC INTERFACE-TEMPERATURE-G01A01-NEW (298/08/13-14) 0202PPCT02; ; ;","1","0","0","Tidak","F-4"
"T-20137-00","PRINTER/PCINTERFACE-TEMPERATURE-G02A01; 0202PPCT01; HSN # 90268090;; ; ;","0","0","0","Tidak","-"
"O-19678-00","Printhead Engine 60 Micron; ; P/N : 399-422;","0","0","0","Tidak","-"
"O-52621-00","Printing Mechanism MT2460 CUT+HORIS SUPP p/n : 917EF051700000 CUSTOM","0","0","0","Tidak","-"
"Q-10511-00","Probe Sensor Temperatur PT100 3 wire; range -15 degC sampai 150 degC; ; ;","0","0","0","Tidak","-"
"O-54031-00","Profibus Connector SIEMENS, Simatic DP 6ES7972-0BA52-0XA0; ; ;","0","1","2","Tidak","-"
"Q-10562-00","Proseal PAS-100 White Propan","0","0","0","Tidak","-"
"P-17176-00","Protection Cover For Emergency Push Button 22mm FORT","0","0","0","Tidak","-"
"O-51732-00","PROXIMITY SENSOR OMRON TYPE: E2E-X5F1-M1","0","0","0","Tidak","-"
"O-51851-00","Proximity Sensor Omron Type: E2E-X5F1-M1; ; ;","0","0","0","Tidak","-"
"O-51734-00","PROXIMITY SENSOR, DATALOGIC M12 FLUSH SHORT 2X PNP","0","0","0","Tidak","-"
"O-51724-00","PROXIMITY SENSOR, DATALOGIC M12 NON FLUSH SHORT","0","0","0","Tidak","-"
"O-51733-00","PROXIMITY SENSOR; DATALOGIC M8 FLUSH 2X PNP NC;","0","0","0","Tidak","-"
"O-51726-00","PROXIMITY SENSORS, DATALOGIC M8, CONNECTOR M12 PNP-NO, WORKING DISTANCE 2MM","0","0","0","Tidak","-"
"P-17068-00","PRV 7 - Pressure Reducing Valve 1 bar BRASS 3/4"" KITZ; ; ;","0","0","0","Tidak","-"
"P-13368-00","PS300X Air Flow Switch; Regin Control; ;","1","0","0","Tidak","L3"
"T-12185-00","PSU CPU - Power Supply Unit Power Up 600 Watt - Power Supply Unit Power Up 600 Watt","0","0","0","Tidak","-"
"T-20139-00","Pump, Vacuum, Degasser; Waters; PN : 700001352; 1 pc","0","0","0","Tidak","-"
"P-51844-00","Push Button /XA2EA31/240V/Hijau Schneider","2","0","0","Tidak","A-4-15B"
"P-51843-00","Push Button /XA2EA42/240V/Merah Schneider","1","0","0","Tidak","O2"
"O-51308-00","Push Button 22mm Green ABW111EP Fort; ; ;","0","0","0","Tidak","-"
"O-19829-00","Pusher 50 H Cartoning","1","0","0","Tidak","G-3"
"P-14960-00","PVC - Dop 1 inch; ; ;","0","0","0","Tidak","-"
"P-14959-00","PVC - Dop 1/2 inch; ; ;","0","0","0","Tidak","-"
"P-12712-00","PVC - Dop drat dalam 1/2inch","0","0","0","Tidak","-"
"P-14974-00","PVC - Sock AW 2 1/2""; ; ;","3","0","0","Tidak","F3"
"P-19127-00","PVC Bag for Bag In Bag Out; IAF; ;","0","0","0","Tidak","-"
"T-80394-00","PVC Pocket BANTEX 2040/A4 - Clear","0","0","0","Tidak","-"
"P-13603-00","PW Generator Austar - RO Membranes BW30-400 DOW","0","0","0","Tidak","-"
"P-20258-00","PW SKID - Seal Mainhole Tank; Custom Bentala; -; 1 pc","0","0","0","Tidak","-"
"P-14900-00","Quartz sleeve Hanovia UV System; HANOVIA; p/n 120207042;","0","0","0","Tidak","-"
"P-13726-00","Quick Coupler 1/2 inch Female","0","0","0","Tidak","-"
"P-13725-00","Quick Coupler 1/2 inch Male","0","0","0","Tidak","-"
"P-18358-00","Quick Coupler Air Brush 1/8 inch; ; ;","1","0","0","Tidak","F-2-2B"
"P-13648-00","Quick Coupler SM PM 20 Drat 1/4 inch","0","0","0","Tidak","-"
"R-22006-00","Racking","0","0","0","Tidak","-"
"O-15660-00","RADIAL BEARING 15X32X9 6002 - 2Z; STERILINE ; PART NO :200019","0","0","0","Tidak","-"
"O-15661-00","RADIAL BEARING 6001-2RS; STERILINE ; PART NO :200723","0","0","0","Tidak","-"
"O-15662-00","RADIAL BEARING 6004 - 2Z SKF (6002-27); STERILINE : PART NO :200018","0","0","0","Tidak","-"
"P-17920-00","Rantai RS-35 Hitech","0","0","0","Tidak","-"
"Q-10305-00","Raven Door Seal (balon) RP48 Brown/White 50mtr x 2; ; ;","0","0","0","Tidak","-"
"O-15663-00","RECORDER PAPER(RECORDING WIDTH, 10 ROLLS/BOX) ; YOKOGAWA","0","0","0","Tidak","-"
"O-15664-00","RECORDER RIBBON(6 COLOR RIBBON CASSETTE)","0","0","0","Tidak","-"
"O-51794-00","Recorder Type KRN1000-0801-0S Autonics; ; ;","0","0","0","Tidak","-"
"O-15665-00","RED SILICON ORING 2125; PART NO :202359","0","0","0","Tidak","-"
"O-15666-00","RED SILICON ORING 4900; PART NO :202514","0","0","0","Tidak","-"
"P-13630-00","Reducer Bushing Kuningan 1/8inch Female x 1/4 Male","0","0","0","Tidak","-"
"P-12721-00","Reducer PVC AW dia  2inch x 1 1/2inch","0","0","0","Tidak","-"
"P-12725-00","Reducer PVC AW dia 3/4inch x 1/2 inch","0","0","0","Tidak","-"
"P-15394-00","Reducer Sock SS304 1/2 inch x 1/4 inch","0","0","0","Tidak","-"
"P-18275-00","Reducer SS 304 Sch 10 welded dia 4x2 inch","0","0","0","Tidak","-"
"O-19511-00","Reducer Tembaga 1 3/8 Inch x 7/8 Inch; Lokal; ; 1 Pcs","1","0","0","Tidak","D-1-3C"
"O-19510-00","Reducer Tembaga 1 5/8 Inch x 1 3/8 Inch; Lokal; ; 1 Pcs","2","0","0","Tidak","D-1-3D"
"P-17749-00","Reducing Nepple SS304 1/2Inch - 1/4Inch","0","0","0","Tidak","-"
"P-52081-00","Reed Switch Magnetical","0","0","0","Tidak","-"
"O-51837-00","REED SWITCH WITH CONNECTOR M08; UNIVER; TYPE : DF 220 M08; ; ;","0","0","0","Tidak","-"
"T-22314-00","Refill Board DSR Autosampler.; Pharma Test; 317-0133; unit","0","0","0","Tidak","-"
"P-54185-00","Refrigerant Balance VES 508 Capacacity : 50 kg/110Lb ; Power :9V DC and AC(110V-220V); VALUE; ;","0","0","0","Tidak","-"
"P-18279-00","Refrigerant R 134 A","1","0","0","Tidak","N1"
"P-18909-00","Refrigerant Recovery Tank Cld-30Y 13 L , 30 Lbs , 13.6Kg; ORION; ;","0","0","0","Tidak","-"
"O-15667-00","REFRIGERATION FILTER CORE(48 CU.IN., S.S , MESH, 140 UM,)","0","0","0","Tidak","-"
"P-52068-00","Regin Pulser Basic SCR Heater Controller 230/400 V 16 A; ; ; unit","0","0","0","Tidak","-"
"P-51708-00","Regulator Angin AER2000","0","0","0","Tidak","-"
"P-17048-00","Regulator Argon","0","0","0","Tidak","-"
"P-13598-00","Regulator Hydrogen 96A-10M Morris; ; ;","1","0","0","Tidak","F-4"
"O-16334-00","Regulator Nitrogen ( N2 )  YAMATO P/N : -  pc","0","0","0","Tidak","-"
"P-50491-00","Relay / MY2N / 24 VDC OMRON","3","0","0","Tidak","A-4-9A"
"P-50495-00","Relay / RXM 2AB2P7 / 230 V / 50-60 Hz / 12 A / 250 VAC","14","2","10","Tidak","F-3-1A"
"P-51705-00","Relay 110-120 V AC; ; ;","3","2","5","Tidak","A-4-11A"
"P-52591-00","Relay APF 30324; Panasonic; ;","4","0","0","Tidak","Kardus L3"
"O-51687-00","Relay OMRON G2A-432A-N DC + socket Omron","0","1","2","Tidak","-"
"T-20148-00","Replacement Filter 60 Micron; Sievers; c/n CHTF94402; 1 pc","0","0","0","Tidak","-"
"T-22349-00","Replacement Pump Tubing for Sievers Model 900; HART; A-2101-TUB; pack","0","0","0","Tidak","-"
"T-22350-00","Replacement Resin Bed for Sievers Model 900; HART; A-2890-RES; pack","0","0","0","Tidak","-"
"T-22348-00","Replacement Ultra Violet Lamp for Sievers Model 900/M9; HART; A-2100-UVL; pack","0","0","0","Tidak","-"
"T-25579-00","RESIN BED REPLACEMENT FOR M500 TOC Analyzer; Sievers; TOC M500; 1 pc","0","0","0","Tidak","-"
"P-18448-00","Resin Bed Replacement for TOC Sievers M500; ; ;","0","0","0","Tidak","-"
"O-54181-00","Resistor 150 Ohm 1/2 watt; No Brand; ;","0","0","0","Tidak","-"
"O-15668-00","RIBBED HEATER RCU - 1200W - 230VAC - 50/60HZ - MATERIAL AISI304; PART NO :4561","0","2","4","Tidak","-"
"O-15670-00","RING JOINT - AR 19-24 SHORE 98; PART NO :200105","0","0","0","Tidak","-"
"O-15671-00","RING JOINT AR 14 SHORE 98 SG; PART NO :200078","0","0","0","Tidak","-"
"P-14358-00","Ring Plate SS M6; ; ;","0","0","0","Tidak","-"
"P-14357-00","Ring Plate SS M8; ; ;","0","0","0","Tidak","-"
"O-18055-00","Robot Casepacker - Suction cup; VB17. single below; diameter Cup 17 mm; Vmeca; -; 1 Pc","37","10","60","Tidak","G-2"
"P-17079-00","Roda Caster Dia : 2"" Swivel Flange With Brake; ; ;","0","0","0","Tidak","-"
"P-13060-00","Roda Caster Dia : 6"" Swivel Flange","0","0","0","Tidak","-"
"P-11348-00","Roda Caster Supo Dia : 3"" ( 75 x 38 mm) / Swivel Flange / With Breake","5","0","0","Tidak","-"
"P-11350-00","Roda Caster Supo Dia : 4"" ( 100 x 38 mm ) Swivel Flange / Without Breake","0","0","0","Tidak","-"
"P-15390-00","Roda PU (Poliurethane) Uk. 4 inch; ; ;","0","0","0","Tidak","-"
"P-17657-00","Roda PU 2 Inc","0","0","0","Tidak","-"
"O-19785-00","Roda Trolley Autoclave Uk. 152,2 x 30 mm; Custom; ;","0","0","0","Tidak","-"
"O-18428-00","Roda Vertikal Blind Runner and Spacer dan Cor d Driver Runner","0","0","0","Tidak","-"
"Q-10410-00","Roll Epoxy dia. 9","0","0","0","Tidak","-"
"P-15002-00","Room Air Temp. & RH Sensor, P/N. QFA2060D; ; ;","2","0","0","Tidak","F-1"
"P-15864-00","ROOM PRESS MONITORING, SIEMENS, P/N. 547-103A","0","0","0","Tidak","-"
"P-14999-00","Room Press. Monitoring, P/N. 547-103A; ; ;","0","0","0","Tidak","-"
"P-14998-00","Room Press. Monitoring, P/N. 547-104A; ; ;","0","0","0","Tidak","-"
"P-53976-00","Room Pressure Monitoring S55374-C129,RPM SM P1 +/-.50WC( 125PA)0.5%FS;547-104A; ; ;","0","0","0","Tidak","-"
"O-15672-00","ROTATING PINCER PNEUMATIC CYLINDER WITH PROTECTIVE CAP ; SMC ; PINCER CYLINDER ;","0","0","0","Tidak","-"
"O-19689-00","Routine Maintenance Kit GV80; Edwards; P/N : A70212825;","0","0","0","Tidak","-"
"O-51818-00","RTD - Single Element. Built according to directive 94/9/CE ATEX II 2GD Ex d IIC T6; Temperature Rang; ; ;","1","1","2","Tidak","C-2-4"
"O-19686-00","Rubber Coupling HRC; Lokal; ;","0","0","0","Tidak","-"
"P-17044-00","Rubber Leveling Feet M10; ; ;","0","0","0","Tidak","-"
"O-17640-00","Ruber Whell Silicone Model : FRB-770i Hualian","0","0","0","Tidak","-"
"P-12749-00","RUCIKA - Pipa PVC AW dia 1 inch Warna Abu-Abu","12","2","5","Tidak","-"
"P-12750-00","RUCIKA - Pipa PVC aw dia 1/2 inch Warna Abu-Abu","14","2","5","Tidak","-"
"P-12751-00","RUCIKA - Pipa PVC AW dia 2 inch Warna Abu-Abu","0","0","0","Tidak","-"
"P-12747-00","RUCIKA - Pipa PVC AW dia 3/4inch","5","2","5","Tidak","-"
"P-12752-00","RUCIKA - Pipa PVC dia. 4inch","0","0","0","Tidak","-"
"O-19849-00","Sabuk Tangki MixingCustom","2","0","0","Tidak","-"
"T-20138-00","Safety Controller --5 To 70 C, 10 TO 99%RH-NONLINEAR +/-2 TO 10%RH; Item Code :0202SDAT01; ; ;","0","0","0","Tidak","-"
"S-20055-00","Safety Gloves; Promaster; pack size 10 pcs per box","0","0","0","Tidak","-"
"O-15673-00","SAFETY PRESSURE SWITCH ; PRSIC ;","0","0","0","Tidak","-"
"O-52317-00","Safety Relay F3SP-U3P-TGR; Omron; ;","0","0","1","Tidak","-"
"O-52854-00","Safety Sensor GG505S GIGA-4015-US; IFM; ;","2","0","0","Tidak","E-3"
"O-15674-00","SAFETY THERMOMETER PROBE ; TE5 ;","0","0","0","Tidak","-"
"O-15675-00","SAFETY THERMOMETER PROBE ; TE5 ;","0","0","0","Tidak","-"
"P-51902-00","Saklar AC 13A 3 kaki","0","0","0","Tidak","-"
"P-52336-00","Saklar Lampu Sensor Gerak Motion Detector Plafon; ; ;","3","0","0","Tidak","L3"
"P-50505-00","Saklar Seri / 250 V / Clipsal","11","2","15","Tidak","O2"
"O-53033-00","Saklar Switch Lampu ZN On Off Kaki 4 Kaki Pin 15-20ALokal","14","0","0","Tidak","A-4-10C"
"O-53045-00","Saklar Switch On Off DC 12V Lampu MerahLokal","9","0","0","Tidak","O2"
"P-50506-00","Saklar Tunggal / 250 V / Clipsal","3","2","15","Tidak","O2"
"Q-70104-00","Sambungan Kunci Sock / Extension Bar 1/2 x 10 inch; XP Tools; MTA-69200251; Pack Size Per Pcs","0","0","0","Tidak","-"
"T-20592-00","Sample probe, deactivated, for Agilent 7697A headspace; Agilent; G4556-63825; 1pc","0","0","0","Tidak","-"
"T-25578-00","SAMPLE PUMP HEAD FOR M500 TOC Analyzer; Sievers; TOC M500; 1 pc","0","0","0","Tidak","-"
"P-18447-00","Sample Pump Head for TOC Sievers M500; ; ;","0","0","0","Tidak","-"
"Q-12166-00","Sandblast JT215 Buram 122cmx50m; Ruisitu; -; 1 Roll","0","0","0","Tidak","-"
"P-12753-00","SANDFLEX - Mata Gergaji Besi 24TPI 12inch/300mm 10D","0","0","0","Tidak","-"
"P-14378-00","Sanitary Butterfly Valve SS316 1"" Ferrule; ; ;","0","0","0","Tidak","-"
"Q-10949-00","SCHINDLER ELEVATOR - Ceiling Lamp Cover; ; ;","0","0","0","Tidak","-"
"Q-10860-00","SCHINDLER ELEVATOR - Chime Bell","0","0","0","Tidak","-"
"P-17899-00","SCHINDLER ELEVATOR - Door Shoe; ; ;","0","0","0","Tidak","-"
"Q-10856-00","SCHINDLER ELEVATOR - Guide Shoe Oil Box","0","0","0","Tidak","-"
"P-54284-00","SCHINDLER ELEVATOR - Interphone; Schindler; -; 1 pc","0","0","0","Tidak","-"
"Q-90025-00","SCHINDLER ELEVATOR - PCB SDIC; P/N: 591886; ; ;","0","0","0","Tidak","-"
"P-52064-00","SCHINDLER ELEVATOR - PCB SMIC 62.Q","0","0","0","Tidak","-"
"Q-90026-00","SCHINDLER ELEVATOR - Sensor PHS; Cedes, GLS 126 NT; ; ;","0","0","0","Tidak","-"
"P-52375-00","SCHNEIDER - MCB 4A 1Phase; ; ;","0","0","0","Tidak","-"
"P-52374-00","SCHNEIDER - MCB 4A 2Phase","0","0","0","Tidak","-"
"P-13389-00","Scotch Brite 3M; ; ;","46","5","10","Tidak","O-2"
"P-18713-00","Screw Extractor Merek Tekiro (1 set = 6 pcs); ; ;","0","0","0","Tidak","-"
"Q-70253-00","Screwdriver LRSST8 / Obeng Plus dan Minus Set; Krisbow; KW0102648; 8 pc per set","0","0","0","Tidak","-"
"P-13412-00","SCREWDRIVER SET 4PCS; Krisbow; Part No. KW0101633;","0","0","0","Tidak","-"
"T-12099-00","Seagate BarraCuda Harddisk Internal PC 500GB SATA; ; ;","0","0","0","Tidak","-"
"T-12277-00","Seagate One Touch 5TB External Hardisk; ; ;","0","0","0","Tidak","-"
"T-20210-00","SEAL FACE 2690, Waters, Part No. WAT270939, PKG (4)","0","0","0","Tidak","-"
"P-11391-00","Seal Ferrule EPDM 1.5"" (35 x 53 x 9)","31","20","40","Tidak","M-3-9A"
"P-18407-00","Seal Ferrule EPDM 1/2""; ; ;","0","0","0","Tidak","-"
"P-11392-00","Seal Ferrule EPDM 2""","30","30","60","Tidak","M3"
"P-11393-00","Seal Ferrule EPDM 3""","15","10","30","Tidak","M-3"
"P-17539-00","Seal Ferrule Silicone 4 inch","0","0","0","Tidak","-"
"O-15676-00","SEAL KIT FOR VIALS LOADING CYLINDER ; UNIVER ; MAGNETIC CYLINDER SERIES RP DIAMETER=20 STROKE=25;","0","0","0","Tidak","-"
"T-20212-00","SEAL PLUNGER 2690, Waters, Part No. WAT270938, PKG (2)","0","1","3","Tidak","-"
"T-25481-00","Seal Wash Priming Adapter; Waters; WAT270586; pieces","0","0","0","Tidak","-"
"T-20203-00","SEAL, FACE, SEALWASH, PKG (1) 2690, WAT271017","0","0","0","Tidak","-"
"P-53217-00","Sealent Gun PROHEX","0","0","0","Tidak","-"
"P-15944-00","Sealing belt (nillon) 1.5 cm x 77cm; ; ;","0","0","0","Tidak","-"
"O-15678-00","SEALING RING G20 - 28 - 4; PART NO :200067","0","0","0","Tidak","-"
"O-15679-00","SECURITY PHOTOCELLS; PART NO :7209","0","0","1","Tidak","-"
"O-16318-00","SED - Diaphragm spare MA8 EPDM/PTFE 00210.190.051.V","0","0","0","Tidak","-"
"O-16319-00","SED - Stroke-Seal Adjuster and Manual Override p/n:024.14.025","0","0","0","Tidak","-"
"O-52117-00","Seidenader MS30 - Acopos Multi 65 B&R p/n:80VD100PD.C000-01","0","0","0","Tidak","-"
"O-52110-00","Seidenader MS30 - Acopos Multi 65 B&R p/n:8CVI045E1HCS0.00-1","0","0","0","Tidak","-"
"O-52109-00","Seidenader MS30 - Acopos Multi 65 B&R p/n:8CVI088E1HCS0.00-1","0","0","0","Tidak","-"
"O-52121-00","Seidenader MS30 - Adder View Catx Switch 8 Port ADDER p/n:AVX1008IP","0","0","0","Tidak","-"
"O-52105-00","Seidenader MS30 - Analog Input Module B&R p/n:X20AI4632","0","0","0","Tidak","-"
"O-52133-00","Seidenader MS30 - Back Feeding Throttle B&R p/n:8BVR0220H000.100-1","0","0","0","Tidak","-"
"O-53447-00","Seidenader MS30 - Backlight LED Std.110x140, white, narrow edge; -; 95-220131-00; 1 Pc","0","0","0","Tidak","-"
"O-53449-00","Seidenader MS30 - Backlight LED Std.140x110, white, narrow edge; -; 95-220132-10; 1 Pc","0","0","0","Tidak","-"
"O-52111-00","Seidenader MS30 - Connection Box B&R p/n:8CVE28000HC00.00-1","0","0","0","Tidak","-"
"O-52100-00","Seidenader MS30 - Digital I/O Module B&R; X20DM9324","0","0","0","Tidak","-"
"O-52119-00","Seidenader MS30 - Digital Input Module B&R p/n:X20DI8371","0","0","0","Tidak","-"
"O-52107-00","Seidenader MS30 - Digital Input Module B&R p/n:X20DI9371","0","0","0","Tidak","-"
"O-52106-00","Seidenader MS30 - Digital Output Module B&R p/n:X20DO9322","0","0","0","Tidak","-"
"O-52120-00","Seidenader MS30 - Digital Signal Module B&R p/n:X20DS4389","0","0","0","Tidak","-"
"O-52123-00","Seidenader MS30 - Ethernet Swicht Etherwan p/n:EX95160-00B","0","0","0","Tidak","-"
"O-52130-00","Seidenader MS30 - Expansion Module B&R p/n:8BVE0500HW00.000-1","0","0","0","Tidak","-"
"O-52053-00","Seidenader MS30 - Fiber Optic Receiver p/n:41-049166-00","0","0","0","Tidak","-"
"O-52052-00","Seidenader MS30 - Fiber Unit p/n:41-029961-00","0","0","0","Tidak","-"
"O-16562-00","Seidenader MS30 - Filter cartridge p/n:02.000413-79","0","0","0","Tidak","-"
"O-52058-00","Seidenader MS30 - Filter Pad p/n:41-027751-00","0","0","0","Tidak","-"
"O-16550-00","Seidenader MS30 - FS Rotation Axis Lower Part p/n:VK-068000-00","0","0","0","Tidak","-"
"O-16551-00","Seidenader MS30 - FS Rotation Axis UpperPart p/n:VK-068048-06","0","0","0","Tidak","-"
"O-52134-00","Seidenader MS30 - Hum Eliminator B&R p/n:8BVF0220H000.000-1","0","0","0","Tidak","-"
"O-52051-00","Seidenader MS30 - Inductive Proximity Switch p/n:41-060180-00","0","0","0","Tidak","-"
"O-52128-00","Seidenader MS30 - Industrial PC B&R 5P91 p/n:401671.002-01","0","0","0","Tidak","-"
"O-52122-00","Seidenader MS30 - Industrial Router 4 Port Switch MBConnect Line MDH816","0","0","0","Tidak","-"
"O-52056-00","Seidenader MS30 - Laser Receiver p/n:41-052633-00","0","0","0","Tidak","-"
"O-52055-00","Seidenader MS30 - Laser Sensor p/n:41-044188-00","0","0","0","Tidak","-"
"O-16557-00","Seidenader MS30 - O-ring Black Dia:18x2 p/n:00-000428-34","0","0","0","Tidak","-"
"O-16556-00","Seidenader MS30 - O-ring Black p/n:00-000428-07","0","0","0","Tidak","-"
"O-52112-00","Seidenader MS30 - Power Ink V1/V2 Bus Controller B&R p/n:X67BC8321.L12","0","0","0","Tidak","-"
"O-52129-00","Seidenader MS30 - Power Supply B&R p/n:0PS080X3.10-01","0","0","0","Tidak","-"
"O-52131-00","Seidenader MS30 - Power Supply Module B&R p/n:8B0C0320HW00.002-1","0","0","0","Tidak","-"
"O-52132-00","Seidenader MS30 - Power Supply Module B&R p/n:8BVP0220HW00.000-1","0","0","0","Tidak","-"
"O-52101-00","Seidenader MS30 - Power Supply Module B&R p/n:X20PS2100","0","0","0","Tidak","-"
"O-52102-00","Seidenader MS30 - Power Supply Module B&R p/n:X20PS9400","0","0","0","Tidak","-"
"O-16559-00","Seidenader MS30 - Pressure Spring p/n:02-055865-00","0","0","0","Tidak","-"
"O-52060-00","Seidenader MS30 - Pressure Transducer 02-000416-71 SPTW-B2R-G14-A-M12 Festo","0","0","0","Tidak","-"
"O-52050-00","Seidenader MS30 - Reflection Light Scanner p/n:41-057703-00","0","0","0","Tidak","-"
"O-16560-00","Seidenader MS30 - Rubber Band 298X47X1 p/n:37-030151-39","0","0","0","Tidak","-"
"O-16561-00","Seidenader MS30 - Rubber Band 2X47X300 p/n:37-030151-38","0","0","0","Tidak","-"
"O-52113-00","Seidenader MS30 - Safe Digital Mixed Module B&R p/n:X67SI8103","0","0","0","Tidak","-"
"O-52126-00","Seidenader MS30 - Safe Digital Mixed Module B&R X20SC2432;","0","0","0","Tidak","-"
"O-52116-00","Seidenader MS30 - Safety Input Module B&R p/n: X20SI9100","0","0","0","Tidak","-"
"O-52108-00","Seidenader MS30 - Safety Output Module B&R p/n:X20SO2110","0","0","0","Tidak","-"
"O-16552-00","Seidenader MS30 - Sealing Starwheel p/n:37-029122-22","0","0","0","Tidak","-"
"O-16553-00","Seidenader MS30 - Sealing Starwheel p/n:37-029122-22","0","0","0","Tidak","-"
"O-16554-00","Seidenader MS30 - Sealing Starwheel p/n:37-029122-25","0","0","0","Tidak","-"
"O-52118-00","Seidenader MS30 - Servo Amplifier B&R p/n:80VD100PD.C000-0","0","0","0","Tidak","-"
"O-52059-00","Seidenader MS30 - Servo Amplifier p/n:41-055670-00","0","0","0","Tidak","-"
"O-16558-00","Seidenader MS30 - Suction Cup Dia:11 (Standart) FSGA 11 M5 p/n:01-000413-18","0","0","0","Tidak","-"
"O-16555-00","Seidenader MS30 - Suction Cup Dia:16x19 (Standart) p/n:01-000413-20","0","0","0","Tidak","-"
"O-52125-00","Seidenader MS30 - Temperature Input Module B&R X20AT222","0","0","0","Tidak","-"
"O-52062-00","Seidenader MS30 - Vaccumfilter 02-000418-28 VAF-PK-4 Festo","0","0","0","Tidak","-"
"O-52061-00","Seidenader MS30 - Valve Terminal 12-000418-08 10P-10-8A-MP-R-Z-3NL3NL+U Festo","0","0","0","Tidak","-"
"O-52104-00","Seidenader MS30 - Valve Terminal B&R p/n:7XV116.50-51","0","0","0","Tidak","-"
"O-52057-00","Seidenader MS30 - Vwrm 6.5A p/n:41-053926-00","0","0","0","Tidak","-"
"O-52054-00","Seidenader MS30 - Vwrm 8.8A p/n:41-062095-00","0","0","0","Tidak","-"
"O-52103-00","Seidenader MS30 - X20 Bus Controller B&R p/n:X20BC0083","0","0","0","Tidak","-"
"O-52127-00","Seidenader MS30 - X20 Bus Contrroller B&R X20HB2880","0","0","0","Tidak","-"
"O-52115-00","Seidenader MS30 - X20 Potential Distributor 24VDC B&R p/n:X20PD0012","0","0","0","Tidak","-"
"O-52114-00","Seidenader MS30 - X20 Potential Distributor GND B&R p/n:X20PD0011","0","0","0","Tidak","-"
"O-52099-00","Seidenader MS30 - X2X Bus Transmitter B&R p/n:X20BT9400","0","0","0","Tidak","-"
"O-52124-00","Seidenader MS30 - X2X Bus Transmitter B&R X20BT9100","0","0","0","Tidak","-"
"P-13646-00","Selang Air 1/2 inch","0","0","0","Tidak","-"
"P-11422-00","Selang Festo Pun-H-10x1.5 / Blue NR : 197386","100","50","200","Tidak","M-3"
"P-11424-00","Selang Festo Pun-H-12x2 Blue 2 x 50 m","45","30","50","Tidak","-"
"P-11428-00","Selang Festo Pun-H-6x1 Blue","0","0","0","Tidak","-"
"O-17243-00","Selang Flexible Vaccum 40 mm","0","0","0","Tidak","-"
"P-13597-00","Selang Gas ukuran 1/4 inch","0","0","0","Tidak","-"
"S-11976-00","Selang Hydrant","0","0","0","Tidak","-"
"P-15017-00","Selang Spiral Compressor dia.8 mm Include Coopler","0","0","0","Tidak","-"
"O-14099-00","Selang TS-25 (25x33) TOYOX P/N : -  pc","0","0","0","Tidak","-"
"Q-10488-00","Selang Wastafel TOTO; ; ;","0","0","0","Tidak","-"
"O-51307-00","Selector Switch 22mm On-Off XPB22-22A Fort; ; ;","0","0","0","Tidak","-"
"O-54012-00","SELECTOR SWITCH, HANYOUNG, CR253-3 ON-OFF-ON","0","1","1","Tidak","-"
"P-13558-00","Selenoid Valve  4V210-08 24 VDC; ; ;","0","0","0","Tidak","-"
"P-52651-00","Selenoid Valve 1 inch, 220VAC; UNI-D; ;","2","0","0","Tidak","M-4"
"P-52123-00","Selenoid Valve 2 Way , 24VDC, 1/8 inch; EMC; ;","0","0","0","Tidak","-"
"O-52269-00","Selenoid Valve 2 Way Brass, 24VDC, 1/2 inch; ; ;","1","0","0","Tidak","D-2-2B"
"P-13755-00","Selenoid Valve 2 Way Brass, 24VDC, 1/4 inch; ; ;","0","0","0","Tidak","-"
"P-13563-00","Selenoid Valve 2 way, 220VAC, UW-25 UNI-D; ; ;","0","0","0","Tidak","-"
"P-52379-00","Selenoid Valve DS2120-5G-01 1/8inch 24VDC TPC","1","0","0","Tidak","Kardus L3"
"O-52496-00","Selenoid Valve SMC P/N : VF5220-5DZ1-03","1","0","0","Tidak","C-2-3"
"O-52597-00","Selenoid Valve VZWD-L-M22C-M-G12-135-1P4-10 Festo","0","0","0","Tidak","-"
"O-52313-00","Selenoid Valve VZWD-L-M22C-M-G14-10-V-1P4-50 Festo P/n: 1491828","1","0","0","Tidak","B-2-5A"
"Q-10724-00","Semen MU 301 Plester Plus; ; ;","1","0","0","Tidak","-"
"Q-10282-00","Semen MU Perekat Bata Ringan Mortar Utama 1zak","0","0","0","Tidak","-"
"Q-60434-00","Semen putih / Acian Putih; Tiga Roda; TR-30; 40 kg/zak","0","0","0","Tidak","-"
"Q-90010-00","Sendok Semen","0","0","0","Tidak","-"
"O-52431-00","Sensor Alcohol PIR 7000 Type:334 M25 HART Drager","0","0","0","Tidak","-"
"P-52713-00","Sensor Ammonia 0-50/500 PPM (200 PPM Standard) Type : 00-1010; ATI; ;","0","0","0","Tidak","-"
"O-52234-00","Sensor Amplifier OBF502 IFM","0","0","0","Tidak","-"
"O-51736-00","SENSOR PROXIMITY M12 FLUSH SHORT PNP","0","0","0","Tidak","-"
"O-51737-00","SENSOR PROXIMITY M12 FLUSH SHORT PNP NO ; DATA LOGIC","0","0","0","Tidak","-"
"O-51739-00","SENSOR PROXIMITY M12 NON FLUSH SHORT PNP","0","0","0","Tidak","-"
"O-51741-00","SENSOR SUHU PT100 4 M","0","0","0","Tidak","-"
"O-51744-00","SENSOR TEMPERATUR PT100 7 METER 8 WIRE; PART NO :PM600084","0","0","0","Tidak","-"
"T-20287-00","Septum Bleed/Temp Opt. Non-Stick 11 mm Septa ; Agilent; Part No. 5183-4757; 50/pk","0","0","0","Tidak","-"
"Q-60403-00","Serat Fiber / Fiber Glass Matt; Aquaproof; ; 1 kg/pack","0","0","0","Tidak","-"
"O-54171-00","Service Push Button With Plug; Melchers; ENG-SEI-42-057679-00;","0","0","0","Tidak","-"
"O-15650-00","SERVO MOTOR OMRON G5 120V, 750W, 250HZ, 2.39 NM, 3000 RPM WITH INCREMENTAL ENCODER NO
 BRAKE","0","0","0","Tidak","-"
"O-15589-00","SERVO MOTOR, OMRON G5 220V, 200W, 0.64 NM, 3000 RPM WITH ABSOLUTE ENCODER NO BRAKE","0","0","0","Tidak","-"
"O-15637-00","SERVO MOTOR, OMRON G5 220V, 750W, 2.4 NM, 3000 RPM WITH ABSOLUTE ENCODER WITH BRAKE","0","0","0","Tidak","-"
"O-15786-00","SG-1 Coiled Tubing W/3/8""FL Type : 1002-0161; ; ;","0","0","0","Tidak","-"
"O-19781-00","Shaft Bearing Rod End Pusher Cartoning M6 x 110 Material SUS 304; Custom; ;","1","0","0","Tidak","G3"
"O-19162-00","Shaft Pengunci AlphaPort; Lokal; ;","0","0","0","Tidak","-"
"O-19782-00","Shaft Pusher Cartoning Marchesini Uk. 16 x 530; Custom; ;","0","0","0","Tidak","-"
"O-54119-00","Shelf Bellows; Freeze Dryer MBE1207; P/N FB1207-05-70-0 R0.0; pack size per unit","0","0","1","Tidak","-"
"P-17223-00","Shock Pipa PVC 1 1/2""; RUCIKA; ; pcs","4","0","0","Tidak","-"
"O-18827-00","Side Arms kit; Sanco; P/N : EPT012551;","0","0","0","Tidak","-"
"O-52869-00","Signal Isolator SUP-503H Input : 3 x PT100 Output: 4...20 mA Supply: 24 VDC; Supmea; ;","0","0","0","Tidak","-"
"Q-10588-00","Sika Boom @750 ml","0","0","0","Tidak","-"
"Q-12033-00","SikaTop 107 Seal / pelapis kedap air; ; ; pack size per set (20 kg semen dan 5 kg cairan sika)","0","0","0","Tidak","-"
"T-20532-00","Silica Gel 10GRMSX30PCS; Shimadzu; Part No. 200-53655; 10 gr per pack","0","0","0","Tidak","-"
"S-50953-00","Silica Gel curah; ; ; pck","0","0","0","Tidak","-"
"O-15680-00","SILICON GASKET O RING RED ; ID= 192 mm, OD: 246 mm, Thickness : 4 mm","0","0","0","Tidak","-"
"O-15682-00","SILICON HOSES F10 ( ID:6MM / OD: 10MM );","0","0","0","Tidak","-"
"O-15683-00","SILICON HOSES F14 ( ID:4MM / OD: 10MM ) 86/10;","0","0","0","Tidak","-"
"P-53216-00","Silicon Lembaran, tebal 3 mm, size: 1 meter X 1 meter; ; ;","0","1","1","Tidak","-"
"P-53215-00","Silicon Lembaran, tebal 5 mm, size: 1 meter X 1 meter; ; ;","0","1","1","Tidak","-"
"O-15684-00","SILICON ORING 3100; PART NO :200236","0","0","0","Tidak","-"
"O-15685-00","SILICON ORING 3162; PART NO :201677","0","0","0","Tidak","-"
"O-15686-00","SILICON ORING 3200; PART NO :200069","0","0","0","Tidak","-"
"O-15687-00","SILICON ORING 3237; PART NO :201706","0","0","0","Tidak","-"
"O-15688-00","SILICON ORING 3256; PART NO :200081","0","0","0","Tidak","-"
"O-15689-00","SILICON ORING 3325; PART NO :200079","0","0","0","Tidak","-"
"O-15690-00","SILICON ORING 3350; PART NO :200783","0","0","0","Tidak","-"
"O-15691-00","SILICON ORING 4675; PART NO :201548","0","0","0","Tidak","-"
"O-18345-00","Silicon suction cup 01.11.16 PN: 202082; ; ;","108","10","100","Tidak","A-1-7"
"O-15692-00","SILICONE GASKET EPDM 24X16; PART NO :7163","0","0","0","Tidak","-"
"O-15693-00","SILICONE GASKET EPDM 29,5X19,5; PART NO :7164","0","0","0","Tidak","-"
"P-12763-00","Silicone gasket for ferrule dia 1 1/2inch Taiwan","30","10","30","Tidak","-"
"P-12765-00","Silicone gasket for ferrule dia 2inch Taiwan","13","10","30","Tidak","M3"
"O-15694-00","SILICONE O-RING 2162; PART NO :200831","0","0","0","Tidak","-"
"P-13383-00","Silicone Sealant High Temp Red; ; ;","6","2","5","Tidak","H-3-3"
"Q-10233-00","Silicone Sealant N10 Clear","0","0","0","Tidak","-"
"Q-10234-00","Silicone Sealant N10 Grey","0","0","0","Tidak","-"
"Q-10232-00","Silicone Sealant N10 White","0","0","0","Tidak","-"
"Q-60501-00","Silicone Sealant, Silglaze, Type N10 Clear, pack size per pcs","6","5","10","Tidak","Q-3"
"Q-60500-00","Silicone Sealant, Silglaze, Type N10 Grey, pack size per pcs","0","0","0","Tidak","-"
"Q-60503-00","Silicone Sealant;Silglaze;Type N10 Grey;pack size per pcs","24","5","10","Tidak","Q1"
"Q-10946-00","Silicone Sealant;Silglaze;Type N10 Light Grey;pack size per pcs","0","3","10","Tidak","-"
"Q-60502-00","Silicone Sealant;Silglaze;Type N10 White;pack size per pcs","1","5","10","Tidak","Q1"
"O-15695-00","SILICONE STRING FOR GASKET EPDM 9,5X7,5 ; PART NO :7165","0","0","0","Tidak","-"
"O-16007-00","Silicone Sucker 01.10.10; P/N : 201119; ; ;","0","20","40","Tidak","-"
"O-15696-00","SILICONE SUCKER 01.11.16; PART NO :202082","0","10","40","Tidak","-"
"O-18009-00","Silincer SMC P/N : AN30-03","2","1","2","Tidak","C-2-5C"
"Q-10496-00","Sirocco Ventilating Fan 24CHF KDK; ; ;","0","0","0","Tidak","-"
"Q-10900-00","Skrup Baja Hitam;No Brand;;pack size per pack","1","0","0","Tidak","-"
"P-51236-00","Skun ( I ) pin dia 0.75 mm","0","0","0","Tidak","-"
"P-51239-00","Skun ( I ) Pin uk.2.5-5 m hitam","0","0","0","Tidak","-"
"P-51252-00","Skun O dia 2.5 mm","3","0","0","Tidak","-"
"O-17287-00","Sleeve and Gloves Y1524-S Port : 7inch Material: CSM Thickness: 0.4mm Piercan","0","0","0","Tidak","-"
"O-15698-00","SLEEVE BEARING STAR 0670-225-40PP; STERILINE ;
 PART NO :200988","0","0","0","Tidak","-"
"P-14901-00","Sleeve Seal Hanovia UV System; HANOVIA; p/n 600143025;","8","0","0","Tidak","A-5-1"
"T-20135-00","Sleeves Thickness(mm): 3/10 Length(mm) : 500 Dia.(mm) : 293,00 Plan Reference : FP no 42-PVC 0,3 TA; Piercan; M293/90 PVCTR E3 500;","0","0","0","Tidak","-"
"P-17549-00","SMC - Air Filter AF20-02-A","0","0","0","Tidak","-"
"P-17875-00","SMC - Air Regulator type AR20-02BG-B","0","0","0","Tidak","-"
"P-15834-00","SMC - Pressure Filter Regulator Auto Drain AW40-40DG-A; ; ;","1","0","0","Tidak","I2"
"P-15833-00","SMC - Pressure Filter Regulator Manual Drain AW30-03BG-A; ; ;","1","0","0","Tidak","S-3"
"O-18192-00","SMC - Tubing Anti Static TAS1208B-20","0","0","0","Tidak","-"
"O-16798-00","SMC - Tubing Anti Static TAU1065B-20","0","0","0","Tidak","-"
"P-18557-00","Snap Ring Dalam SS 304 Uk. 19 mm; ; ;","0","0","0","Tidak","-"
"T-80794-00","Snowman Permanent Paint Marker CP-12 Warna Hitam - Merah","0","0","0","Tidak","-"
"P-12801-00","Sock Drat dalam PVC AW dia 1 1/2inch","0","0","0","Tidak","-"
"P-12804-00","Sock Drat dalam PVC AW dia 1/2inch","0","0","0","Tidak","-"
"P-12806-00","Sock Drat dalam PVC AW dia 3/4inch","0","0","0","Tidak","-"
"P-17254-00","Sock Drat dalam SS 304 1/2 Inch","0","0","0","Tidak","-"
"P-12808-00","Sock Drat luar PVC AW dia 1 1/2inch","0","0","0","Tidak","-"
"P-12811-00","Sock Drat luar PVC AW dia 1/2inch","0","0","0","Tidak","-"
"P-12810-00","Sock Drat luar PVC AW dia 1inch","0","0","0","Tidak","-"
"P-12813-00","Sock Drat luar PVC AW dia 3/4inch","0","0","0","Tidak","-"
"P-18276-00","Sock Drat SS 304 2 inch","0","0","0","Tidak","-"
"P-12817-00","Sock PVC AW dia 1 1/4inch","0","0","0","Tidak","-"
"P-12819-00","Sock PVC AW dia 1/2inch","5","5","10","Tidak","Klaris"
"P-12818-00","Sock PVC AW dia 1inch","0","0","0","Tidak","-"
"P-12820-00","Sock PVC AW dia 2inch","0","0","0","Tidak","-"
"P-12822-00","Sock PVC dia 3/4inch","0","0","0","Tidak","-"
"P-13087-00","Sock Tembaga 1 5/8 inch","20","0","0","Tidak","D-1-1"
"P-13657-00","Sock Tembaga 5/8 inch; ; ;","2","0","0","Tidak","D-2-2C"
"P-13660-00","Sock Tembaga 7/8 inch; ; ;","5","0","0","Tidak","D-1-3B"
"P-50182-00","Socket","0","0","0","Tidak","-"
"P-54223-00","Socket Charger SB175A grey; Anderson; ;","0","0","0","Tidak","-"
"O-17712-00","Socket Controller 8 pin - P/N : - pc","0","0","0","Tidak","-"
"P-50562-00","Socket Relay PF083A-E; Omron; PF083A; 1 pieces","3","1","3","Tidak","B-4"
"O-54013-00","SOCKET RJ 45 CAT 5","0","5","10","Tidak","-"
"O-52316-00","Socket Sensor 4 Pin Drat M8 DOS-0804-G; Sick; ;","1","0","0","Tidak","G-2"
"P-13724-00","Socket Threaded Female SS316 1/2 inch","0","0","0","Tidak","-"
"P-12830-00","Sodium metabisulfit","3","2","15","Tidak","WWTP"
"P-13385-00","Sok Drat Dalam 2 Pvc Rucika; ; ;","3","2","4","Tidak","Klaris"
"P-13384-00","Sok Drat Luar 2"" Pvc Rucika; ; ;","4","2","4","Tidak","-"
"P-17041-00","Sok Pneumatic 1/2 x 6 inch; ; ;","0","0","0","Tidak","-"
"P-13386-00","Sok Polos 2"" Rucika; ; ;","4","2","4","Tidak","R-4-1"
"Q-70096-00","Soldering Iron 25W 230V C/W Fine Point Tip; Senator; SEN5162210K; pack size per pcs","0","0","0","Tidak","-"
"O-15699-00","SOLENOID ELECTROVALVE ;BISTABLE ; 5/2 WAYS 1/2''
 (LEAKTEST, INLET & EXHAUST VALVE); PART NO :13881","0","0","0","Tidak","-"
"O-15700-00","SOLENOID VALVE CLWS COMPRESSOR(6213A 1/2 24 VDC 10 W,)","0","0","0","Tidak","-"
"O-15701-00","SOLENOID VALVE FOR PNEUMATIC VALVES (180-4E1, DC24V 5-SINGLE-ELECTRICAL ,1M CABLE)","0","0","0","Tidak","-"
"P-18835-00","Solenoid Valve Pneumatic UD08E4 Port 1/4"" 2/2 Way 24VDC; EMC; ;","0","0","0","Tidak","-"
"O-15702-00","SOLENOID VALVE SOLDER 3/8  & 3/8","0","0","0","Tidak","-"
"P-52208-00","Solid State Relay SSR-150A 480VAC 3-32Vdc MaxWell","0","0","0","Tidak","-"
"O-15493-00","SPA 1082 Brand : Optibelt / Bando Merah Optibelt","2","0","0","Tidak","L2"
"O-15489-00","SPA 1120 Brand : Optibelt / Bando Merah; Optibelt; ;","8","1","4","Tidak","L-2"
"O-15492-00","SPA 1132 Brand : Optibelt / Bando Merah - P/N : - pc","0","1","4","Tidak","-"
"O-15491-00","SPA 2482 Lw Brand : Optibelt / Bando Merah; Optibelt; ;","2","0","0","Tidak","L2"
"P-18965-00","Sparepart Maintenance Kit SRV66 Size 1-2 Inch (0,8 - 2,5 barg); Spirax Sarco; 6404141UA-1;","1","0","0","Tidak","F-1"
"O-19688-00","Spares Kit Motor Replacement GV80; Edwards; P/N : A70212805;","0","0","0","Tidak","-"
"P-52084-00","Speaker Soundbar Mini Sonigrear","0","0","0","Tidak","-"
"O-14510-00","Speed Control AS2201F-02-08SA, SMC, , SINAR MUTIARA CAKRABUANA, PT P/N : - pc","4","0","0","Tidak","E-4-1C"
"O-52213-00","Speed Controller GUA-C-90-A 220-240VAC CGM GUA SERIES","0","0","0","Tidak","-"
"T-80686-00","Spidol OHP uk. Fine (satuan) - OPF Biru; Snowman; ; Pcs","0","0","0","Tidak","-"
"T-80429-00","Spidol Permanent Biru","0","0","0","Tidak","-"
"P-52731-00","Spliter CN-6100-C2 AUTONICS; ; ;","1","0","0","Tidak","L3"
"Q-10982-00","Spray Gun CSGLI2001 800cc; INGCO; ;","0","0","0","Tidak","-"
"O-15703-00","SPRING D=17X61-1.25 PITCH=10; PART NO :302681","0","0","0","Tidak","-"
"P-18435-00","Spring Sidearm Kit; Sanco; P/N : EP001287SP;","1","0","0","Tidak","E3"
"O-19255-00","Spring Tekan SS304 ID 10mm, OD 16mm, Tebal 3mm, Panjang 71.35mm; ; ;","0","0","0","Tidak","-"
"P-51782-00","SRV66 MAINTENANCE KIT 1"" 1.0-5.0 BAR; 6404999UA; ; ;","0","0","0","Tidak","-"
"T-12225-00","SSD 1TB WD Blue SA510 1,5 Inch; SATA; ;","0","0","0","Tidak","-"
"T-12105-00","SSD SP 256GB 2.5 Inch SATA","0","0","0","Tidak","-"
"T-12097-00","SSD VGEN 128GB 2.5"" SATA; ; ;","0","0","0","Tidak","-"
"P-51921-00","SSR RSO4890 Carlo Gavazzi","0","0","0","Tidak","-"
"O-19780-00","Stand Print Head Video Jet Uk. 1248 x 1165 mm Material SUS 304; Custom; ;","0","0","0","Tidak","-"
"T-80458-00","Stapler MAX HD - 50/50R","0","0","0","Tidak","-"
"O-15704-00","STATIC GASKET (DOOR GASKET) FOR MAIN CHAMBER ; KLENZAIDS","0","0","0","Tidak","-"
"O-15484-00","Static Gasket (Door gasket) for main chamber; ; ;","0","0","0","Tidak","-"
"P-17348-00","Steam Trap Ball Float DN40 Flange PN16 ARI","0","0","0","Tidak","-"
"P-51269-00","Stecker 3 phase 16A 5 PIN (male&female) type surface mounting","0","0","0","Tidak","-"
"P-13395-00","Steel Tool Box LRTBS7 Uk. 42 x 17.5 x 14 cm; KRISBOW: PN: 10224948; pack size per pcs","0","0","0","Tidak","-"
"O-54014-00","STEKER 1 PHASE, BROCO","20","2","6","Tidak","B-4"
"O-15706-00","STERILE FILTER FOR AIR; FA ;","0","0","0","Tidak","-"
"O-15705-00","STERILE FILTER(SARTOFLUOR 0.2 UM, CARTRIDGE 5UM)","0","0","0","Tidak","-"
"O-15708-00","STERILIZING CHAMBER HEATERS ; NO. 15 RIBBED HEATERS RCU - 1200W - 230VAC - 50/60HZ - MATERIAL: AISI 304; DIMENSION 75X20 MM;","0","0","0","Tidak","-"
"O-15669-00","STERILIZING CHAMBER HEATERS ;NO. 03 RIBBED HEATERS RCU - 1000W - 230VAC -50/60HZ MATERIAL AISI316/304, MECHANICAL DIMENSION:; LENGTH: 397 MM -CENTER DISTANCE: 50 MM HEATING BODY DIAMETER: 10 MM RIBBED DIAMETER: 22 MM;","5","2","4","Tidak","B-1"
"Q-10552-00","Stiker Kaca Sandblast","0","0","0","Tidak","-"
"Q-10683-00","Stiker Vinil A3","0","0","0","Tidak","-"
"P-13758-00","STILL RX 50-10C - Oil Rem","1","0","0","Tidak","L3"
"P-13759-00","STILL RX 50-10C - Wheel Brake Cyl","0","0","0","Tidak","-"
"Q-60406-00","Stone Coat Pernis pelapis batu alam; Golden Horse; Type Black Gloss ; 1 kg/can","1","0","0","Tidak","-"
"P-50740-00","Stop Kontak 3lubang 220 volt, 6A UTICON","0","0","0","Tidak","-"
"P-54199-00","Stop Kontak AC Kaki 3 Broco; Broco; ;","0","0","0","Tidak","-"
"P-54190-00","Stop Kontak IP55 16A; Legrand; ;","2","1","5","Tidak","B4"
"O-54015-00","STOP KONTAK LUBANG 4, BROCO","0","2","5","Tidak","-"
"P-50594-00","Stop Kontak-socket  / 1 Hole / 10-16A / 250V / Clipsal","24","0","0","Tidak","B-4"
"O-15715-00","STOPPERS VIBRATING BOWL BASE ; VIBRATING BASE D=290 220V-50HZ","0","0","0","Tidak","-"
"O-15716-00","STOPPERS VIBRATING CHUTE BASE ; LINEAR FEEDER 220V-50HZ SERIAL NO. 09375","0","0","0","Tidak","-"
"O-15717-00","STOPPERS VIBRATING HOPPER BASE ; VIBRATING HOPPER 18/20 LIT BASE","0","0","0","Tidak","-"
"P-14953-00","Straight Reducer KQ2H04-06A; ; ;","6","3","6","Tidak","-"
"P-14954-00","Straight Reducer KQ2H06-08A; ; ;","6","3","6","Tidak","-"
"P-14955-00","Straight Union KQ2H04-00A; ; ;","6","3","6","Tidak","M3"
"P-14957-00","Straight Union KQ2H08-00A","10","3","6","Tidak","M3"
"P-16974-00","Strainer KITZ 1 1/2"" BRASS; ; ;","0","0","0","Tidak","-"
"P-16975-00","Strainer KITZ 1 1/4"" BRASS; ; ;","0","0","0","Tidak","-"
"O-20292-00","Strainer Machine - Strainer Crabs CR4 Capping 18X20 mm Custom/Lokal","0","0","0","Tidak","-"
"O-15902-00","Suction Cup capping size 6R; P/N : 011010; ; ;","107","6","32","Tidak","A-1-4A"
"Q-70085-00","Super Wire Stripper; Kennedy; KEN5147970K; pack size per pcs","0","0","0","Tidak","-"
"P-51855-00","Switch Accessory SA-SB1 Autonics","1","0","0","Tidak","E-2-1C"
"P-54174-00","Switch Hub SF95D-16 Cisco","0","0","0","Tidak","-"
"P-51896-00","Switch Lamp Hijau 220 VAC","0","0","0","Tidak","-"
"P-52001-00","Switch Lamp Merah 220 VAC; ; ;","0","1","3","Tidak","-"
"T-20715-00","SYRINGE, 250 ML. WISP. WATERS; WATERS; PN: WAT073109; PCS","0","0","0","Tidak","-"
"O-21611-00","Tabletting S250W - Cover Punch Hidrolik OD.30xID.20x54mm, Mat. Silicon Biru; Custom/Lokal; -; 1 Pc","0","0","0","Tidak","-"
"Q-10825-00","Tali Karet Ban;No Brand;;pack size per pcs","0","0","0","Tidak","-"
"Q-10633-00","Tali Tambang","0","0","0","Tidak","-"
"Q-70160-00","Tali Webbing 4mm; Lokal; ; 50 meter/rol","0","0","0","Tidak","-"
"Q-70239-00","Tang Buaya Bengkok 10 Inch (Curved Jaw); Tekiro; PL-LG0770; pc","0","0","0","Tidak","-"
"Q-70201-00","Tang Kombinasi / Linesman Pliers Uk 7 inch; Tekiro; PL-LM0758; pc","0","0","0","Tidak","-"
"Q-70039-00","Tang Lancip Uk. 6 inch (Long Plier Nose);Tekiro;CN: PL-LN0760;pack size per pcs","0","0","0","Tidak","-"
"Q-70178-00","Tang Potong Uk. 5 Inch; SATA; CN: 05522; pc","0","0","0","Tidak","-"
"Q-70040-00","Tang Potong ukuran 6 inch, Merk : Tekiro; ; ;","0","0","0","Tidak","-"
"Q-70240-00","Tang Riveter Nut / Hand Rivet Nut Tool Set; ; ; 1 set (1 unit Nut Riveter + 110 pcs Nutsert (M3?M12))","0","0","0","Tidak","-"
"O-19687-00","Tapper Bush Uk. 1108x16 mm; Lokal; ;","0","0","0","Tidak","-"
"P-17659-00","Tarikan Laci Bulat SS","0","0","0","Tidak","-"
"P-13495-00","Tee Conection Thread SS304 3/4 inch; ; ;","0","0","0","Tidak","-"
"P-17497-00","Tee Drat 1 inch + Vlog Ring Brass 1 x 3/4inch","0","0","0","Tidak","-"
"P-14764-00","Tee PVC 4"" Rucika","0","0","0","Tidak","-"
"P-17399-00","Tee PVC AW 1 inch x 1/2 inch","0","0","0","Tidak","-"
"P-17862-00","Tee PVC AW dia 1 1/4inch x 1 1/2inch","0","0","0","Tidak","-"
"P-17681-00","Tee PVC AW dia 2 inch x 1 inch","0","0","0","Tidak","-"
"P-12883-00","Tee PVC AW General - Tee PVC AW dia 1/2inch X 1/2inch; Rucika; -; 1 pcs","10","5","10","Tidak","-"
"P-15766-00","Tee PVC dia. 1 1/2""","10","5","10","Tidak","-"
"P-14434-00","Tee Sanitary Expanding (long) SS 316 L Dia 1"" - Sodime; ; ;","0","0","0","Tidak","-"
"P-18274-00","Tee SS 304 Sch 10 welded dia 4 inch","0","0","0","Tidak","-"
"P-12888-00","Tee SS 304 screw dia 1/2inch","0","0","0","Tidak","-"
"P-13251-00","Tee SS 304 welded dia 1/2inch","0","0","0","Tidak","-"
"P-13649-00","Tee SS 304 welded dia 3/4 inch","0","0","0","Tidak","-"
"P-12889-00","Tee SS 316L 1inch x 1inch","0","0","0","Tidak","-"
"P-52964-00","Temperatur Control Continuous Sealer FRB-700; MC; TEQD-2301B;","0","0","0","Tidak","-"
"O-15919-00","Temperature control Module PUM-A, MODEL PUMATCC1-0BY71; ; ;","0","0","0","Tidak","-"
"P-51780-00","Temperature Controller type E5CN; Merk Omron; ;","0","0","0","Tidak","-"
"P-51779-00","Temperature Loop Controller; Type : 16C-3; Output : Relay; Mfg : Dwyer; ; ;","0","0","0","Tidak","-"
"O-15720-00","TEMPERATURE PROBE ; JUMO; MODEL PT100 SINGLE ELEMENT, 3 WIRES, DIAMETER 3MM, LENGTH 250MM; PART NO :25597","0","1","2","Tidak","-"
"O-15722-00","TEMPERATURE PROBE ;JUMO ; PT100 SINGLE ELEMENT, 3 WIRES, DIAMETER 3MM,; LENGTH 250MM; RANGE -200/600?C; MATERIAL: AISI321 (1.4541); PRECISION CLASS A (IEC751-2008); SILICONE CABLE LENGTH 10M","0","1","2","Tidak","-"
"O-51747-00","TEMPERATURE PROBE ;PRODUCT ; TE2/TE2R ;","0","1","2","Tidak","-"
"O-15719-00","TEMPERATURE PROBE JUMO ; MODEL PT100 SINGLE ELEMENT, 6 WIRES, DIAMETER 3MM, LENGTH 100MM; PART NO :25596","0","1","2","Tidak","-"
"O-51703-00","TEMPERATURE PROBE JUMO PT100 DOUBLE ELEMENTS, 6 WIRES, DIAMETER 3MM; LENGTH 350MM; RANGE -50/600?C; PRECISION CLASS A (IEC751-2008); PART NO :25595; SILICONE CABLE LENGTH 10M; SHEET NO. 393-04 (TE31) 393-03 (TE32)","0","1","2","Tidak","-"
"O-51822-00","Temperature probe model PT100 double element; double elements, 6 wires,diameter 3mm, length 350mm. M; ; ;","1","0","0","Tidak","C2"
"O-51817-00","Temperature probe model PT100; double elements, 6 wires,diameter 3mm, length 100mm.Total silicone ca; ; ;","2","0","0","Tidak","C-2-8A"
"O-15905-00","Temperature probe model PT100; single element, 3 wires diameter 3mm, length 250mm, Total silicone ca; ; ;","1","1","1","Tidak","C2"
"O-15723-00","TEMPERATURE PROBE PT100 DOUBLE ELEMENTS, 6 WIRES, DIAMETER 3MM,
 LENGTH 100MM; RANGE -50/600?C;MATERIAL: AISI321 (1.4541); PRECISION CLASS A (IEC751-2008); SILICONE CABLE LENGTH 10M","0","1","2","Tidak","-"
"O-15721-00","TEMPERATURE PROBE(PT100, DIN 43760, 316 SS, 316 SS, TEFLON, AWG #26, CLASS:A)","0","0","0","Tidak","-"
"O-54016-00","TEMPERATURE SENSOR ; JUMO, 1XPT 100, TEMP 0-150C","0","0","0","Tidak","-"
"O-52278-00","Temperature Sensor PT100, 4 wire, class AA, Simplex, c/w 10m silicon cable RAC241-S-10-PN Radix; ; ;","0","0","0","Tidak","-"
"P-15865-00","TEMPERATURE SENSOR,JUMO, 1XPT 100, TEMP 0-150C","0","0","0","Tidak","-"
"P-52079-00","Temperature Tranducer For Flow Meter Ultrasonic SHM","0","0","0","Tidak","-"
"P-51295-00","Terminal blok kuningan 4 pin 600V25A","0","0","0","Tidak","-"
"P-51296-00","Terminal blok kuningan 6 pin 600 v 25A","0","0","0","Tidak","-"
"P-51704-00","Terminal Krustin 6 Terminal; ; ;","10","2","4","Tidak","-"
"P-16970-00","Terminal viking uk. 2,5 mm; ; ;","0","0","0","Tidak","-"
"P-13367-00","TGK330 Temperature Sensor; Regin Control; ;","1","0","0","Tidak","F-1"
"P-12898-00","Thermaflex lembaran uk. 1.5x1mtr tebal 1inch","2","0","0","Tidak","Sparepart"
"T-12311-00","Thermal Paste for Processor/CPU; ; ;","0","0","0","Tidak","-"
"O-54128-00","Thermocouple 4 Channel 4 HTI HT-9815; Lokal; ;","0","0","0","Tidak","-"
"O-53022-00","Thermocouple Type K Model Ring Dia 5mm Panjang 1 Meter0621043003","0","0","0","Tidak","-"
"P-52214-00","Thermocouple Type PT100 dia. 6x1200mm","0","0","0","Tidak","-"
"P-17560-00","Thermodynamic Steam Trap 1/2 inch connection : Screwed BSP","0","0","0","Tidak","-"
"P-52422-00","Thermostat 0 - 100 derajat C","0","0","0","Tidak","-"
"O-52263-00","Thermostate Analog 30-110C 220VAC","0","0","0","Tidak","-"
"Q-10042-00","Thiner Epoxy @ 1 galon","0","0","0","Tidak","-"
"Q-10128-00","Thinner Super End/Impala @ 1 Liter","3","3","10","Tidak","Flammable"
"P-13502-00","Thread pipa SUS304 3/4 inch","0","0","0","Tidak","-"
"P-15866-00","THREAD SEALANT, LOCTITE 554","0","0","1","Tidak","-"
"P-15867-00","THREAD SEALANT, LOCTITE, 243 MEDIUM STRENGTH","0","0","1","Tidak","-"
"P-17051-00","Threading Pipe SS304 1/2""; ; ;","0","0","0","Tidak","-"
"P-13421-00","Tig Torch Medium Back Cap WP 9/20 Size : Long; ; ;","0","0","0","Tidak","-"
"P-13422-00","Tig Torch Medium Back Cap WP 9/20 Size : Medium","0","0","0","Tidak","-"
"P-13423-00","Tig Torch Short Back Cap WP9/20 Size : Short","0","0","0","Tidak","-"
"P-13426-00","Tig Welder Torch Collet Body Size : 1,6mm; ; ;","0","0","0","Tidak","-"
"P-13425-00","Tig Welder Torch Collet Body Size : 2,4mm; ; ;","0","0","0","Tidak","-"
"P-13428-00","Tig Welder Torch Collet Size : 1,6mm; ; ;","0","0","0","Tidak","-"
"P-13427-00","Tig Welder Torch Collet Size : 2,4mm; ; ;","0","0","0","Tidak","-"
"P-13420-00","Tig Welder Torch No.5 Ceramic 5/16 Bore Size : no.5; ; ;","0","0","0","Tidak","-"
"Q-10493-00","Tile Grout AM 53","0","0","0","Tidak","-"
"Q-10284-00","Tile Grout AM 54; ; ;","0","0","0","Tidak","-"
"P-51302-00","Timah Solder dia 1 mm","1","0","0","Tidak","N3"
"P-51740-00","Timer + Socket Omron 43BA-A8 220 VAC; ; ;","0","0","0","Tidak","-"
"O-16187-00","Timing Belt Lbr. 55mm Pjg Keliling 420mm; ; ;","0","0","0","Tidak","-"
"P-17387-00","Timming Belt 300L 025 Optibelt","0","0","0","Tidak","-"
"T-80708-00","Tinta HP 955 Black; HP; N9H85A;","0","0","0","Tidak","-"
"T-80709-00","Tinta HP 955 Cyan; HP; H9H73A;","0","0","0","Tidak","-"
"T-80710-00","Tinta HP 955 Magenta; HP; N9H77A;","0","0","0","Tidak","-"
"T-80711-00","Tinta HP 955 Yellow; HP; N9H81A;","0","0","0","Tidak","-"
"P-51739-00","TOR Schneider LRD05 0,63 - 1,0 A; ; ;","1","1","1","Tidak","H-3-4"
"Q-10134-00","TOTO - Jet Shower spray TX 403S","4","1","10","Tidak","L3"
"Q-10136-00","TOTO - Kran T23BQ13N","0","1","2","Tidak","-"
"Q-10130-00","TOTO - Kran Wastafel Faucet TX 126 LE","0","0","0","Tidak","-"
"Q-10549-00","TOTO - Piston Flush Valve Closet Type T150NL / TV150NSJ","0","0","0","Tidak","-"
"O-52387-00","Transmitters For Temperature Pt100 4W -20 s/d +160 degC (4 - 20mA) 70IPLPFED1 IPAQ-L PLUS","0","0","0","Tidak","-"
"O-51816-00","Trasmitter for temperature probe HC2-xxx-EX; 64938; ; ;","0","0","0","Tidak","-"
"P-51310-00","Travo 3A 220V-24V","0","0","0","Tidak","-"
"P-51311-00","Travo 5A Out : 12,18,24,32 VAC","0","0","0","Tidak","-"
"P-11356-00","Trolly - Roda ABUS 4inch (100 x 27mm), Without Brake; No Brand; -; 1 pc","3","1","3","Tidak","-"
"T-25092-00","TSF Battery without Activator for TrackSense Frigo35900061","0","0","0","Tidak","-"
"P-19236-00","Tubing Nylon 12mm x 9mm @100 m/Roll; SHPI Taiwan; ;","1","0","0","Tidak","J4"
"O-12736-00","Tubing Polyurethane TU0425 Clear; ; ;","0","0","0","Tidak","-"
"O-12732-00","Tubing Polyurethane TU1208 Clear; SMC; Part No. X3; roll","0","0","0","Tidak","-"
"P-13419-00","Tungsten tig weld Size : 2,4mm; ; ;","0","0","0","Tidak","-"
"O-53480-00","Tunnel ST1L - Amplifier PNP for Optical Fiber 12-24 VDC; Omron; E3XNA41; ; ; 1 Pc","1","1","2","Tidak","-"
"O-18348-00","Tunnel ST1L - Connections AISI 304 - 1/8 Inch for Tunnel Inflatable Gasket Substitution Dia. Tube 6; ; ;","2","1","1","Tidak","B-1-1B"
"O-53510-00","Tunnel ST1L - Finned Heater U Form Dia 11x520mm 230V-1200W; Custom/Lokal; -; 1 Pc","1","2","13","Tidak","-"
"O-52224-00","Tunnel ST1L - Fuse Keramik 22x58 40A 200kA; ; ;","6","3","6","Tidak","B-3-5"
"O-52225-00","Tunnel ST1L - Fuse Keramik 25A","1","0","0","Tidak","B-3-4B"
"O-53195-00","Tunnel ST1L - Heater for Tight Door 500W-230V Stainless H 60mm L 455mm T 5mm Cable L 2m; Steriline; 6763; 1 pc","1","1","3","Tidak","B-2"
"O-53196-00","Tunnel ST1L - Heating Element 75W-230Vac D 10mm L 120mm Gkass Fiber Cable 400C 2.5m; Steriline; 4462; 1 pc","1","1","1","Tidak","B-2-6"
"O-53476-00","Tunnel ST1L - High Precision Optical Fiber; Omron; E32T61S5M; ; ; 1 Pc","1","1","1","Tidak","-"
"O-18346-00","Tunnel ST1L - Junction (15x15mm L=23,5mm) CA system Tight Door; ; ;","3","1","1","Tidak","B-1-1A"
"O-53477-00","Tunnel ST1L - Lens For Optic Fibers; Omron; E39F1; ; ; 1 Pc","1","1","1","Tidak","-"
"O-18445-00","Tunnel ST1L - Oufeed Guide POM White","0","0","0","Tidak","-"
"O-52241-00","Tunnel ST1L - Potensio 10K; ; ;","1","0","0","Tidak","B3"
"O-16943-00","Tunnel ST1L - Potentiometer Model 10K 3turns P/n: 3757; ; ;","7","2","5","Tidak","B3"
"O-53334-00","Tunnel ST1L - RIBBED HEATERS RCU 1200W 230VAC 50/60HZ; Steriline; 4561; 1 Pc","0","2","5","Tidak","-"
"O-18347-00","Tunnel ST1L - Silicone Inflatable Gasket AIRMATIC AIR 1055 MVQ Centre length:1312 mm; ; ;","2","1","1","Tidak","B-1"
"O-21374-00","Tunnel ST1L - Socket Star Aktuator 14x11; -; -;","2","0","0","Tidak","-"
"Q-10487-00","Tutup Wastafel TOTO; ; ;","0","0","0","Tidak","-"
"P-51903-00","UHI Band Heater dia.100x250 mm 220V-1000W","0","0","0","Tidak","-"
"O-54036-00","UHI catridge heater dia.12x100mm, 220V-300W; ; ;","0","0","0","Tidak","-"
"P-51760-00","UHI FINNED HEATER W FORM; DIA. 11X260X140MM; Power : 1,5KW - 240V; ; ;","0","0","0","Tidak","-"
"O-51912-00","UHI RTD PT100 OHM Dia. 4,5X135mm, Duplex 2x4 wire, SS316L,PT100 Class A; ; ;","0","0","0","Tidak","-"
"T-20449-00","Universal Ultra Inert Liner, low pressure drop, glass wool; Agilent; Part No. 5190-3165; 5 pcs per pack","0","0","0","Tidak","-"
"O-19145-00","UPS Riello - Type Sentinel Pro SEP2200 Capacity : 2.2 KVA; ; ;","0","0","0","Tidak","-"
"O-52561-00","UPS Type I Plug IPG800, Capacity 800 VA; Riello; ;","0","0","0","Tidak","-"
"P-52080-00","USB Adapter Wifi Wireless TP LINK WN725N","0","0","0","Tidak","-"
"P-52710-00","USB Extension Cable Waterproof IP6; ; ;","1","0","0","Tidak","E2"
"T-12301-00","USB HUB 4 Port 3.0.2.0 High Speed Power Adapter OTG - CHM 2.0 0,5m; Vention; ;","0","0","0","Tidak","-"
"P-51313-00","UTICON - Stop kontak 4 lubang 16-25 V","0","2","5","Tidak","-"
"O-54018-00","UV DEVICE ; REMOVAL OF OZONE; HANOVIA UV; Pharma Line SD55; ID : S203-001","0","0","0","Tidak","-"
"T-25577-00","UV LAMP FOR M500 TOC Analyzer; Sievers; TOC M500; 1 pc","0","0","0","Tidak","-"
"P-54181-00","UV lamp for TOC Sievers M500; TOC Sievers; ; pack size per pc","0","0","0","Tidak","-"
"O-52497-00","UV Lamp SUEZ P/N: CARK 35010-01","0","0","0","Tidak","-"
"P-53181-00","UV Sensor Hanovia UV System; HANOVIA; p/n 270264040;","0","0","0","Tidak","-"
"P-14906-00","UV Sensor Housing Hanovia UV System; HANOVIA; p/n 270264043;","0","0","0","Tidak","-"
"P-12930-00","V-trap PVC uk. 2inch","0","0","0","Tidak","-"
"P-13760-00","V-trap PVC uk. 4 inch","1","0","0","Tidak","L2"
"O-15725-00","VACUUM CLAMP DAN BLIND 3/4 + GASKET","0","0","0","Tidak","-"
"O-15726-00","VACUUM KIT SEAL; part number KK000315","0","0","0","Tidak","-"
"O-15727-00","VACUUM LEVEL SWITCH ; Vuototecnica ;
 DIGITAL VACUUM LEVEL SWITCH Code: 120511/P","0","1","2","Tidak","-"
"P-54186-00","Vacuum Pump 1HP 220V 12CFM; Value; ;","0","0","0","Tidak","-"
"P-52865-00","Vacuum Pump 2 Stage 8,9 Cfm (252 liter/menit), 220V; Tasco; Type : TA150XL;","0","0","0","Tidak","-"
"P-52903-00","Vacuum Pump LiquidRing 1,1kW 1,5HP; ROTOR; CDF 120-0;","0","0","0","Tidak","-"
"O-15728-00","VACUUM PUMP WATER LINE FILTER; F4 ;","0","0","0","Tidak","-"
"O-15710-00","VACUUM VALVE; MAC; 55B-24-PE-611-JB","0","0","0","Tidak","-"
"P-52160-00","Valve Actuator 1000N Stroke 20mm Siemens Type : SKD60","0","0","0","Tidak","-"
"O-14022-00","Valve Base SV-3-M5 Festo FESTO P/N : -  pc","1","0","0","Tidak","-"
"P-10266-00","Valve Bellows sealed globe valve BSA 1/BSA 1T PN 16 size 80mm","1","0","0","Tidak","H1"
"P-18027-00","Valve Lockout Tagout Kit : With Loto Tag Cable Hasp Ball,Gate Valve; ; ;","0","0","0","Tidak","-"
"P-13773-00","Valve PN16 DN25 for Actuator SQS65 Siemens; ; ;","0","0","0","Tidak","-"
"O-15729-00","VALVES AND CYLINDERS ACTUATORS ; SMC ; COMPACT BATTERY WITH NO. 9 VALVES N.C. 24VDC","0","0","0","Tidak","-"
"P-18278-00","Van Belt SPZ 1500 LW Mitshuboshi","0","0","0","Tidak","-"
"O-15730-00","VENT FILTER CARTRIDGE ; MILLIPORE ;
 OPTISEAL CATRIDGE FILTER : LAGR04TP6 ;0.2 ?m","0","0","0","Tidak","-"
"P-16971-00","Vent Filter Feed Water Tank; KA1V002PV1; KP 1 Emflon II Capsule 0.2 m; KLEENPAK; ; ;","0","0","0","Tidak","-"
"O-19039-00","Vent Filter Feed Water Tank; KA1V002PV3; KP 1 Emflon II Capsule 0.2 m; KLEENPAK; PALL; ;","3","0","0","Tidak","E-3"
"P-16972-00","Vent Filter HE Press 6.5 bar, temp. 40C ; Brand : NOVASIP ( PALL ) ; P/N : C3PFRPI , IT09556493 ; Pack Size : pcs","2","2","3","Tidak","F-1"
"P-15871-00","VENT FILTER, KLEENPAK, 0.2 ?M,","0","0","0","Tidak","-"
"P-15869-00","VENT FILTER, PALL, NOVASIP C3 PFRP1 FILTER CAPSULE","0","0","0","Tidak","-"
"P-15868-00","VENT FILTER, TEFTEC 0,2-5 P7S","0","0","0","Tidak","-"
"P-15870-00","VENT FILTER, TEFTEC, TEFTEC 0,2-10 P7S","0","0","0","Tidak","-"
"O-52882-00","Video Jet - Sensor C2DM-11N; ; ;","1","0","0","Tidak","A-3-7C"
"O-21155-00","Videojet - Gutter Pump; Videojet; 399-171; 1 Pc","1","0","0","Tidak","R-3-15"
"T-22394-00","Vision Sensor Monitor USB Memory Stick (1GB); Keyence; OP-87502; pieces","0","0","0","Tidak","-"
"P-19237-00","Vlok Ring SS 304 1"" x 3/8 ""; ; ;","0","0","0","Tidak","-"
"O-19784-00","Wadah Vial 6 R Uk. 48x 115x 285 Material Akrilik; Custom; ;","0","0","0","Tidak","-"
"O-51309-00","WAGO 750-333 I/O SYSTEM PROFIBUS DP/FMS-12 MBAUD-DPV1-COUPL","1","1","1","Tidak","B-4"
"O-51770-00","WAGO 750-602 SUPPLY MODULE STD PACK; ; ;","1","0","0","Tidak","A3"
"O-52240-00","WAGO 750-623 Supply Modul Input 5-15 V","1","1","2","Tidak","B-3-6D"
"O-51874-00","Wall Mount Probe With 140 mm Probe Length, Model : HC2-SM-EX; ; ;","0","0","1","Tidak","-"
"Q-10863-00","Wallmount Indorack WR5004S 4U 500MM Singel Door Rack Server","0","0","0","Tidak","-"
"P-14910-00","Washable Filter (G4), Type C 15 - 500, Average arrestance 97%, Rec. Final resistance 250 Pa, Size 2 x 20 m; IAF; ;","0","0","0","Tidak","-"
"P-14907-00","Washable Filter (G4), Type C 15 - 500, c/w Aluminium Frame, Average arrestance 97%, Rec. Final resistance 250 Pa, Size 20x 20x 2 ; IAF; ;","0","0","0","Tidak","-"
"P-13552-00","Washable filter G4 c/w Galvanized frame Avegare arrestance : 94% Rec. Final Resistance : 250 Pa.; ; Size : 49 x 59 x 4 cm;","0","0","0","Tidak","-"
"O-21443-00","Washing RAR4 - Ball Valve SS304 Ferrule End Size 1 Inch; -; -; 1 Pc","1","0","0","Tidak","S-2-7"
"O-21455-00","Washing RAR4 - Ball Valve SS304 Ferrule End Size 3/4 Inch; -; -; 1 Pc","2","0","0","Tidak","S-2-7"
"O-53133-00","Washing RAR4 - Cable; Steriline; EC RD1A M12F8; 1 Pc","0","0","0","Tidak","-"
"O-21151-00","Washing RAR4 - Compact Cylinder ADN-20-25-I-P-A; Festo; 536246; 1 Pc","1","0","0","Tidak","-"
"O-21435-00","Washing RAR4 - Drain Tunnel Washing Ukuran 100x1885mm, Mat. SUS304; Custom/Lokal; -; 1 Pc","1","0","0","Tidak","-"
"O-20093-00","Washing RAR4 - Dudukan Selang WFI Washing 20x45x35; Custom/Lokal; ; 1 Pc","0","0","0","Tidak","-"
"O-19340-00","Washing RAR4 - Guide Rell Outfeed, Machining Plate Material Pom Putih; ; ;","1","1","1","Tidak","-"
"O-19373-00","Washing RAR4 - Guide Vial Turn Table, OD.161mm x tebal 12mm, Material Nylon; ; ;","1","1","1","Tidak","-"
"O-53134-00","Washing RAR4 - IF92 Programing box with USB connection; Steriline; ; 1 Pc","0","0","0","Tidak","-"
"O-20857-00","Washing RAR4 - Needle CA, OD 15 x 168 mm, Mat. SS316; Custom/Lokal; -; 1 Pc","2","1","3","Tidak","-"
"O-19372-00","Washing RAR4 - Needle PW, OD.15mmx123mm, Material SS 319; ; ;","0","1","1","Tidak","-"
"O-17832-00","Washing RAR4 - Outfeed Teflon Left; ; ;","1","0","0","Tidak","-"
"O-17833-00","Washing RAR4 - Outfeed Teflon Right; ; ;","1","0","0","Tidak","-"
"O-19342-00","Washing RAR4 - Pendorong Pusher Outfeed, Machining Plate Material Pom Putih; ; ;","1","1","1","Tidak","-"
"O-17068-00","Washing RAR4 - Pincers Jaws 4 Positions 10R Vial Neck d=15.5 HARRISA CIPTARINDO ENGINEERING, CV. P/N : -  pc","19","10","20","Tidak","A-1-3D"
"O-17069-00","Washing RAR4 - Pincers Jaws for Vial 20mL & 25mL HARRISA CIPTARINDO ENGINEERING, CV. P/N : -  pc","20","10","20","Tidak","-"
"O-17070-00","Washing RAR4 - Pincers Jaws for Vial 50mL","12","10","20","Tidak","A2"
"O-17071-00","Washing RAR4 - Pincers Jaws for Vial 6mL HARRISA CIPTARINDO ENGINEERING, CV. P/N : -  pc","20","10","20","Tidak","A-1-8B"
"O-20094-00","Washing RAR4 - Plate Washing Spraying 166x20mm,; Custom/Lokal; ; 1 Pc","1","0","0","Tidak","-"
"O-16281-00","Washing RAR4 - Pusher Guide; ; ;","0","0","0","Tidak","-"
"O-17067-00","Washing RAR4 - Rotating Pincer Pneumatic Clyinder With Protective Cap P/n: 12636","0","0","0","Tidak","-"
"O-19341-00","Washing RAR4 - Set Giude Rell Outfeed, Machining Plate Material Pom Putih; ; ;","1","1","1","Tidak","-"
"O-21473-00","Washing RAR4 - Shaft Pusher Washing Ukuran 10 x 14 x 52 mm, Mat. SUS304; Custom/Lokal; -; 1 Pc","0","0","0","Tidak","-"
"O-21032-00","Washing RAR4 - Steel Ball / Gotri 2.5mm; -; -; 1 pck = 100pc","2","1","2","Tidak","R-3-12"
"O-16756-00","Washing RAR4 - Tamper Resistant Screw IBNP5-10","0","0","0","Tidak","-"
"O-20231-00","Washing RAV4 - Base Black Arm Mat. VCN; Custom/Lokal; -; 1 Pc","1","1","2","Tidak","-"
"O-20230-00","Washing RAV4 - Black Arm Mat. SUS 304; Custom/Lokal; -; 1 Pc","2","2","4","Tidak","-"
"O-19783-00","Washing RAV4 - Strainer Drain Recycle Tank Uk 32 x 30 Material SUS 304; Custom; ;","1","0","0","Tidak","B-2-6"
"P-17679-00","Water Mur PVC DIA 1 1/2""; ; ; pcs","4","0","0","Tidak","-"
"P-12943-00","Water Mur PVC dia 1/2inch","0","0","0","Tidak","-"
"P-12942-00","Water Mur PVC dia 1inch","11","2","5","Tidak","-"
"P-12944-00","Water mur PVC dia 2inch","0","0","0","Tidak","-"
"P-12951-00","Water mur SS 304 dia 3/4inch","0","0","0","Tidak","-"
"O-18165-00","Water Spray Gun (1/4"") SG-1-01; PARKER; ;","0","0","0","Tidak","-"
"P-14928-00","Watermur 2"" SS 304; ; ;","0","0","0","Tidak","-"
"P-13387-00","Watermur Pvc 1"" Polos Rucika; ; ;","0","2","4","Tidak","-"
"Q-10525-00","Waterpass Magnet 9 inch; ; ;","0","0","0","Tidak","-"
"P-52082-00","Watt Meter (Pengukur Voltage,KWH dan Tegangan Arus Daya Listrik); ; ;","0","0","0","Tidak","-"
"T-12200-00","WD BLUE SSD 500GB 3D NAND SATA SSD; ; ;","0","0","0","Tidak","-"
"P-19221-00","Webbing Sling 1 Ton x 10 Mtr Lebar 30mm; Spanset; ;","0","0","0","Tidak","-"
"P-15945-00","WEDGE BELT OPTIBELT SPA 2082","2","0","0","Tidak","L3"
"O-15613-00","WEIGHING LOAD CELL WIPOTEC SL250/300-M-FS-9-29-34
WASHDOWN IP44 SERIAL NO. 00301;","0","0","1","Tidak","-"
"O-15734-00","WHEEL BEARING NATR 10 PP - INA; STERILINE: PART NO :200829","0","0","0","Tidak","-"
"P-13562-00","Y-Strainer Brass 1 inch; ; ;","0","0","0","Tidak","-"
"O-54103-00","Zelio Electromechanical Relays;RXM2AB2BD;Schneider","0","0","0","Tidak","-"
"O-51871-00","Zenner Barier Pepperl + Fuchs Type Z788.H P/N : 71972; ; ;","0","0","0","Tidak","-"